,,SKT0,SKT0,SKT0,SKT0,SKT0,SKT0,SKT0,SKT0,SKT0,SKT0,SKT0,SKT0,SKT0,SKT0,SKT0,SKT0,SKT0,SKT0,SKT0,SKT0,SKT0,SKT0,SKT0,SKT0,SKT0,SKT0,SKT0,SKT0,SKT0,SKT0,SKT0,SKT0,SKT0,SKT0,SKT0,SKT0,SKT0,SKT0,SKT0,SKT0,SKT0,SKT0,SKT0,SKT0,SKT0,SKT0,SKT0,SKT0,SKT0,SKT0,SKT0,SKT0,SKT0,SKT0,SKT0,SKT0,SKT0,SKT0,SKT0,SKT0,SKT0,SKT1,SKT1,SKT1,SKT1,SKT1,SKT1,SKT1,SKT1,SKT1,SKT1,SKT1,SKT1,SKT1,SKT1,SKT1,SKT1,SKT1,SKT1,SKT1,SKT1,SKT1,SKT1,SKT1,SKT1,SKT1,SKT1,SKT1,SKT1,SKT1,SKT1,SKT1,SKT1,SKT1,SKT1,SKT1,SKT1,SKT1,SKT1,SKT1,SKT1,SKT1,SKT1,SKT1,SKT1,SKT1,SKT1,SKT1,SKT1,SKT1,SKT1,SKT1,SKT1,SKT1,SKT1,SKT1,SKT1,SKT1,SKT1,SKT1,SKT1,SKT1,System,System,System,System,System,System,System
Date,Time,Ch0Read,Ch0Write,Ch0PMM_Read,Ch0PMM_Write,Ch1Read,Ch1Write,Ch1PMM_Read,Ch1PMM_Write,Ch2Read,Ch2Write,Ch2PMM_Read,Ch2PMM_Write,Ch3Read,Ch3Write,Ch3PMM_Read,Ch3PMM_Write,Ch4Read,Ch4Write,Ch4PMM_Read,Ch4PMM_Write,Ch5Read,Ch5Write,Ch5PMM_Read,Ch5PMM_Write,Mem Read (MB/s),Mem Write (MB/s),PMM_Read (MB/s), PMM_Write (MB/s),iMC0 NM read hit rate,iMC1 NM read hit rate,iMC2 NM read hit rate,iMC3 NM read hit rate,iMC4 NM read hit rate,iMC5 NM read hit rate,iMC6 NM read hit rate,iMC7 NM read hit rate,iMC8 NM read hit rate,iMC9 NM read hit rate,iMC10 NM read hit rate,iMC11 NM read hit rate,iMC12 NM read hit rate,iMC13 NM read hit rate,iMC14 NM read hit rate,iMC15 NM read hit rate,iMC16 NM read hit rate,iMC17 NM read hit rate,iMC18 NM read hit rate,iMC19 NM read hit rate,iMC20 NM read hit rate,iMC21 NM read hit rate,iMC22 NM read hit rate,iMC23 NM read hit rate,iMC24 NM read hit rate,iMC25 NM read hit rate,iMC26 NM read hit rate,iMC27 NM read hit rate,iMC28 NM read hit rate,iMC29 NM read hit rate,iMC30 NM read hit rate,iMC31 NM read hit rate,Memory (MB/s),Ch0Read,Ch0Write,Ch0PMM_Read,Ch0PMM_Write,Ch1Read,Ch1Write,Ch1PMM_Read,Ch1PMM_Write,Ch2Read,Ch2Write,Ch2PMM_Read,Ch2PMM_Write,Ch3Read,Ch3Write,Ch3PMM_Read,Ch3PMM_Write,Ch4Read,Ch4Write,Ch4PMM_Read,Ch4PMM_Write,Ch5Read,Ch5Write,Ch5PMM_Read,Ch5PMM_Write,Mem Read (MB/s),Mem Write (MB/s),PMM_Read (MB/s), PMM_Write (MB/s),iMC0 NM read hit rate,iMC1 NM read hit rate,iMC2 NM read hit rate,iMC3 NM read hit rate,iMC4 NM read hit rate,iMC5 NM read hit rate,iMC6 NM read hit rate,iMC7 NM read hit rate,iMC8 NM read hit rate,iMC9 NM read hit rate,iMC10 NM read hit rate,iMC11 NM read hit rate,iMC12 NM read hit rate,iMC13 NM read hit rate,iMC14 NM read hit rate,iMC15 NM read hit rate,iMC16 NM read hit rate,iMC17 NM read hit rate,iMC18 NM read hit rate,iMC19 NM read hit rate,iMC20 NM read hit rate,iMC21 NM read hit rate,iMC22 NM read hit rate,iMC23 NM read hit rate,iMC24 NM read hit rate,iMC25 NM read hit rate,iMC26 NM read hit rate,iMC27 NM read hit rate,iMC28 NM read hit rate,iMC29 NM read hit rate,iMC30 NM read hit rate,iMC31 NM read hit rate,Memory (MB/s),DRAMRead,DRAMWrite,PMMREAD,PMMWrite,Read,Write,Memory
2025-11-21,07:19:16.395,   19.86,   12.59,    0.00,    0.00,,,,,,,,,   41.18,   24.97,    0.00,    0.00,,,,,   81.04,   39.01,    0.00,    0.00,  142.08,   76.57,    0.00,    0.00,    0.98,    0.99,    0.00,    0.00,    0.00,    0.00,    0.00,    0.00,    0.00,    0.00,    0.00,    0.00,    0.00,    0.00,    0.00,    0.00,    0.00,    0.00,    0.00,    0.00,    0.00,    0.00,    0.00,    0.00,    0.00,    0.00,    0.00,    0.00,    0.00,    0.00,    0.00,    0.00,  218.65,    5.37,    8.36,    0.00,    0.00,,,,,,,,,    8.40,   14.40,    0.00,    0.00,,,,,   35.89,   55.29,    0.00,    0.00,   49.66,   78.06,    0.00,    0.00,    0.93,    0.98,    0.00,    0.00,    0.00,    0.00,    0.00,    0.00,    0.00,    0.00,    0.00,    0.00,    0.00,    0.00,    0.00,    0.00,    0.00,    0.00,    0.00,    0.00,    0.00,    0.00,    0.00,    0.00,    0.00,    0.00,    0.00,    0.00,    0.00,    0.00,    0.00,    0.00,  127.71,    191.73,    154.63,      0.00,      0.00,    191.73,    154.63,    346.36
2025-11-21,07:19:16.895,   17.61,   10.58,    0.00,    0.00,,,,,,,,,   35.56,   20.03,    0.00,    0.00,,,,,   65.52,   22.38,    0.00,    0.00,  118.69,   53.00,    0.00,    0.00,    0.98,    0.99,    0.00,    0.00,    0.00,    0.00,    0.00,    0.00,    0.00,    0.00,    0.00,    0.00,    0.00,    0.00,    0.00,    0.00,    0.00,    0.00,    0.00,    0.00,    0.00,    0.00,    0.00,    0.00,    0.00,    0.00,    0.00,    0.00,    0.00,    0.00,    0.00,    0.00,  171.70,    3.61,    5.45,    0.00,    0.00,,,,,,,,,    4.34,    6.28,    0.00,    0.00,,,,,    6.05,    8.37,    0.00,    0.00,   14.00,   20.10,    0.00,    0.00,    0.90,    0.93,    0.00,    0.00,    0.00,    0.00,    0.00,    0.00,    0.00,    0.00,    0.00,    0.00,    0.00,    0.00,    0.00,    0.00,    0.00,    0.00,    0.00,    0.00,    0.00,    0.00,    0.00,    0.00,    0.00,    0.00,    0.00,    0.00,    0.00,    0.00,    0.00,    0.00,   34.10,    132.69,     73.10,      0.00,      0.00,    132.69,     73.10,    205.79
2025-11-21,07:19:17.395,   21.02,   12.30,    0.00,    0.00,,,,,,,,,   43.40,   23.84,    0.00,    0.00,,,,,  118.45,   59.40,    0.00,    0.00,  182.86,   95.54,    0.00,    0.00,    0.98,    1.00,    0.00,    0.00,    0.00,    0.00,    0.00,    0.00,    0.00,    0.00,    0.00,    0.00,    0.00,    0.00,    0.00,    0.00,    0.00,    0.00,    0.00,    0.00,    0.00,    0.00,    0.00,    0.00,    0.00,    0.00,    0.00,    0.00,    0.00,    0.00,    0.00,    0.00,  278.41,    3.65,    6.23,    0.00,    0.00,,,,,,,,,    4.72,    7.66,    0.00,    0.00,,,,,    8.11,   10.36,    0.00,    0.00,   16.48,   24.25,    0.00,    0.00,    0.90,    0.94,    0.00,    0.00,    0.00,    0.00,    0.00,    0.00,    0.00,    0.00,    0.00,    0.00,    0.00,    0.00,    0.00,    0.00,    0.00,    0.00,    0.00,    0.00,    0.00,    0.00,    0.00,    0.00,    0.00,    0.00,    0.00,    0.00,    0.00,    0.00,    0.00,    0.00,   40.72,    199.34,    119.79,      0.00,      0.00,    199.34,    119.79,    319.13
2025-11-21,07:19:17.895,   17.74,   10.51,    0.00,    0.00,,,,,,,,,   37.25,   19.13,    0.00,    0.00,,,,,   67.01,   25.87,    0.00,    0.00,  121.99,   55.52,    0.00,    0.00,    0.98,    0.99,    0.00,    0.00,    0.00,    0.00,    0.00,    0.00,    0.00,    0.00,    0.00,    0.00,    0.00,    0.00,    0.00,    0.00,    0.00,    0.00,    0.00,    0.00,    0.00,    0.00,    0.00,    0.00,    0.00,    0.00,    0.00,    0.00,    0.00,    0.00,    0.00,    0.00,  177.51,    7.33,    9.37,    0.00,    0.00,,,,,,,,,   15.11,   17.58,    0.00,    0.00,,,,,   23.59,   26.76,    0.00,    0.00,   46.02,   53.71,    0.00,    0.00,    0.95,    0.98,    0.00,    0.00,    0.00,    0.00,    0.00,    0.00,    0.00,    0.00,    0.00,    0.00,    0.00,    0.00,    0.00,    0.00,    0.00,    0.00,    0.00,    0.00,    0.00,    0.00,    0.00,    0.00,    0.00,    0.00,    0.00,    0.00,    0.00,    0.00,    0.00,    0.00,   99.73,    168.02,    109.22,      0.00,      0.00,    168.02,    109.22,    277.24
2025-11-21,07:19:18.396,   17.24,   10.02,    0.00,    0.00,,,,,,,,,   35.60,   17.99,    0.00,    0.00,,,,,   62.46,   20.12,    0.00,    0.00,  115.30,   48.13,    0.00,    0.00,    0.98,    0.99,    0.00,    0.00,    0.00,    0.00,    0.00,    0.00,    0.00,    0.00,    0.00,    0.00,    0.00,    0.00,    0.00,    0.00,    0.00,    0.00,    0.00,    0.00,    0.00,    0.00,    0.00,    0.00,    0.00,    0.00,    0.00,    0.00,    0.00,    0.00,    0.00,    0.00,  163.42,    2.47,    4.16,    0.00,    0.00,,,,,,,,,    2.93,    5.42,    0.00,    0.00,,,,,    4.35,    8.09,    0.00,    0.00,    9.76,   17.66,    0.00,    0.00,    0.84,    0.90,    0.00,    0.00,    0.00,    0.00,    0.00,    0.00,    0.00,    0.00,    0.00,    0.00,    0.00,    0.00,    0.00,    0.00,    0.00,    0.00,    0.00,    0.00,    0.00,    0.00,    0.00,    0.00,    0.00,    0.00,    0.00,    0.00,    0.00,    0.00,    0.00,    0.00,   27.42,    125.06,     65.79,      0.00,      0.00,    125.06,     65.79,    190.85
2025-11-21,07:19:18.895,   18.99,   11.38,    0.00,    0.00,    0.00,    0.00,    0.00,    0.00,,,,,   38.08,   21.44,    0.00,    0.00,,,,,   64.16,   24.59,    0.00,    0.00,  121.23,   57.40,    0.00,    0.00,    0.98,    0.99,    0.00,    0.00,    0.00,    0.00,    0.00,    0.00,    0.00,    0.00,    0.00,    0.00,    0.00,    0.00,    0.00,    0.00,    0.00,    0.00,    0.00,    0.00,    0.00,    0.00,    0.00,    0.00,    0.00,    0.00,    0.00,    0.00,    0.00,    0.00,    0.00,    0.00,  178.63,    3.99,    5.54,    0.00,    0.00,,,,,,,,,    6.24,    8.11,    0.00,    0.00,,,,,    9.29,   11.91,    0.00,    0.00,   19.52,   25.56,    0.00,    0.00,    0.90,    0.95,    0.00,    0.00,    0.00,    0.00,    0.00,    0.00,    0.00,    0.00,    0.00,    0.00,    0.00,    0.00,    0.00,    0.00,    0.00,    0.00,    0.00,    0.00,    0.00,    0.00,    0.00,    0.00,    0.00,    0.00,    0.00,    0.00,    0.00,    0.00,    0.00,    0.00,   45.07,    140.74,     82.96,      0.00,      0.00,    140.74,     82.96,    223.70
2025-11-21,07:19:19.395,   19.43,   11.83,    0.00,    0.00,    0.00,    0.00,    0.00,    0.00,,,,,   40.13,   21.65,    0.00,    0.00,,,,,   74.10,   25.73,    0.00,    0.00,  133.66,   59.21,    0.00,    0.00,    0.98,    0.99,    0.00,    0.00,    0.00,    0.00,    0.00,    0.00,    0.00,    0.00,    0.00,    0.00,    0.00,    0.00,    0.00,    0.00,    0.00,    0.00,    0.00,    0.00,    0.00,    0.00,    0.00,    0.00,    0.00,    0.00,    0.00,    0.00,    0.00,    0.00,    0.00,    0.00,  192.87,    3.34,    4.69,    0.00,    0.00,,,,,,,,,    4.62,    5.84,    0.00,    0.00,,,,,    9.16,    8.90,    0.00,    0.00,   17.12,   19.43,    0.00,    0.00,    0.88,    0.95,    0.00,    0.00,    0.00,    0.00,    0.00,    0.00,    0.00,    0.00,    0.00,    0.00,    0.00,    0.00,    0.00,    0.00,    0.00,    0.00,    0.00,    0.00,    0.00,    0.00,    0.00,    0.00,    0.00,    0.00,    0.00,    0.00,    0.00,    0.00,    0.00,    0.00,   36.55,    150.78,     78.64,      0.00,      0.00,    150.78,     78.64,    229.42
2025-11-21,07:19:19.896,   17.44,    9.76,    0.00,    0.00,    0.00,    0.00,    0.00,    0.00,,,,,   34.80,   18.85,    0.00,    0.00,,,,,   59.03,   21.88,    0.00,    0.00,  111.27,   50.50,    0.00,    0.00,    0.98,    0.99,    0.00,    0.00,    0.00,    0.00,    0.00,    0.00,    0.00,    0.00,    0.00,    0.00,    0.00,    0.00,    0.00,    0.00,    0.00,    0.00,    0.00,    0.00,    0.00,    0.00,    0.00,    0.00,    0.00,    0.00,    0.00,    0.00,    0.00,    0.00,    0.00,    0.00,  161.76,    2.57,    3.78,    0.00,    0.00,,,,,,,,,    3.01,    4.12,    0.00,    0.00,,,,,    4.81,    6.51,    0.00,    0.00,   10.40,   14.41,    0.00,    0.00,    0.85,    0.91,    0.00,    0.00,    0.00,    0.00,    0.00,    0.00,    0.00,    0.00,    0.00,    0.00,    0.00,    0.00,    0.00,    0.00,    0.00,    0.00,    0.00,    0.00,    0.00,    0.00,    0.00,    0.00,    0.00,    0.00,    0.00,    0.00,    0.00,    0.00,    0.00,    0.00,   24.81,    121.66,     64.91,      0.00,      0.00,    121.67,     64.91,    186.57
2025-11-21,07:19:20.395,   17.81,   10.21,    0.00,    0.00,    0.00,    0.00,    0.00,    0.00,,,,,   35.64,   18.77,    0.00,    0.00,,,,,   56.80,   21.50,    0.00,    0.00,  110.25,   50.48,    0.00,    0.00,    0.98,    0.99,    0.00,    0.00,    0.00,    0.00,    0.00,    0.00,    0.00,    0.00,    0.00,    0.00,    0.00,    0.00,    0.00,    0.00,    0.00,    0.00,    0.00,    0.00,    0.00,    0.00,    0.00,    0.00,    0.00,    0.00,    0.00,    0.00,    0.00,    0.00,    0.00,    0.00,  160.73,    2.35,    3.93,    0.00,    0.00,,,,,,,,,    2.81,    4.54,    0.00,    0.00,,,,,    4.49,    6.50,    0.00,    0.00,    9.65,   14.96,    0.00,    0.00,    0.83,    0.90,    0.00,    0.00,    0.00,    0.00,    0.00,    0.00,    0.00,    0.00,    0.00,    0.00,    0.00,    0.00,    0.00,    0.00,    0.00,    0.00,    0.00,    0.00,    0.00,    0.00,    0.00,    0.00,    0.00,    0.00,    0.00,    0.00,    0.00,    0.00,    0.00,    0.00,   24.61,    119.90,     65.45,      0.00,      0.00,    119.90,     65.45,    185.34
2025-11-21,07:19:20.895,   18.74,   11.66,    0.00,    0.00,    0.00,    0.00,    0.00,    0.00,,,,,   38.30,   23.02,    0.00,    0.00,,,,,   74.29,   30.95,    0.00,    0.00,  131.33,   65.62,    0.00,    0.00,    0.98,    0.99,    0.00,    0.00,    0.00,    0.00,    0.00,    0.00,    0.00,    0.00,    0.00,    0.00,    0.00,    0.00,    0.00,    0.00,    0.00,    0.00,    0.00,    0.00,    0.00,    0.00,    0.00,    0.00,    0.00,    0.00,    0.00,    0.00,    0.00,    0.00,    0.00,    0.00,  196.96,    4.50,    5.14,    0.00,    0.00,,,,,,,,,    6.23,    6.60,    0.00,    0.00,,,,,   13.97,   11.51,    0.00,    0.00,   24.70,   23.25,    0.00,    0.00,    0.91,    0.96,    0.00,    0.00,    0.00,    0.00,    0.00,    0.00,    0.00,    0.00,    0.00,    0.00,    0.00,    0.00,    0.00,    0.00,    0.00,    0.00,    0.00,    0.00,    0.00,    0.00,    0.00,    0.00,    0.00,    0.00,    0.00,    0.00,    0.00,    0.00,    0.00,    0.00,   47.95,    156.03,     88.88,      0.00,      0.00,    156.03,     88.88,    244.91
2025-11-21,07:19:21.396,   18.29,   10.65,    0.00,    0.00,,,,,,,,,   35.77,   19.02,    0.00,    0.00,,,,,   57.36,   21.37,    0.00,    0.00,  111.42,   51.04,    0.00,    0.00,    0.98,    0.99,    0.00,    0.00,    0.00,    0.00,    0.00,    0.00,    0.00,    0.00,    0.00,    0.00,    0.00,    0.00,    0.00,    0.00,    0.00,    0.00,    0.00,    0.00,    0.00,    0.00,    0.00,    0.00,    0.00,    0.00,    0.00,    0.00,    0.00,    0.00,    0.00,    0.00,  162.46,    2.65,    3.96,    0.00,    0.00,,,,,,,,,    3.44,    4.71,    0.00,    0.00,,,,,    5.33,    6.67,    0.00,    0.00,   11.41,   15.34,    0.00,    0.00,    0.85,    0.91,    0.00,    0.00,    0.00,    0.00,    0.00,    0.00,    0.00,    0.00,    0.00,    0.00,    0.00,    0.00,    0.00,    0.00,    0.00,    0.00,    0.00,    0.00,    0.00,    0.00,    0.00,    0.00,    0.00,    0.00,    0.00,    0.00,    0.00,    0.00,    0.00,    0.00,   26.75,    122.83,     66.38,      0.00,      0.00,    122.83,     66.38,    189.21
2025-11-21,07:19:21.896,   18.10,   10.72,    0.00,    0.00,,,,,,,,,   36.48,   20.27,    0.00,    0.00,,,,,   59.37,   23.20,    0.00,    0.00,  113.95,   54.20,    0.00,    0.00,    0.98,    0.99,    0.00,    0.00,    0.00,    0.00,    0.00,    0.00,    0.00,    0.00,    0.00,    0.00,    0.00,    0.00,    0.00,    0.00,    0.00,    0.00,    0.00,    0.00,    0.00,    0.00,    0.00,    0.00,    0.00,    0.00,    0.00,    0.00,    0.00,    0.00,    0.00,    0.00,  168.15,    3.44,    4.21,    0.00,    0.00,,,,,,,,,    4.49,    4.76,    0.00,    0.00,,,,,    7.54,    7.86,    0.00,    0.00,   15.47,   16.82,    0.00,    0.00,    0.89,    0.94,    0.00,    0.00,    0.00,    0.00,    0.00,    0.00,    0.00,    0.00,    0.00,    0.00,    0.00,    0.00,    0.00,    0.00,    0.00,    0.00,    0.00,    0.00,    0.00,    0.00,    0.00,    0.00,    0.00,    0.00,    0.00,    0.00,    0.00,    0.00,    0.00,    0.00,   32.29,    129.42,     71.02,      0.00,      0.00,    129.42,     71.02,    200.44
2025-11-21,07:19:22.395,   24.28,   13.97,    0.00,    0.00,,,,,,,,,   48.85,   27.57,    0.00,    0.00,,,,,  130.43,   67.01,    0.00,    0.00,  203.56,  108.54,    0.00,    0.00,    0.98,    1.00,    0.00,    0.00,    0.00,    0.00,    0.00,    0.00,    0.00,    0.00,    0.00,    0.00,    0.00,    0.00,    0.00,    0.00,    0.00,    0.00,    0.00,    0.00,    0.00,    0.00,    0.00,    0.00,    0.00,    0.00,    0.00,    0.00,    0.00,    0.00,    0.00,    0.00,  312.11,    4.00,    6.17,    0.00,    0.00,,,,,,,,,    5.79,    8.00,    0.00,    0.00,,,,,   12.85,   12.77,    0.00,    0.00,   22.63,   26.93,    0.00,    0.00,    0.90,    0.96,    0.00,    0.00,    0.00,    0.00,    0.00,    0.00,    0.00,    0.00,    0.00,    0.00,    0.00,    0.00,    0.00,    0.00,    0.00,    0.00,    0.00,    0.00,    0.00,    0.00,    0.00,    0.00,    0.00,    0.00,    0.00,    0.00,    0.00,    0.00,    0.00,    0.00,   49.57,    226.19,    135.48,      0.00,      0.00,    226.19,    135.48,    361.67
2025-11-21,07:19:22.895,   17.94,    9.76,    0.00,    0.00,,,,,,,,,   35.93,   17.94,    0.00,    0.00,,,,,   58.90,   24.31,    0.00,    0.00,  112.77,   52.00,    0.00,    0.00,    0.98,    0.99,    0.00,    0.00,    0.00,    0.00,    0.00,    0.00,    0.00,    0.00,    0.00,    0.00,    0.00,    0.00,    0.00,    0.00,    0.00,    0.00,    0.00,    0.00,    0.00,    0.00,    0.00,    0.00,    0.00,    0.00,    0.00,    0.00,    0.00,    0.00,    0.00,    0.00,  164.77,    2.98,    3.97,    0.00,    0.00,,,,,,,,,    3.63,    4.29,    0.00,    0.00,,,,,    5.61,    6.96,    0.00,    0.00,   12.22,   15.23,    0.00,    0.00,    0.87,    0.92,    0.00,    0.00,    0.00,    0.00,    0.00,    0.00,    0.00,    0.00,    0.00,    0.00,    0.00,    0.00,    0.00,    0.00,    0.00,    0.00,    0.00,    0.00,    0.00,    0.00,    0.00,    0.00,    0.00,    0.00,    0.00,    0.00,    0.00,    0.00,    0.00,    0.00,   27.44,    124.98,     67.23,      0.00,      0.00,    124.98,     67.23,    192.21
2025-11-21,07:19:23.396,   19.08,   11.16,    0.00,    0.00,    0.00,    0.00,    0.00,    0.00,,,,,   38.46,   20.72,    0.00,    0.00,,,,,   62.68,   22.81,    0.00,    0.00,  120.22,   54.69,    0.00,    0.00,    0.98,    0.99,    0.00,    0.00,    0.00,    0.00,    0.00,    0.00,    0.00,    0.00,    0.00,    0.00,    0.00,    0.00,    0.00,    0.00,    0.00,    0.00,    0.00,    0.00,    0.00,    0.00,    0.00,    0.00,    0.00,    0.00,    0.00,    0.00,    0.00,    0.00,    0.00,    0.00,  174.91,    3.20,    4.45,    0.00,    0.00,,,,,,,,,    4.18,    5.19,    0.00,    0.00,,,,,    6.44,    7.99,    0.00,    0.00,   13.82,   17.63,    0.00,    0.00,    0.88,    0.93,    0.00,    0.00,    0.00,    0.00,    0.00,    0.00,    0.00,    0.00,    0.00,    0.00,    0.00,    0.00,    0.00,    0.00,    0.00,    0.00,    0.00,    0.00,    0.00,    0.00,    0.00,    0.00,    0.00,    0.00,    0.00,    0.00,    0.00,    0.00,    0.00,    0.00,   31.45,    134.04,     72.32,      0.00,      0.00,    134.04,     72.32,    206.36
2025-11-21,07:19:23.896,   17.67,   10.18,    0.00,    0.00,    0.00,    0.00,    0.00,    0.00,,,,,   35.78,   19.04,    0.00,    0.00,,,,,   58.02,   21.76,    0.00,    0.00,  111.48,   50.98,    0.00,    0.00,    0.98,    0.99,    0.00,    0.00,    0.00,    0.00,    0.00,    0.00,    0.00,    0.00,    0.00,    0.00,    0.00,    0.00,    0.00,    0.00,    0.00,    0.00,    0.00,    0.00,    0.00,    0.00,    0.00,    0.00,    0.00,    0.00,    0.00,    0.00,    0.00,    0.00,    0.00,    0.00,  162.46,    2.70,    3.93,    0.00,    0.00,,,,,,,,,    3.10,    4.20,    0.00,    0.00,,,,,    5.01,    6.84,    0.00,    0.00,   10.81,   14.97,    0.00,    0.00,    0.86,    0.91,    0.00,    0.00,    0.00,    0.00,    0.00,    0.00,    0.00,    0.00,    0.00,    0.00,    0.00,    0.00,    0.00,    0.00,    0.00,    0.00,    0.00,    0.00,    0.00,    0.00,    0.00,    0.00,    0.00,    0.00,    0.00,    0.00,    0.00,    0.00,    0.00,    0.00,   25.79,    122.29,     65.95,      0.00,      0.00,    122.29,     65.95,    188.24
2025-11-21,07:19:24.396,   18.76,   10.79,    0.00,    0.00,    0.00,    0.00,    0.00,    0.00,,,,,   36.72,   19.73,    0.00,    0.00,,,,,   55.68,   19.92,    0.00,    0.00,  111.16,   50.45,    0.00,    0.00,    0.98,    0.99,    0.00,    0.00,    0.00,    0.00,    0.00,    0.00,    0.00,    0.00,    0.00,    0.00,    0.00,    0.00,    0.00,    0.00,    0.00,    0.00,    0.00,    0.00,    0.00,    0.00,    0.00,    0.00,    0.00,    0.00,    0.00,    0.00,    0.00,    0.00,    0.00,    0.00,  161.61,    2.62,    3.85,    0.00,    0.00,,,,,,,,,    3.07,    4.11,    0.00,    0.00,,,,,    4.73,    5.98,    0.00,    0.00,   10.43,   13.94,    0.00,    0.00,    0.85,    0.90,    0.00,    0.00,    0.00,    0.00,    0.00,    0.00,    0.00,    0.00,    0.00,    0.00,    0.00,    0.00,    0.00,    0.00,    0.00,    0.00,    0.00,    0.00,    0.00,    0.00,    0.00,    0.00,    0.00,    0.00,    0.00,    0.00,    0.00,    0.00,    0.00,    0.00,   24.38,    121.59,     64.39,      0.00,      0.00,    121.59,     64.39,    185.98
2025-11-21,07:19:24.897,   17.70,   11.29,    0.00,    0.00,,,,,,,,,   35.40,   19.71,    0.00,    0.00,,,,,   56.78,   20.03,    0.00,    0.00,  109.88,   51.03,    0.00,    0.00,    0.98,    0.99,    0.00,    0.00,    0.00,    0.00,    0.00,    0.00,    0.00,    0.00,    0.00,    0.00,    0.00,    0.00,    0.00,    0.00,    0.00,    0.00,    0.00,    0.00,    0.00,    0.00,    0.00,    0.00,    0.00,    0.00,    0.00,    0.00,    0.00,    0.00,    0.00,    0.00,  160.91,    2.60,    3.90,    0.00,    0.00,,,,,,,,,    3.01,    4.32,    0.00,    0.00,,,,,    4.52,    6.41,    0.00,    0.00,   10.13,   14.63,    0.00,    0.00,    0.85,    0.90,    0.00,    0.00,    0.00,    0.00,    0.00,    0.00,    0.00,    0.00,    0.00,    0.00,    0.00,    0.00,    0.00,    0.00,    0.00,    0.00,    0.00,    0.00,    0.00,    0.00,    0.00,    0.00,    0.00,    0.00,    0.00,    0.00,    0.00,    0.00,    0.00,    0.00,   24.76,    120.01,     65.66,      0.00,      0.00,    120.01,     65.66,    185.67
2025-11-21,07:19:25.398,   18.82,   11.30,    0.00,    0.00,,,,,,,,,   38.73,   21.53,    0.00,    0.00,,,,,   67.47,   25.20,    0.00,    0.00,  125.02,   58.02,    0.00,    0.00,    0.98,    0.99,    0.00,    0.00,    0.00,    0.00,    0.00,    0.00,    0.00,    0.00,    0.00,    0.00,    0.00,    0.00,    0.00,    0.00,    0.00,    0.00,    0.00,    0.00,    0.00,    0.00,    0.00,    0.00,    0.00,    0.00,    0.00,    0.00,    0.00,    0.00,    0.00,    0.00,  183.04,    3.14,    4.56,    0.00,    0.00,,,,,,,,,    3.89,    5.33,    0.00,    0.00,,,,,    7.33,    7.34,    0.00,    0.00,   14.35,   17.23,    0.00,    0.00,    0.88,    0.93,    0.00,    0.00,    0.00,    0.00,    0.00,    0.00,    0.00,    0.00,    0.00,    0.00,    0.00,    0.00,    0.00,    0.00,    0.00,    0.00,    0.00,    0.00,    0.00,    0.00,    0.00,    0.00,    0.00,    0.00,    0.00,    0.00,    0.00,    0.00,    0.00,    0.00,   31.59,    139.37,     75.26,      0.00,      0.00,    139.37,     75.26,    214.63
2025-11-21,07:19:25.898,   17.64,   10.21,    0.00,    0.00,,,,,,,,,   35.74,   18.67,    0.00,    0.00,,,,,   58.64,   22.28,    0.00,    0.00,  112.01,   51.16,    0.00,    0.00,    0.98,    0.99,    0.00,    0.00,    0.00,    0.00,    0.00,    0.00,    0.00,    0.00,    0.00,    0.00,    0.00,    0.00,    0.00,    0.00,    0.00,    0.00,    0.00,    0.00,    0.00,    0.00,    0.00,    0.00,    0.00,    0.00,    0.00,    0.00,    0.00,    0.00,    0.00,    0.00,  163.17,    2.84,    4.30,    0.00,    0.00,,,,,,,,,    3.22,    4.83,    0.00,    0.00,,,,,    4.69,    6.85,    0.00,    0.00,   10.74,   15.98,    0.00,    0.00,    0.86,    0.91,    0.00,    0.00,    0.00,    0.00,    0.00,    0.00,    0.00,    0.00,    0.00,    0.00,    0.00,    0.00,    0.00,    0.00,    0.00,    0.00,    0.00,    0.00,    0.00,    0.00,    0.00,    0.00,    0.00,    0.00,    0.00,    0.00,    0.00,    0.00,    0.00,    0.00,   26.72,    122.75,     67.14,      0.00,      0.00,    122.75,     67.14,    189.90
2025-11-21,07:19:26.398,   16.92,   10.16,    0.00,    0.00,,,,,,,,,   35.48,   18.77,    0.00,    0.00,,,,,   59.20,   22.66,    0.00,    0.00,  111.59,   51.60,    0.00,    0.00,    0.97,    0.99,    0.00,    0.00,    0.00,    0.00,    0.00,    0.00,    0.00,    0.00,    0.00,    0.00,    0.00,    0.00,    0.00,    0.00,    0.00,    0.00,    0.00,    0.00,    0.00,    0.00,    0.00,    0.00,    0.00,    0.00,    0.00,    0.00,    0.00,    0.00,    0.00,    0.00,  163.18,    3.80,    5.40,    0.00,    0.00,,,,,,,,,    6.20,    8.09,    0.00,    0.00,,,,,    9.77,   12.50,    0.00,    0.00,   19.77,   25.99,    0.00,    0.00,    0.90,    0.95,    0.00,    0.00,    0.00,    0.00,    0.00,    0.00,    0.00,    0.00,    0.00,    0.00,    0.00,    0.00,    0.00,    0.00,    0.00,    0.00,    0.00,    0.00,    0.00,    0.00,    0.00,    0.00,    0.00,    0.00,    0.00,    0.00,    0.00,    0.00,    0.00,    0.00,   45.75,    131.35,     77.58,      0.00,      0.00,    131.35,     77.58,    208.94
2025-11-21,07:19:26.898,   17.40,    9.91,    0.00,    0.00,,,,,,,,,   35.32,   18.76,    0.00,    0.00,,,,,   58.51,   22.43,    0.00,    0.00,  111.23,   51.10,    0.00,    0.00,    0.98,    0.99,    0.00,    0.00,    0.00,    0.00,    0.00,    0.00,    0.00,    0.00,    0.00,    0.00,    0.00,    0.00,    0.00,    0.00,    0.00,    0.00,    0.00,    0.00,    0.00,    0.00,    0.00,    0.00,    0.00,    0.00,    0.00,    0.00,    0.00,    0.00,    0.00,    0.00,  162.33,    2.71,    3.92,    0.00,    0.00,,,,,,,,,    3.31,    4.60,    0.00,    0.00,,,,,    5.03,    7.32,    0.00,    0.00,   11.05,   15.84,    0.00,    0.00,    0.86,    0.91,    0.00,    0.00,    0.00,    0.00,    0.00,    0.00,    0.00,    0.00,    0.00,    0.00,    0.00,    0.00,    0.00,    0.00,    0.00,    0.00,    0.00,    0.00,    0.00,    0.00,    0.00,    0.00,    0.00,    0.00,    0.00,    0.00,    0.00,    0.00,    0.00,    0.00,   26.89,    122.28,     66.94,      0.00,      0.00,    122.28,     66.94,    189.22
2025-11-21,07:19:27.399,   23.15,   13.54,    0.00,    0.00,,,,,,,,,   47.34,   26.78,    0.00,    0.00,,,,,  120.62,   59.37,    0.00,    0.00,  191.11,   99.69,    0.00,    0.00,    0.98,    1.00,    0.00,    0.00,    0.00,    0.00,    0.00,    0.00,    0.00,    0.00,    0.00,    0.00,    0.00,    0.00,    0.00,    0.00,    0.00,    0.00,    0.00,    0.00,    0.00,    0.00,    0.00,    0.00,    0.00,    0.00,    0.00,    0.00,    0.00,    0.00,    0.00,    0.00,  290.80,    8.50,   11.12,    0.00,    0.00,,,,,,,,,   16.92,   20.48,    0.00,    0.00,,,,,   26.97,   30.91,    0.00,    0.00,   52.38,   62.51,    0.00,    0.00,    0.95,    0.98,    0.00,    0.00,    0.00,    0.00,    0.00,    0.00,    0.00,    0.00,    0.00,    0.00,    0.00,    0.00,    0.00,    0.00,    0.00,    0.00,    0.00,    0.00,    0.00,    0.00,    0.00,    0.00,    0.00,    0.00,    0.00,    0.00,    0.00,    0.00,    0.00,    0.00,  114.89,    243.49,    162.20,      0.00,      0.00,    243.49,    162.20,    405.69
2025-11-21,07:19:27.899,   18.02,    9.57,    0.00,    0.00,,,,,,,,,   36.45,   17.74,    0.00,    0.00,,,,,   59.80,   26.67,    0.00,    0.00,  114.27,   53.98,    0.00,    0.00,    0.98,    0.99,    0.00,    0.00,    0.00,    0.00,    0.00,    0.00,    0.00,    0.00,    0.00,    0.00,    0.00,    0.00,    0.00,    0.00,    0.00,    0.00,    0.00,    0.00,    0.00,    0.00,    0.00,    0.00,    0.00,    0.00,    0.00,    0.00,    0.00,    0.00,    0.00,    0.00,  168.24,    2.65,    3.82,    0.00,    0.00,,,,,,,,,    3.16,    4.04,    0.00,    0.00,,,,,    5.30,    6.67,    0.00,    0.00,   11.11,   14.53,    0.00,    0.00,    0.85,    0.91,    0.00,    0.00,    0.00,    0.00,    0.00,    0.00,    0.00,    0.00,    0.00,    0.00,    0.00,    0.00,    0.00,    0.00,    0.00,    0.00,    0.00,    0.00,    0.00,    0.00,    0.00,    0.00,    0.00,    0.00,    0.00,    0.00,    0.00,    0.00,    0.00,    0.00,   25.63,    125.38,     68.50,      0.00,      0.00,    125.38,     68.50,    193.88
2025-11-21,07:19:28.398,   17.93,   10.93,    0.00,    0.00,    0.00,    0.00,    0.00,    0.00,,,,,   36.85,   20.84,    0.00,    0.00,,,,,   66.84,   25.47,    0.00,    0.00,  121.61,   57.24,    0.00,    0.00,    0.98,    0.99,    0.00,    0.00,    0.00,    0.00,    0.00,    0.00,    0.00,    0.00,    0.00,    0.00,    0.00,    0.00,    0.00,    0.00,    0.00,    0.00,    0.00,    0.00,    0.00,    0.00,    0.00,    0.00,    0.00,    0.00,    0.00,    0.00,    0.00,    0.00,    0.00,    0.00,  178.85,    3.09,    3.92,    0.00,    0.00,,,,,,,,,    3.76,    4.37,    0.00,    0.00,,,,,    7.49,    6.79,    0.00,    0.00,   14.33,   15.07,    0.00,    0.00,    0.87,    0.93,    0.00,    0.00,    0.00,    0.00,    0.00,    0.00,    0.00,    0.00,    0.00,    0.00,    0.00,    0.00,    0.00,    0.00,    0.00,    0.00,    0.00,    0.00,    0.00,    0.00,    0.00,    0.00,    0.00,    0.00,    0.00,    0.00,    0.00,    0.00,    0.00,    0.00,   29.41,    135.95,     72.31,      0.00,      0.00,    135.95,     72.31,    208.26
2025-11-21,07:19:28.899,   17.87,    9.96,    0.00,    0.00,    0.00,    0.00,    0.00,    0.00,,,,,   35.10,   19.33,    0.00,    0.00,,,,,   58.01,   22.16,    0.00,    0.00,  110.98,   51.45,    0.00,    0.00,    0.98,    0.99,    0.00,    0.00,    0.00,    0.00,    0.00,    0.00,    0.00,    0.00,    0.00,    0.00,    0.00,    0.00,    0.00,    0.00,    0.00,    0.00,    0.00,    0.00,    0.00,    0.00,    0.00,    0.00,    0.00,    0.00,    0.00,    0.00,    0.00,    0.00,    0.00,    0.00,  162.43,    2.68,    3.83,    0.00,    0.00,,,,,,,,,    3.14,    4.18,    0.00,    0.00,,,,,    5.14,    6.67,    0.00,    0.00,   10.97,   14.68,    0.00,    0.00,    0.85,    0.91,    0.00,    0.00,    0.00,    0.00,    0.00,    0.00,    0.00,    0.00,    0.00,    0.00,    0.00,    0.00,    0.00,    0.00,    0.00,    0.00,    0.00,    0.00,    0.00,    0.00,    0.00,    0.00,    0.00,    0.00,    0.00,    0.00,    0.00,    0.00,    0.00,    0.00,   25.64,    121.95,     66.12,      0.00,      0.00,    121.95,     66.12,    188.07
2025-11-21,07:19:29.399,   17.88,    9.94,    0.00,    0.00,,,,,,,,,   36.62,   19.50,    0.00,    0.00,,,,,   59.57,   22.60,    0.00,    0.00,  114.07,   52.05,    0.00,    0.00,    0.98,    0.99,    0.00,    0.00,    0.00,    0.00,    0.00,    0.00,    0.00,    0.00,    0.00,    0.00,    0.00,    0.00,    0.00,    0.00,    0.00,    0.00,    0.00,    0.00,    0.00,    0.00,    0.00,    0.00,    0.00,    0.00,    0.00,    0.00,    0.00,    0.00,    0.00,    0.00,  166.12,    2.71,    4.07,    0.00,    0.00,,,,,,,,,    3.20,    4.51,    0.00,    0.00,,,,,    4.55,    6.30,    0.00,    0.00,   10.45,   14.87,    0.00,    0.00,    0.86,    0.90,    0.00,    0.00,    0.00,    0.00,    0.00,    0.00,    0.00,    0.00,    0.00,    0.00,    0.00,    0.00,    0.00,    0.00,    0.00,    0.00,    0.00,    0.00,    0.00,    0.00,    0.00,    0.00,    0.00,    0.00,    0.00,    0.00,    0.00,    0.00,    0.00,    0.00,   25.33,    124.53,     66.92,      0.00,      0.00,    124.53,     66.92,    191.45
2025-11-21,07:19:29.899,   17.21,   10.67,    0.00,    0.00,    0.00,    0.00,    0.00,    0.00,,,,,   35.04,   19.29,    0.00,    0.00,,,,,   58.78,   20.72,    0.00,    0.00,  111.03,   50.68,    0.00,    0.00,    0.98,    0.99,    0.00,    0.00,    0.00,    0.00,    0.00,    0.00,    0.00,    0.00,    0.00,    0.00,    0.00,    0.00,    0.00,    0.00,    0.00,    0.00,    0.00,    0.00,    0.00,    0.00,    0.00,    0.00,    0.00,    0.00,    0.00,    0.00,    0.00,    0.00,    0.00,    0.00,  161.72,    2.70,    3.96,    0.00,    0.00,,,,,,,,,    3.04,    4.28,    0.00,    0.00,,,,,    4.44,    6.41,    0.00,    0.00,   10.19,   14.65,    0.00,    0.00,    0.86,    0.90,    0.00,    0.00,    0.00,    0.00,    0.00,    0.00,    0.00,    0.00,    0.00,    0.00,    0.00,    0.00,    0.00,    0.00,    0.00,    0.00,    0.00,    0.00,    0.00,    0.00,    0.00,    0.00,    0.00,    0.00,    0.00,    0.00,    0.00,    0.00,    0.00,    0.00,   24.83,    121.22,     65.33,      0.00,      0.00,    121.22,     65.33,    186.55
2025-11-21,07:19:30.399,   17.62,   10.34,    0.00,    0.00,    0.00,    0.00,    0.00,    0.00,,,,,   35.65,   18.77,    0.00,    0.00,,,,,   57.55,   21.27,    0.00,    0.00,  110.83,   50.38,    0.00,    0.00,    0.98,    0.99,    0.00,    0.00,    0.00,    0.00,    0.00,    0.00,    0.00,    0.00,    0.00,    0.00,    0.00,    0.00,    0.00,    0.00,    0.00,    0.00,    0.00,    0.00,    0.00,    0.00,    0.00,    0.00,    0.00,    0.00,    0.00,    0.00,    0.00,    0.00,    0.00,    0.00,  161.21,    2.36,    3.93,    0.00,    0.00,,,,,,,,,    2.64,    4.23,    0.00,    0.00,,,,,    4.34,    6.09,    0.00,    0.00,    9.34,   14.25,    0.00,    0.00,    0.83,    0.89,    0.00,    0.00,    0.00,    0.00,    0.00,    0.00,    0.00,    0.00,    0.00,    0.00,    0.00,    0.00,    0.00,    0.00,    0.00,    0.00,    0.00,    0.00,    0.00,    0.00,    0.00,    0.00,    0.00,    0.00,    0.00,    0.00,    0.00,    0.00,    0.00,    0.00,   23.60,    120.18,     64.63,      0.00,      0.00,    120.18,     64.63,    184.81
2025-11-21,07:19:30.899,   17.83,   10.00,    0.00,    0.00,    0.00,    0.00,    0.00,    0.00,,,,,   35.89,   19.59,    0.00,    0.00,,,,,   60.18,   22.71,    0.00,    0.00,  113.90,   52.30,    0.00,    0.00,    0.98,    0.99,    0.00,    0.00,    0.00,    0.00,    0.00,    0.00,    0.00,    0.00,    0.00,    0.00,    0.00,    0.00,    0.00,    0.00,    0.00,    0.00,    0.00,    0.00,    0.00,    0.00,    0.00,    0.00,    0.00,    0.00,    0.00,    0.00,    0.00,    0.00,    0.00,    0.00,  166.20,    2.62,    4.05,    0.00,    0.00,,,,,,,,,    3.08,    4.50,    0.00,    0.00,,,,,    5.28,    7.28,    0.00,    0.00,   10.98,   15.84,    0.00,    0.00,    0.85,    0.91,    0.00,    0.00,    0.00,    0.00,    0.00,    0.00,    0.00,    0.00,    0.00,    0.00,    0.00,    0.00,    0.00,    0.00,    0.00,    0.00,    0.00,    0.00,    0.00,    0.00,    0.00,    0.00,    0.00,    0.00,    0.00,    0.00,    0.00,    0.00,    0.00,    0.00,   26.82,    124.88,     68.14,      0.00,      0.00,    124.88,     68.14,    193.02
2025-11-21,07:19:31.400,   19.76,   11.47,    0.00,    0.00,,,,,,,,,   39.79,   22.10,    0.00,    0.00,,,,,   69.10,   27.15,    0.00,    0.00,  128.65,   60.72,    0.00,    0.00,    0.98,    0.99,    0.00,    0.00,    0.00,    0.00,    0.00,    0.00,    0.00,    0.00,    0.00,    0.00,    0.00,    0.00,    0.00,    0.00,    0.00,    0.00,    0.00,    0.00,    0.00,    0.00,    0.00,    0.00,    0.00,    0.00,    0.00,    0.00,    0.00,    0.00,    0.00,    0.00,  189.36,    3.38,    4.16,    0.00,    0.00,,,,,,,,,    4.50,    4.77,    0.00,    0.00,,,,,    8.42,    7.30,    0.00,    0.00,   16.30,   16.24,    0.00,    0.00,    0.88,    0.94,    0.00,    0.00,    0.00,    0.00,    0.00,    0.00,    0.00,    0.00,    0.00,    0.00,    0.00,    0.00,    0.00,    0.00,    0.00,    0.00,    0.00,    0.00,    0.00,    0.00,    0.00,    0.00,    0.00,    0.00,    0.00,    0.00,    0.00,    0.00,    0.00,    0.00,   32.53,    144.94,     76.95,      0.00,      0.00,    144.94,     76.95,    221.90
2025-11-21,07:19:31.900,   19.05,   10.80,    0.00,    0.00,    0.00,    0.00,    0.00,    0.00,,,,,   37.84,   19.83,    0.00,    0.00,,,,,   61.64,   23.41,    0.00,    0.00,  118.54,   54.05,    0.00,    0.00,    0.98,    0.99,    0.00,    0.00,    0.00,    0.00,    0.00,    0.00,    0.00,    0.00,    0.00,    0.00,    0.00,    0.00,    0.00,    0.00,    0.00,    0.00,    0.00,    0.00,    0.00,    0.00,    0.00,    0.00,    0.00,    0.00,    0.00,    0.00,    0.00,    0.00,    0.00,    0.00,  172.59,    3.52,    4.27,    0.00,    0.00,,,,,,,,,    4.70,    5.08,    0.00,    0.00,,,,,    7.54,    8.86,    0.00,    0.00,   15.76,   18.20,    0.00,    0.00,    0.89,    0.94,    0.00,    0.00,    0.00,    0.00,    0.00,    0.00,    0.00,    0.00,    0.00,    0.00,    0.00,    0.00,    0.00,    0.00,    0.00,    0.00,    0.00,    0.00,    0.00,    0.00,    0.00,    0.00,    0.00,    0.00,    0.00,    0.00,    0.00,    0.00,    0.00,    0.00,   33.96,    134.30,     72.25,      0.00,      0.00,    134.30,     72.25,    206.55
2025-11-21,07:19:32.400,   17.80,   11.19,    0.00,    0.00,    0.00,    0.00,    0.00,    0.00,,,,,   36.22,   19.92,    0.00,    0.00,,,,,   57.81,   21.11,    0.00,    0.00,  111.83,   52.21,    0.00,    0.00,    0.98,    0.99,    0.00,    0.00,    0.00,    0.00,    0.00,    0.00,    0.00,    0.00,    0.00,    0.00,    0.00,    0.00,    0.00,    0.00,    0.00,    0.00,    0.00,    0.00,    0.00,    0.00,    0.00,    0.00,    0.00,    0.00,    0.00,    0.00,    0.00,    0.00,    0.00,    0.00,  164.04,    2.38,    3.62,    0.00,    0.00,,,,,,,,,    2.80,    3.87,    0.00,    0.00,,,,,    4.43,    5.41,    0.00,    0.00,    9.60,   12.90,    0.00,    0.00,    0.84,    0.90,    0.00,    0.00,    0.00,    0.00,    0.00,    0.00,    0.00,    0.00,    0.00,    0.00,    0.00,    0.00,    0.00,    0.00,    0.00,    0.00,    0.00,    0.00,    0.00,    0.00,    0.00,    0.00,    0.00,    0.00,    0.00,    0.00,    0.00,    0.00,    0.00,    0.00,   22.50,    121.43,     65.11,      0.00,      0.00,    121.43,     65.11,    186.54
2025-11-21,07:19:32.899,   17.80,   10.30,    0.00,    0.00,,,,,,,,,   35.55,   19.75,    0.00,    0.00,,,,,   57.19,   21.02,    0.00,    0.00,  110.53,   51.07,    0.00,    0.00,    0.98,    0.99,    0.00,    0.00,    0.00,    0.00,    0.00,    0.00,    0.00,    0.00,    0.00,    0.00,    0.00,    0.00,    0.00,    0.00,    0.00,    0.00,    0.00,    0.00,    0.00,    0.00,    0.00,    0.00,    0.00,    0.00,    0.00,    0.00,    0.00,    0.00,    0.00,    0.00,  161.60,    2.71,    3.90,    0.00,    0.00,,,,,,,,,    3.17,    4.35,    0.00,    0.00,,,,,    4.98,    6.65,    0.00,    0.00,   10.86,   14.89,    0.00,    0.00,    0.86,    0.91,    0.00,    0.00,    0.00,    0.00,    0.00,    0.00,    0.00,    0.00,    0.00,    0.00,    0.00,    0.00,    0.00,    0.00,    0.00,    0.00,    0.00,    0.00,    0.00,    0.00,    0.00,    0.00,    0.00,    0.00,    0.00,    0.00,    0.00,    0.00,    0.00,    0.00,   25.76,    121.39,     65.96,      0.00,      0.00,    121.39,     65.96,    187.36
2025-11-21,07:19:33.399,   18.33,   10.05,    0.00,    0.00,,,,,,,,,   36.49,   18.56,    0.00,    0.00,,,,,   56.24,   21.88,    0.00,    0.00,  111.05,   50.48,    0.00,    0.00,    0.98,    0.99,    0.00,    0.00,    0.00,    0.00,    0.00,    0.00,    0.00,    0.00,    0.00,    0.00,    0.00,    0.00,    0.00,    0.00,    0.00,    0.00,    0.00,    0.00,    0.00,    0.00,    0.00,    0.00,    0.00,    0.00,    0.00,    0.00,    0.00,    0.00,    0.00,    0.00,  161.54,    2.44,    3.92,    0.00,    0.00,,,,,,,,,    2.81,    4.35,    0.00,    0.00,,,,,    4.03,    6.00,    0.00,    0.00,    9.29,   14.28,    0.00,    0.00,    0.84,    0.89,    0.00,    0.00,    0.00,    0.00,    0.00,    0.00,    0.00,    0.00,    0.00,    0.00,    0.00,    0.00,    0.00,    0.00,    0.00,    0.00,    0.00,    0.00,    0.00,    0.00,    0.00,    0.00,    0.00,    0.00,    0.00,    0.00,    0.00,    0.00,    0.00,    0.00,   23.56,    120.34,     64.76,      0.00,      0.00,    120.34,     64.76,    185.10
2025-11-21,07:19:33.899,   20.29,   10.85,    0.00,    0.00,,,,,,,,,   38.11,   19.21,    0.00,    0.00,,,,,   54.20,   21.53,    0.00,    0.00,  112.61,   51.58,    0.00,    0.00,    0.98,    0.99,    0.00,    0.00,    0.00,    0.00,    0.00,    0.00,    0.00,    0.00,    0.00,    0.00,    0.00,    0.00,    0.00,    0.00,    0.00,    0.00,    0.00,    0.00,    0.00,    0.00,    0.00,    0.00,    0.00,    0.00,    0.00,    0.00,    0.00,    0.00,    0.00,    0.00,  164.19,    2.94,    4.12,    0.00,    0.00,,,,,,,,,    3.36,    4.57,    0.00,    0.00,,,,,    4.82,    6.80,    0.00,    0.00,   11.12,   15.48,    0.00,    0.00,    0.87,    0.91,    0.00,    0.00,    0.00,    0.00,    0.00,    0.00,    0.00,    0.00,    0.00,    0.00,    0.00,    0.00,    0.00,    0.00,    0.00,    0.00,    0.00,    0.00,    0.00,    0.00,    0.00,    0.00,    0.00,    0.00,    0.00,    0.00,    0.00,    0.00,    0.00,    0.00,   26.61,    123.73,     67.06,      0.00,      0.00,    123.73,     67.06,    190.79
2025-11-21,07:19:34.400,   79.40,  110.54,    0.00,    0.00,    0.00,    0.00,    0.00,    0.00,,,,,  142.11,  201.53,    0.00,    0.00,,,,,  158.14,  175.19,    0.00,    0.00,  379.65,  487.26,    0.00,    0.00,    0.95,    0.97,    0.00,    0.00,    0.00,    0.00,    0.00,    0.00,    0.00,    0.00,    0.00,    0.00,    0.00,    0.00,    0.00,    0.00,    0.00,    0.00,    0.00,    0.00,    0.00,    0.00,    0.00,    0.00,    0.00,    0.00,    0.00,    0.00,    0.00,    0.00,    0.00,    0.00,  866.90,    3.28,    4.28,    0.00,    0.00,,,,,,,,,    4.07,    4.73,    0.00,    0.00,,,,,    7.67,    6.66,    0.00,    0.00,   15.02,   15.66,    0.00,    0.00,    0.88,    0.94,    0.00,    0.00,    0.00,    0.00,    0.00,    0.00,    0.00,    0.00,    0.00,    0.00,    0.00,    0.00,    0.00,    0.00,    0.00,    0.00,    0.00,    0.00,    0.00,    0.00,    0.00,    0.00,    0.00,    0.00,    0.00,    0.00,    0.00,    0.00,    0.00,    0.00,   30.69,    394.67,    502.92,      0.00,      0.00,    394.67,    502.92,    897.59
2025-11-21,07:19:34.900,  359.15,  542.97,    0.00,    0.00,,,,,,,,,  644.17, 1025.06,    0.00,    0.00,,,,,  628.66, 1018.27,    0.00,    0.00, 1631.97, 2586.30,    0.00,    0.00,    0.95,    0.96,    0.00,    0.00,    0.00,    0.00,    0.00,    0.00,    0.00,    0.00,    0.00,    0.00,    0.00,    0.00,    0.00,    0.00,    0.00,    0.00,    0.00,    0.00,    0.00,    0.00,    0.00,    0.00,    0.00,    0.00,    0.00,    0.00,    0.00,    0.00,    0.00,    0.00, 4218.27,    3.34,    4.24,    0.00,    0.00,,,,,,,,,    4.67,    5.57,    0.00,    0.00,,,,,    7.34,    9.15,    0.00,    0.00,   15.35,   18.95,    0.00,    0.00,    0.88,    0.94,    0.00,    0.00,    0.00,    0.00,    0.00,    0.00,    0.00,    0.00,    0.00,    0.00,    0.00,    0.00,    0.00,    0.00,    0.00,    0.00,    0.00,    0.00,    0.00,    0.00,    0.00,    0.00,    0.00,    0.00,    0.00,    0.00,    0.00,    0.00,    0.00,    0.00,   34.30,   1647.33,   2605.25,      0.00,      0.00,   1647.33,   2605.25,   4252.57
2025-11-21,07:19:35.400,   52.91,  282.63,    0.00,    0.00,    0.00,    0.00,    0.00,    0.00,,,,,   72.78,  529.51,    0.00,    0.00,,,,,  153.04,  540.48,    0.00,    0.00,  278.73, 1352.62,    0.00,    0.00,    0.97,    0.98,    0.00,    0.00,    0.00,    0.00,    0.00,    0.00,    0.00,    0.00,    0.00,    0.00,    0.00,    0.00,    0.00,    0.00,    0.00,    0.00,    0.00,    0.00,    0.00,    0.00,    0.00,    0.00,    0.00,    0.00,    0.00,    0.00,    0.00,    0.00,    0.00,    0.00, 1631.35,    2.48,    7.04,    0.00,    0.00,,,,,,,,,    3.39,    9.08,    0.00,    0.00,,,,,    5.71,   10.31,    0.00,    0.00,   11.57,   26.43,    0.00,    0.00,    0.84,    0.92,    0.00,    0.00,    0.00,    0.00,    0.00,    0.00,    0.00,    0.00,    0.00,    0.00,    0.00,    0.00,    0.00,    0.00,    0.00,    0.00,    0.00,    0.00,    0.00,    0.00,    0.00,    0.00,    0.00,    0.00,    0.00,    0.00,    0.00,    0.00,    0.00,    0.00,   38.00,    290.30,   1379.05,      0.00,      0.00,    290.30,   1379.05,   1669.35
2025-11-21,07:19:35.900,  252.32,  486.12,    0.00,    0.00,,,,,,,,,  436.88,  894.78,    0.00,    0.00,,,,,  422.76,  806.31,    0.00,    0.00, 1111.95, 2187.21,    0.00,    0.00,    0.95,    0.96,    0.00,    0.00,    0.00,    0.00,    0.00,    0.00,    0.00,    0.00,    0.00,    0.00,    0.00,    0.00,    0.00,    0.00,    0.00,    0.00,    0.00,    0.00,    0.00,    0.00,    0.00,    0.00,    0.00,    0.00,    0.00,    0.00,    0.00,    0.00,    0.00,    0.00, 3299.16,    3.97,    6.37,    0.00,    0.00,    0.00,    0.00,    0.00,    0.00,,,,,    6.24,    9.07,    0.00,    0.00,,,,,    9.86,   12.27,    0.00,    0.00,   20.07,   27.71,    0.00,    0.00,    0.90,    0.95,    0.00,    0.00,    0.00,    0.00,    0.00,    0.00,    0.00,    0.00,    0.00,    0.00,    0.00,    0.00,    0.00,    0.00,    0.00,    0.00,    0.00,    0.00,    0.00,    0.00,    0.00,    0.00,    0.00,    0.00,    0.00,    0.00,    0.00,    0.00,    0.00,    0.00,   47.78,   1132.03,   2214.92,      0.00,      0.00,   1132.03,   2214.92,   3346.95
2025-11-21,07:19:36.400,  221.04,  370.14,    0.00,    0.00,    0.00,    0.00,    0.00,    0.00,,,,,  395.76,  685.51,    0.00,    0.00,,,,,  443.00,  539.74,    0.00,    0.00, 1059.79, 1595.40,    0.00,    0.00,    0.94,    0.96,    0.00,    0.00,    0.00,    0.00,    0.00,    0.00,    0.00,    0.00,    0.00,    0.00,    0.00,    0.00,    0.00,    0.00,    0.00,    0.00,    0.00,    0.00,    0.00,    0.00,    0.00,    0.00,    0.00,    0.00,    0.00,    0.00,    0.00,    0.00,    0.00,    0.00, 2655.19,    4.07,    4.57,    0.00,    0.00,,,,,,,,,    5.83,    6.03,    0.00,    0.00,,,,,   14.07,   11.24,    0.00,    0.00,   23.97,   21.83,    0.00,    0.00,    0.90,    0.96,    0.00,    0.00,    0.00,    0.00,    0.00,    0.00,    0.00,    0.00,    0.00,    0.00,    0.00,    0.00,    0.00,    0.00,    0.00,    0.00,    0.00,    0.00,    0.00,    0.00,    0.00,    0.00,    0.00,    0.00,    0.00,    0.00,    0.00,    0.00,    0.00,    0.00,   45.80,   1083.76,   1617.23,      0.00,      0.00,   1083.76,   1617.23,   2700.99
2025-11-21,07:19:36.900,   15.23,   19.88,    0.00,    0.00,    0.00,    0.00,    0.00,    0.00,,,,,   29.50,   37.05,    0.00,    0.00,,,,,   50.12,   45.95,    0.00,    0.00,   94.85,  102.88,    0.00,    0.00,    0.97,    0.99,    0.00,    0.00,    0.00,    0.00,    0.00,    0.00,    0.00,    0.00,    0.00,    0.00,    0.00,    0.00,    0.00,    0.00,    0.00,    0.00,    0.00,    0.00,    0.00,    0.00,    0.00,    0.00,    0.00,    0.00,    0.00,    0.00,    0.00,    0.00,    0.00,    0.00,  197.72,    2.93,    4.09,    0.00,    0.00,,,,,,,,,    3.63,    4.71,    0.00,    0.00,,,,,    5.69,    7.34,    0.00,    0.00,   12.25,   16.14,    0.00,    0.00,    0.87,    0.92,    0.00,    0.00,    0.00,    0.00,    0.00,    0.00,    0.00,    0.00,    0.00,    0.00,    0.00,    0.00,    0.00,    0.00,    0.00,    0.00,    0.00,    0.00,    0.00,    0.00,    0.00,    0.00,    0.00,    0.00,    0.00,    0.00,    0.00,    0.00,    0.00,    0.00,   28.39,    107.09,    119.02,      0.00,      0.00,    107.09,    119.02,    226.11
2025-11-21,07:19:37.400,   16.42,   22.06,    0.00,    0.00,,,,,,,,,   31.03,   40.66,    0.00,    0.00,,,,,   57.21,   43.58,    0.00,    0.00,  104.67,  106.30,    0.00,    0.00,    0.98,    0.99,    0.00,    0.00,    0.00,    0.00,    0.00,    0.00,    0.00,    0.00,    0.00,    0.00,    0.00,    0.00,    0.00,    0.00,    0.00,    0.00,    0.00,    0.00,    0.00,    0.00,    0.00,    0.00,    0.00,    0.00,    0.00,    0.00,    0.00,    0.00,    0.00,    0.00,  210.97,    3.35,    4.53,    0.00,    0.00,,,,,,,,,    4.38,    5.57,    0.00,    0.00,,,,,    9.64,   10.27,    0.00,    0.00,   17.37,   20.37,    0.00,    0.00,    0.88,    0.95,    0.00,    0.00,    0.00,    0.00,    0.00,    0.00,    0.00,    0.00,    0.00,    0.00,    0.00,    0.00,    0.00,    0.00,    0.00,    0.00,    0.00,    0.00,    0.00,    0.00,    0.00,    0.00,    0.00,    0.00,    0.00,    0.00,    0.00,    0.00,    0.00,    0.00,   37.74,    122.04,    126.66,      0.00,      0.00,    122.04,    126.66,    248.71
2025-11-21,07:19:37.900,   15.49,   21.55,    0.00,    0.00,,,,,,,,,   29.91,   39.57,    0.00,    0.00,,,,,   50.55,   39.40,    0.00,    0.00,   95.96,  100.51,    0.00,    0.00,    0.97,    0.99,    0.00,    0.00,    0.00,    0.00,    0.00,    0.00,    0.00,    0.00,    0.00,    0.00,    0.00,    0.00,    0.00,    0.00,    0.00,    0.00,    0.00,    0.00,    0.00,    0.00,    0.00,    0.00,    0.00,    0.00,    0.00,    0.00,    0.00,    0.00,    0.00,    0.00,  196.47,    2.96,    4.27,    0.00,    0.00,,,,,,,,,    3.49,    4.80,    0.00,    0.00,,,,,    5.43,    7.44,    0.00,    0.00,   11.88,   16.51,    0.00,    0.00,    0.87,    0.92,    0.00,    0.00,    0.00,    0.00,    0.00,    0.00,    0.00,    0.00,    0.00,    0.00,    0.00,    0.00,    0.00,    0.00,    0.00,    0.00,    0.00,    0.00,    0.00,    0.00,    0.00,    0.00,    0.00,    0.00,    0.00,    0.00,    0.00,    0.00,    0.00,    0.00,   28.39,    107.84,    117.02,      0.00,      0.00,    107.84,    117.02,    224.86
2025-11-21,07:19:38.400,   15.73,   20.38,    0.00,    0.00,,,,,,,,,   30.29,   38.34,    0.00,    0.00,,,,,   53.77,   40.48,    0.00,    0.00,   99.79,   99.20,    0.00,    0.00,    0.97,    0.99,    0.00,    0.00,    0.00,    0.00,    0.00,    0.00,    0.00,    0.00,    0.00,    0.00,    0.00,    0.00,    0.00,    0.00,    0.00,    0.00,    0.00,    0.00,    0.00,    0.00,    0.00,    0.00,    0.00,    0.00,    0.00,    0.00,    0.00,    0.00,    0.00,    0.00,  198.99,    2.69,    4.58,    0.00,    0.00,,,,,,,,,    3.10,    5.34,    0.00,    0.00,,,,,    4.39,    6.77,    0.00,    0.00,   10.18,   16.69,    0.00,    0.00,    0.86,    0.90,    0.00,    0.00,    0.00,    0.00,    0.00,    0.00,    0.00,    0.00,    0.00,    0.00,    0.00,    0.00,    0.00,    0.00,    0.00,    0.00,    0.00,    0.00,    0.00,    0.00,    0.00,    0.00,    0.00,    0.00,    0.00,    0.00,    0.00,    0.00,    0.00,    0.00,   26.87,    109.97,    115.89,      0.00,      0.00,    109.97,    115.89,    225.86
2025-11-21,07:19:38.900,   15.16,   21.01,    0.00,    0.00,,,,,,,,,   29.00,   38.94,    0.00,    0.00,,,,,   51.01,   39.44,    0.00,    0.00,   95.17,   99.39,    0.00,    0.00,    0.97,    0.99,    0.00,    0.00,    0.00,    0.00,    0.00,    0.00,    0.00,    0.00,    0.00,    0.00,    0.00,    0.00,    0.00,    0.00,    0.00,    0.00,    0.00,    0.00,    0.00,    0.00,    0.00,    0.00,    0.00,    0.00,    0.00,    0.00,    0.00,    0.00,    0.00,    0.00,  194.55,    2.68,    4.19,    0.00,    0.00,,,,,,,,,    3.15,    4.89,    0.00,    0.00,,,,,    4.81,    7.25,    0.00,    0.00,   10.64,   16.34,    0.00,    0.00,    0.86,    0.91,    0.00,    0.00,    0.00,    0.00,    0.00,    0.00,    0.00,    0.00,    0.00,    0.00,    0.00,    0.00,    0.00,    0.00,    0.00,    0.00,    0.00,    0.00,    0.00,    0.00,    0.00,    0.00,    0.00,    0.00,    0.00,    0.00,    0.00,    0.00,    0.00,    0.00,   26.98,    105.81,    115.73,      0.00,      0.00,    105.81,    115.73,    221.54
2025-11-21,07:19:39.401,   16.98,   21.11,    0.00,    0.00,    0.00,    0.00,    0.00,    0.00,,,,,   32.65,   39.78,    0.00,    0.00,,,,,   54.75,   41.30,    0.00,    0.00,  104.37,  102.20,    0.00,    0.00,    0.98,    0.99,    0.00,    0.00,    0.00,    0.00,    0.00,    0.00,    0.00,    0.00,    0.00,    0.00,    0.00,    0.00,    0.00,    0.00,    0.00,    0.00,    0.00,    0.00,    0.00,    0.00,    0.00,    0.00,    0.00,    0.00,    0.00,    0.00,    0.00,    0.00,    0.00,    0.00,  206.57,    3.36,    4.81,    0.00,    0.00,,,,,,,,,    4.81,    5.92,    0.00,    0.00,,,,,    7.44,    8.65,    0.00,    0.00,   15.61,   19.38,    0.00,    0.00,    0.88,    0.94,    0.00,    0.00,    0.00,    0.00,    0.00,    0.00,    0.00,    0.00,    0.00,    0.00,    0.00,    0.00,    0.00,    0.00,    0.00,    0.00,    0.00,    0.00,    0.00,    0.00,    0.00,    0.00,    0.00,    0.00,    0.00,    0.00,    0.00,    0.00,    0.00,    0.00,   34.99,    119.98,    121.57,      0.00,      0.00,    119.98,    121.57,    241.56
2025-11-21,07:19:39.901,   15.82,   20.86,    0.00,    0.00,,,,,,,,,   29.67,   38.94,    0.00,    0.00,,,,,   49.40,   37.99,    0.00,    0.00,   94.89,   97.79,    0.00,    0.00,    0.98,    0.99,    0.00,    0.00,    0.00,    0.00,    0.00,    0.00,    0.00,    0.00,    0.00,    0.00,    0.00,    0.00,    0.00,    0.00,    0.00,    0.00,    0.00,    0.00,    0.00,    0.00,    0.00,    0.00,    0.00,    0.00,    0.00,    0.00,    0.00,    0.00,    0.00,    0.00,  192.69,    2.65,    4.26,    0.00,    0.00,,,,,,,,,    3.00,    4.89,    0.00,    0.00,,,,,    4.51,    7.08,    0.00,    0.00,   10.16,   16.23,    0.00,    0.00,    0.85,    0.90,    0.00,    0.00,    0.00,    0.00,    0.00,    0.00,    0.00,    0.00,    0.00,    0.00,    0.00,    0.00,    0.00,    0.00,    0.00,    0.00,    0.00,    0.00,    0.00,    0.00,    0.00,    0.00,    0.00,    0.00,    0.00,    0.00,    0.00,    0.00,    0.00,    0.00,   26.39,    105.05,    114.02,      0.00,      0.00,    105.05,    114.02,    219.07
2025-11-21,07:19:40.401,   15.60,   22.60,    0.00,    0.00,,,,,,,,,   30.48,   41.34,    0.00,    0.00,,,,,   56.06,   40.71,    0.00,    0.00,  102.14,  104.64,    0.00,    0.00,    0.97,    0.99,    0.00,    0.00,    0.00,    0.00,    0.00,    0.00,    0.00,    0.00,    0.00,    0.00,    0.00,    0.00,    0.00,    0.00,    0.00,    0.00,    0.00,    0.00,    0.00,    0.00,    0.00,    0.00,    0.00,    0.00,    0.00,    0.00,    0.00,    0.00,    0.00,    0.00,  206.79,    3.14,    4.34,    0.00,    0.00,,,,,,,,,    3.77,    5.17,    0.00,    0.00,,,,,    7.48,    7.80,    0.00,    0.00,   14.40,   17.31,    0.00,    0.00,    0.88,    0.93,    0.00,    0.00,    0.00,    0.00,    0.00,    0.00,    0.00,    0.00,    0.00,    0.00,    0.00,    0.00,    0.00,    0.00,    0.00,    0.00,    0.00,    0.00,    0.00,    0.00,    0.00,    0.00,    0.00,    0.00,    0.00,    0.00,    0.00,    0.00,    0.00,    0.00,   31.70,    116.54,    121.95,      0.00,      0.00,    116.54,    121.95,    238.49
2025-11-21,07:19:40.901,   15.11,   21.49,    0.00,    0.00,,,,,,,,,   29.10,   39.69,    0.00,    0.00,,,,,   51.61,   39.40,    0.00,    0.00,   95.82,  100.58,    0.00,    0.00,    0.97,    0.99,    0.00,    0.00,    0.00,    0.00,    0.00,    0.00,    0.00,    0.00,    0.00,    0.00,    0.00,    0.00,    0.00,    0.00,    0.00,    0.00,    0.00,    0.00,    0.00,    0.00,    0.00,    0.00,    0.00,    0.00,    0.00,    0.00,    0.00,    0.00,    0.00,    0.00,  196.40,    2.77,    4.38,    0.00,    0.00,,,,,,,,,    3.19,    5.14,    0.00,    0.00,,,,,    5.36,    7.90,    0.00,    0.00,   11.32,   17.41,    0.00,    0.00,    0.86,    0.91,    0.00,    0.00,    0.00,    0.00,    0.00,    0.00,    0.00,    0.00,    0.00,    0.00,    0.00,    0.00,    0.00,    0.00,    0.00,    0.00,    0.00,    0.00,    0.00,    0.00,    0.00,    0.00,    0.00,    0.00,    0.00,    0.00,    0.00,    0.00,    0.00,    0.00,   28.73,    107.14,    118.00,      0.00,      0.00,    107.14,    118.00,    225.14
2025-11-21,07:19:41.401,   15.62,   20.12,    0.00,    0.00,,,,,,,,,   29.84,   37.70,    0.00,    0.00,,,,,   47.50,   40.56,    0.00,    0.00,   92.96,   98.38,    0.00,    0.00,    0.97,    0.99,    0.00,    0.00,    0.00,    0.00,    0.00,    0.00,    0.00,    0.00,    0.00,    0.00,    0.00,    0.00,    0.00,    0.00,    0.00,    0.00,    0.00,    0.00,    0.00,    0.00,    0.00,    0.00,    0.00,    0.00,    0.00,    0.00,    0.00,    0.00,    0.00,    0.00,  191.34,    2.38,    3.95,    0.00,    0.00,,,,,,,,,    2.67,    4.44,    0.00,    0.00,,,,,    4.29,    6.53,    0.00,    0.00,    9.34,   14.92,    0.00,    0.00,    0.83,    0.89,    0.00,    0.00,    0.00,    0.00,    0.00,    0.00,    0.00,    0.00,    0.00,    0.00,    0.00,    0.00,    0.00,    0.00,    0.00,    0.00,    0.00,    0.00,    0.00,    0.00,    0.00,    0.00,    0.00,    0.00,    0.00,    0.00,    0.00,    0.00,    0.00,    0.00,   24.26,    102.30,    113.30,      0.00,      0.00,    102.30,    113.30,    215.60
2025-11-21,07:19:41.902,   16.56,   20.83,    0.00,    0.00,,,,,,,,,   30.40,   38.84,    0.00,    0.00,,,,,   47.78,   40.55,    0.00,    0.00,   94.74,  100.22,    0.00,    0.00,    0.98,    0.99,    0.00,    0.00,    0.00,    0.00,    0.00,    0.00,    0.00,    0.00,    0.00,    0.00,    0.00,    0.00,    0.00,    0.00,    0.00,    0.00,    0.00,    0.00,    0.00,    0.00,    0.00,    0.00,    0.00,    0.00,    0.00,    0.00,    0.00,    0.00,    0.00,    0.00,  194.96,    2.75,    4.12,    0.00,    0.00,,,,,,,,,    3.20,    4.63,    0.00,    0.00,,,,,    5.15,    7.52,    0.00,    0.00,   11.10,   16.27,    0.00,    0.00,    0.86,    0.91,    0.00,    0.00,    0.00,    0.00,    0.00,    0.00,    0.00,    0.00,    0.00,    0.00,    0.00,    0.00,    0.00,    0.00,    0.00,    0.00,    0.00,    0.00,    0.00,    0.00,    0.00,    0.00,    0.00,    0.00,    0.00,    0.00,    0.00,    0.00,    0.00,    0.00,   27.37,    105.84,    116.50,      0.00,      0.00,    105.84,    116.50,    222.34
2025-11-21,07:19:42.402,   14.94,   19.93,    0.00,    0.00,,,,,,,,,   29.14,   37.93,    0.00,    0.00,,,,,   47.37,   38.91,    0.00,    0.00,   91.46,   96.77,    0.00,    0.00,    0.97,    0.99,    0.00,    0.00,    0.00,    0.00,    0.00,    0.00,    0.00,    0.00,    0.00,    0.00,    0.00,    0.00,    0.00,    0.00,    0.00,    0.00,    0.00,    0.00,    0.00,    0.00,    0.00,    0.00,    0.00,    0.00,    0.00,    0.00,    0.00,    0.00,    0.00,    0.00,  188.23,    2.34,    3.83,    0.00,    0.00,,,,,,,,,    2.52,    4.32,    0.00,    0.00,,,,,    3.78,    6.24,    0.00,    0.00,    8.64,   14.39,    0.00,    0.00,    0.83,    0.88,    0.00,    0.00,    0.00,    0.00,    0.00,    0.00,    0.00,    0.00,    0.00,    0.00,    0.00,    0.00,    0.00,    0.00,    0.00,    0.00,    0.00,    0.00,    0.00,    0.00,    0.00,    0.00,    0.00,    0.00,    0.00,    0.00,    0.00,    0.00,    0.00,    0.00,   23.03,    100.09,    111.16,      0.00,      0.00,    100.09,    111.16,    211.25
2025-11-21,07:19:42.902,   16.14,   20.75,    0.00,    0.00,,,,,,,,,   29.59,   39.26,    0.00,    0.00,,,,,   46.42,   39.97,    0.00,    0.00,   92.15,   99.98,    0.00,    0.00,    0.98,    0.99,    0.00,    0.00,    0.00,    0.00,    0.00,    0.00,    0.00,    0.00,    0.00,    0.00,    0.00,    0.00,    0.00,    0.00,    0.00,    0.00,    0.00,    0.00,    0.00,    0.00,    0.00,    0.00,    0.00,    0.00,    0.00,    0.00,    0.00,    0.00,    0.00,    0.00,  192.12,    3.09,    4.55,    0.00,    0.00,,,,,,,,,    3.78,    5.28,    0.00,    0.00,,,,,    5.81,    8.27,    0.00,    0.00,   12.67,   18.10,    0.00,    0.00,    0.88,    0.92,    0.00,    0.00,    0.00,    0.00,    0.00,    0.00,    0.00,    0.00,    0.00,    0.00,    0.00,    0.00,    0.00,    0.00,    0.00,    0.00,    0.00,    0.00,    0.00,    0.00,    0.00,    0.00,    0.00,    0.00,    0.00,    0.00,    0.00,    0.00,    0.00,    0.00,   30.77,    104.82,    118.08,      0.00,      0.00,    104.82,    118.08,    222.89
2025-11-21,07:19:43.402,   16.43,   21.93,    0.00,    0.00,,,,,,,,,   32.68,   41.65,    0.00,    0.00,,,,,   61.07,   44.99,    0.00,    0.00,  110.19,  108.57,    0.00,    0.00,    0.98,    0.99,    0.00,    0.00,    0.00,    0.00,    0.00,    0.00,    0.00,    0.00,    0.00,    0.00,    0.00,    0.00,    0.00,    0.00,    0.00,    0.00,    0.00,    0.00,    0.00,    0.00,    0.00,    0.00,    0.00,    0.00,    0.00,    0.00,    0.00,    0.00,    0.00,    0.00,  218.76,    4.08,    5.84,    0.00,    0.00,,,,,,,,,    6.31,    8.48,    0.00,    0.00,,,,,   11.39,   12.49,    0.00,    0.00,   21.78,   26.82,    0.00,    0.00,    0.90,    0.96,    0.00,    0.00,    0.00,    0.00,    0.00,    0.00,    0.00,    0.00,    0.00,    0.00,    0.00,    0.00,    0.00,    0.00,    0.00,    0.00,    0.00,    0.00,    0.00,    0.00,    0.00,    0.00,    0.00,    0.00,    0.00,    0.00,    0.00,    0.00,    0.00,    0.00,   48.60,    131.97,    135.39,      0.00,      0.00,    131.97,    135.39,    267.36
2025-11-21,07:19:43.903,   16.61,   20.10,    0.00,    0.00,,,,,,,,,   30.69,   37.73,    0.00,    0.00,,,,,   44.53,   40.39,    0.00,    0.00,   91.82,   98.22,    0.00,    0.00,    0.98,    0.99,    0.00,    0.00,    0.00,    0.00,    0.00,    0.00,    0.00,    0.00,    0.00,    0.00,    0.00,    0.00,    0.00,    0.00,    0.00,    0.00,    0.00,    0.00,    0.00,    0.00,    0.00,    0.00,    0.00,    0.00,    0.00,    0.00,    0.00,    0.00,    0.00,    0.00,  190.04,    2.77,    4.25,    0.00,    0.00,,,,,,,,,    3.35,    5.00,    0.00,    0.00,,,,,    5.08,    7.31,    0.00,    0.00,   11.20,   16.56,    0.00,    0.00,    0.86,    0.91,    0.00,    0.00,    0.00,    0.00,    0.00,    0.00,    0.00,    0.00,    0.00,    0.00,    0.00,    0.00,    0.00,    0.00,    0.00,    0.00,    0.00,    0.00,    0.00,    0.00,    0.00,    0.00,    0.00,    0.00,    0.00,    0.00,    0.00,    0.00,    0.00,    0.00,   27.76,    103.03,    114.78,      0.00,      0.00,    103.03,    114.78,    217.81
2025-11-21,07:19:44.403,   14.75,   21.28,    0.00,    0.00,    0.00,    0.00,    0.00,    0.00,,,,,   29.69,   39.64,    0.00,    0.00,,,,,   49.56,   38.57,    0.00,    0.00,   94.00,   99.49,    0.00,    0.00,    0.97,    0.99,    0.00,    0.00,    0.00,    0.00,    0.00,    0.00,    0.00,    0.00,    0.00,    0.00,    0.00,    0.00,    0.00,    0.00,    0.00,    0.00,    0.00,    0.00,    0.00,    0.00,    0.00,    0.00,    0.00,    0.00,    0.00,    0.00,    0.00,    0.00,    0.00,    0.00,  193.48,    3.14,    5.09,    0.00,    0.00,,,,,,,,,    4.73,    7.33,    0.00,    0.00,,,,,    7.25,   10.44,    0.00,    0.00,   15.12,   22.86,    0.00,    0.00,    0.88,    0.94,    0.00,    0.00,    0.00,    0.00,    0.00,    0.00,    0.00,    0.00,    0.00,    0.00,    0.00,    0.00,    0.00,    0.00,    0.00,    0.00,    0.00,    0.00,    0.00,    0.00,    0.00,    0.00,    0.00,    0.00,    0.00,    0.00,    0.00,    0.00,    0.00,    0.00,   37.98,    109.12,    122.34,      0.00,      0.00,    109.12,    122.34,    231.46
2025-11-21,07:19:44.903,   16.92,   21.07,    0.00,    0.00,,,,,,,,,   31.68,   38.62,    0.00,    0.00,,,,,   47.46,   40.47,    0.00,    0.00,   96.06,  100.15,    0.00,    0.00,    0.98,    0.99,    0.00,    0.00,    0.00,    0.00,    0.00,    0.00,    0.00,    0.00,    0.00,    0.00,    0.00,    0.00,    0.00,    0.00,    0.00,    0.00,    0.00,    0.00,    0.00,    0.00,    0.00,    0.00,    0.00,    0.00,    0.00,    0.00,    0.00,    0.00,    0.00,    0.00,  196.21,    2.80,    4.31,    0.00,    0.00,,,,,,,,,    3.20,    4.89,    0.00,    0.00,,,,,    4.91,    7.18,    0.00,    0.00,   10.91,   16.38,    0.00,    0.00,    0.86,    0.91,    0.00,    0.00,    0.00,    0.00,    0.00,    0.00,    0.00,    0.00,    0.00,    0.00,    0.00,    0.00,    0.00,    0.00,    0.00,    0.00,    0.00,    0.00,    0.00,    0.00,    0.00,    0.00,    0.00,    0.00,    0.00,    0.00,    0.00,    0.00,    0.00,    0.00,   27.28,    106.96,    116.53,      0.00,      0.00,    106.96,    116.53,    223.49
2025-11-21,07:19:45.402,   16.15,   20.10,    0.00,    0.00,,,,,,,,,   31.77,   40.84,    0.00,    0.00,,,,,   46.69,   41.81,    0.00,    0.00,   94.62,  102.76,    0.00,    0.00,    0.98,    0.99,    0.00,    0.00,    0.00,    0.00,    0.00,    0.00,    0.00,    0.00,    0.00,    0.00,    0.00,    0.00,    0.00,    0.00,    0.00,    0.00,    0.00,    0.00,    0.00,    0.00,    0.00,    0.00,    0.00,    0.00,    0.00,    0.00,    0.00,    0.00,    0.00,    0.00,  197.38,    2.68,    4.36,    0.00,    0.00,,,,,,,,,    3.10,    5.14,    0.00,    0.00,,,,,    4.69,    7.14,    0.00,    0.00,   10.47,   16.64,    0.00,    0.00,    0.85,    0.90,    0.00,    0.00,    0.00,    0.00,    0.00,    0.00,    0.00,    0.00,    0.00,    0.00,    0.00,    0.00,    0.00,    0.00,    0.00,    0.00,    0.00,    0.00,    0.00,    0.00,    0.00,    0.00,    0.00,    0.00,    0.00,    0.00,    0.00,    0.00,    0.00,    0.00,   27.10,    105.09,    119.39,      0.00,      0.00,    105.09,    119.39,    224.48
2025-11-21,07:19:45.902,   15.92,   21.07,    0.00,    0.00,,,,,,,,,   29.75,   38.58,    0.00,    0.00,,,,,   44.95,   39.74,    0.00,    0.00,   90.61,   99.39,    0.00,    0.00,    0.98,    0.99,    0.00,    0.00,    0.00,    0.00,    0.00,    0.00,    0.00,    0.00,    0.00,    0.00,    0.00,    0.00,    0.00,    0.00,    0.00,    0.00,    0.00,    0.00,    0.00,    0.00,    0.00,    0.00,    0.00,    0.00,    0.00,    0.00,    0.00,    0.00,    0.00,    0.00,  190.01,    2.50,    4.10,    0.00,    0.00,,,,,,,,,    2.82,    4.77,    0.00,    0.00,,,,,    4.91,    7.50,    0.00,    0.00,   10.22,   16.37,    0.00,    0.00,    0.84,    0.90,    0.00,    0.00,    0.00,    0.00,    0.00,    0.00,    0.00,    0.00,    0.00,    0.00,    0.00,    0.00,    0.00,    0.00,    0.00,    0.00,    0.00,    0.00,    0.00,    0.00,    0.00,    0.00,    0.00,    0.00,    0.00,    0.00,    0.00,    0.00,    0.00,    0.00,   26.58,    100.83,    115.76,      0.00,      0.00,    100.83,    115.76,    216.59
2025-11-21,07:19:46.402,   15.96,   24.69,    0.00,    0.00,    0.00,    0.00,    0.00,    0.00,,,,,   30.01,   41.03,    0.00,    0.00,,,,,   50.81,   38.98,    0.00,    0.00,   96.77,  104.70,    0.00,    0.00,    0.98,    0.99,    0.00,    0.00,    0.00,    0.00,    0.00,    0.00,    0.00,    0.00,    0.00,    0.00,    0.00,    0.00,    0.00,    0.00,    0.00,    0.00,    0.00,    0.00,    0.00,    0.00,    0.00,    0.00,    0.00,    0.00,    0.00,    0.00,    0.00,    0.00,    0.00,    0.00,  201.48,    2.77,    3.97,    0.00,    0.00,,,,,,,,,    3.19,    3.97,    0.00,    0.00,,,,,    6.92,    6.31,    0.00,    0.00,   12.89,   14.24,    0.00,    0.00,    0.86,    0.92,    0.00,    0.00,    0.00,    0.00,    0.00,    0.00,    0.00,    0.00,    0.00,    0.00,    0.00,    0.00,    0.00,    0.00,    0.00,    0.00,    0.00,    0.00,    0.00,    0.00,    0.00,    0.00,    0.00,    0.00,    0.00,    0.00,    0.00,    0.00,    0.00,    0.00,   27.13,    109.66,    118.94,      0.00,      0.00,    109.66,    118.94,    228.61
2025-11-21,07:19:46.903,   16.49,   24.41,    0.00,    0.00,    0.00,    0.00,    0.00,    0.00,,,,,   29.63,   43.69,    0.00,    0.00,,,,,   43.83,   33.24,    0.00,    0.00,   89.95,  101.35,    0.00,    0.00,    0.98,    0.99,    0.00,    0.00,    0.00,    0.00,    0.00,    0.00,    0.00,    0.00,    0.00,    0.00,    0.00,    0.00,    0.00,    0.00,    0.00,    0.00,    0.00,    0.00,    0.00,    0.00,    0.00,    0.00,    0.00,    0.00,    0.00,    0.00,    0.00,    0.00,    0.00,    0.00,  191.30,    2.71,    4.01,    0.00,    0.00,,,,,,,,,    3.09,    3.96,    0.00,    0.00,,,,,    5.30,    6.67,    0.00,    0.00,   11.11,   14.64,    0.00,    0.00,    0.86,    0.91,    0.00,    0.00,    0.00,    0.00,    0.00,    0.00,    0.00,    0.00,    0.00,    0.00,    0.00,    0.00,    0.00,    0.00,    0.00,    0.00,    0.00,    0.00,    0.00,    0.00,    0.00,    0.00,    0.00,    0.00,    0.00,    0.00,    0.00,    0.00,    0.00,    0.00,   25.74,    101.06,    115.99,      0.00,      0.00,    101.06,    115.99,    217.04
2025-11-21,07:19:47.403,   17.01,   25.50,    0.00,    0.00,,,,,,,,,   31.74,   44.49,    0.00,    0.00,,,,,   46.46,   32.03,    0.00,    0.00,   95.21,  102.02,    0.00,    0.00,    0.98,    0.99,    0.00,    0.00,    0.00,    0.00,    0.00,    0.00,    0.00,    0.00,    0.00,    0.00,    0.00,    0.00,    0.00,    0.00,    0.00,    0.00,    0.00,    0.00,    0.00,    0.00,    0.00,    0.00,    0.00,    0.00,    0.00,    0.00,    0.00,    0.00,    0.00,    0.00,  197.24,    2.52,    4.12,    0.00,    0.00,,,,,,,,,    2.85,    4.12,    0.00,    0.00,,,,,    4.92,    6.49,    0.00,    0.00,   10.29,   14.73,    0.00,    0.00,    0.85,    0.90,    0.00,    0.00,    0.00,    0.00,    0.00,    0.00,    0.00,    0.00,    0.00,    0.00,    0.00,    0.00,    0.00,    0.00,    0.00,    0.00,    0.00,    0.00,    0.00,    0.00,    0.00,    0.00,    0.00,    0.00,    0.00,    0.00,    0.00,    0.00,    0.00,    0.00,   25.02,    105.51,    116.75,      0.00,      0.00,    105.51,    116.75,    222.25
2025-11-21,07:19:47.903,   15.38,   21.03,    0.00,    0.00,,,,,,,,,   30.35,   41.21,    0.00,    0.00,,,,,   43.19,   37.52,    0.00,    0.00,   88.92,   99.76,    0.00,    0.00,    0.97,    0.99,    0.00,    0.00,    0.00,    0.00,    0.00,    0.00,    0.00,    0.00,    0.00,    0.00,    0.00,    0.00,    0.00,    0.00,    0.00,    0.00,    0.00,    0.00,    0.00,    0.00,    0.00,    0.00,    0.00,    0.00,    0.00,    0.00,    0.00,    0.00,    0.00,    0.00,  188.68,    2.65,    3.91,    0.00,    0.00,,,,,,,,,    2.70,    3.62,    0.00,    0.00,,,,,    4.57,    6.25,    0.00,    0.00,    9.92,   13.78,    0.00,    0.00,    0.85,    0.90,    0.00,    0.00,    0.00,    0.00,    0.00,    0.00,    0.00,    0.00,    0.00,    0.00,    0.00,    0.00,    0.00,    0.00,    0.00,    0.00,    0.00,    0.00,    0.00,    0.00,    0.00,    0.00,    0.00,    0.00,    0.00,    0.00,    0.00,    0.00,    0.00,    0.00,   23.70,     98.84,    113.54,      0.00,      0.00,     98.84,    113.54,    212.38
2025-11-21,07:19:48.403,   16.15,   23.27,    0.00,    0.00,,,,,,,,,   28.03,   39.18,    0.00,    0.00,,,,,   43.13,   37.11,    0.00,    0.00,   87.30,   99.57,    0.00,    0.00,    0.98,    0.99,    0.00,    0.00,    0.00,    0.00,    0.00,    0.00,    0.00,    0.00,    0.00,    0.00,    0.00,    0.00,    0.00,    0.00,    0.00,    0.00,    0.00,    0.00,    0.00,    0.00,    0.00,    0.00,    0.00,    0.00,    0.00,    0.00,    0.00,    0.00,    0.00,    0.00,  186.87,    2.66,    3.87,    0.00,    0.00,,,,,,,,,    2.91,    3.81,    0.00,    0.00,,,,,    4.81,    6.65,    0.00,    0.00,   10.37,   14.33,    0.00,    0.00,    0.86,    0.90,    0.00,    0.00,    0.00,    0.00,    0.00,    0.00,    0.00,    0.00,    0.00,    0.00,    0.00,    0.00,    0.00,    0.00,    0.00,    0.00,    0.00,    0.00,    0.00,    0.00,    0.00,    0.00,    0.00,    0.00,    0.00,    0.00,    0.00,    0.00,    0.00,    0.00,   24.70,     97.68,    113.90,      0.00,      0.00,     97.68,    113.90,    211.57
2025-11-21,07:19:48.904,   14.23,   21.43,    0.00,    0.00,,,,,,,,,   28.18,   38.99,    0.00,    0.00,,,,,   44.55,   38.78,    0.00,    0.00,   86.95,   99.20,    0.00,    0.00,    0.97,    0.99,    0.00,    0.00,    0.00,    0.00,    0.00,    0.00,    0.00,    0.00,    0.00,    0.00,    0.00,    0.00,    0.00,    0.00,    0.00,    0.00,    0.00,    0.00,    0.00,    0.00,    0.00,    0.00,    0.00,    0.00,    0.00,    0.00,    0.00,    0.00,    0.00,    0.00,  186.15,    2.50,    3.95,    0.00,    0.00,,,,,,,,,    2.69,    4.03,    0.00,    0.00,,,,,    4.68,    6.73,    0.00,    0.00,    9.87,   14.71,    0.00,    0.00,    0.85,    0.90,    0.00,    0.00,    0.00,    0.00,    0.00,    0.00,    0.00,    0.00,    0.00,    0.00,    0.00,    0.00,    0.00,    0.00,    0.00,    0.00,    0.00,    0.00,    0.00,    0.00,    0.00,    0.00,    0.00,    0.00,    0.00,    0.00,    0.00,    0.00,    0.00,    0.00,   24.58,     96.82,    113.91,      0.00,      0.00,     96.82,    113.91,    210.73
2025-11-21,07:19:49.404,   17.79,   25.82,    0.00,    0.00,    0.00,    0.00,    0.00,    0.00,,,,,   31.93,   45.21,    0.00,    0.00,,,,,   51.96,   37.76,    0.00,    0.00,  101.68,  108.78,    0.00,    0.00,    0.98,    0.99,    0.00,    0.00,    0.00,    0.00,    0.00,    0.00,    0.00,    0.00,    0.00,    0.00,    0.00,    0.00,    0.00,    0.00,    0.00,    0.00,    0.00,    0.00,    0.00,    0.00,    0.00,    0.00,    0.00,    0.00,    0.00,    0.00,    0.00,    0.00,    0.00,    0.00,  210.46,    2.88,    4.49,    0.00,    0.00,,,,,,,,,    3.40,    5.02,    0.00,    0.00,,,,,    7.60,    7.58,    0.00,    0.00,   13.87,   17.08,    0.00,    0.00,    0.87,    0.93,    0.00,    0.00,    0.00,    0.00,    0.00,    0.00,    0.00,    0.00,    0.00,    0.00,    0.00,    0.00,    0.00,    0.00,    0.00,    0.00,    0.00,    0.00,    0.00,    0.00,    0.00,    0.00,    0.00,    0.00,    0.00,    0.00,    0.00,    0.00,    0.00,    0.00,   30.96,    115.55,    125.87,      0.00,      0.00,    115.55,    125.87,    241.42
2025-11-21,07:19:49.904,   15.41,   22.89,    0.00,    0.00,,,,,,,,,   28.07,   40.26,    0.00,    0.00,,,,,   44.68,   36.09,    0.00,    0.00,   88.17,   99.24,    0.00,    0.00,    0.97,    0.99,    0.00,    0.00,    0.00,    0.00,    0.00,    0.00,    0.00,    0.00,    0.00,    0.00,    0.00,    0.00,    0.00,    0.00,    0.00,    0.00,    0.00,    0.00,    0.00,    0.00,    0.00,    0.00,    0.00,    0.00,    0.00,    0.00,    0.00,    0.00,    0.00,    0.00,  187.40,    2.58,    4.01,    0.00,    0.00,,,,,,,,,    2.73,    4.10,    0.00,    0.00,,,,,    4.62,    6.61,    0.00,    0.00,    9.92,   14.71,    0.00,    0.00,    0.85,    0.90,    0.00,    0.00,    0.00,    0.00,    0.00,    0.00,    0.00,    0.00,    0.00,    0.00,    0.00,    0.00,    0.00,    0.00,    0.00,    0.00,    0.00,    0.00,    0.00,    0.00,    0.00,    0.00,    0.00,    0.00,    0.00,    0.00,    0.00,    0.00,    0.00,    0.00,   24.64,     98.09,    113.95,      0.00,      0.00,     98.09,    113.95,    212.04
2025-11-21,07:19:50.404,   15.81,   23.69,    0.00,    0.00,,,,,,,,,   29.12,   41.04,    0.00,    0.00,,,,,   42.44,   34.03,    0.00,    0.00,   87.36,   98.76,    0.00,    0.00,    0.97,    0.99,    0.00,    0.00,    0.00,    0.00,    0.00,    0.00,    0.00,    0.00,    0.00,    0.00,    0.00,    0.00,    0.00,    0.00,    0.00,    0.00,    0.00,    0.00,    0.00,    0.00,    0.00,    0.00,    0.00,    0.00,    0.00,    0.00,    0.00,    0.00,    0.00,    0.00,  186.12,    2.13,    3.69,    0.00,    0.00,,,,,,,,,    2.27,    3.83,    0.00,    0.00,,,,,    3.93,    6.01,    0.00,    0.00,    8.33,   13.53,    0.00,    0.00,    0.82,    0.88,    0.00,    0.00,    0.00,    0.00,    0.00,    0.00,    0.00,    0.00,    0.00,    0.00,    0.00,    0.00,    0.00,    0.00,    0.00,    0.00,    0.00,    0.00,    0.00,    0.00,    0.00,    0.00,    0.00,    0.00,    0.00,    0.00,    0.00,    0.00,    0.00,    0.00,   21.86,     95.69,    112.29,      0.00,      0.00,     95.69,    112.29,    207.98
2025-11-21,07:19:50.905,   16.36,   26.10,    0.00,    0.00,    0.00,    0.00,    0.00,    0.00,,,,,   29.75,   43.98,    0.00,    0.00,,,,,   47.29,   32.62,    0.00,    0.00,   93.41,  102.71,    0.00,    0.00,    0.98,    0.99,    0.00,    0.00,    0.00,    0.00,    0.00,    0.00,    0.00,    0.00,    0.00,    0.00,    0.00,    0.00,    0.00,    0.00,    0.00,    0.00,    0.00,    0.00,    0.00,    0.00,    0.00,    0.00,    0.00,    0.00,    0.00,    0.00,    0.00,    0.00,    0.00,    0.00,  196.12,    2.77,    4.28,    0.00,    0.00,,,,,,,,,    2.92,    4.44,    0.00,    0.00,,,,,    4.78,    7.18,    0.00,    0.00,   10.47,   15.90,    0.00,    0.00,    0.86,    0.90,    0.00,    0.00,    0.00,    0.00,    0.00,    0.00,    0.00,    0.00,    0.00,    0.00,    0.00,    0.00,    0.00,    0.00,    0.00,    0.00,    0.00,    0.00,    0.00,    0.00,    0.00,    0.00,    0.00,    0.00,    0.00,    0.00,    0.00,    0.00,    0.00,    0.00,   26.37,    103.88,    118.60,      0.00,      0.00,    103.88,    118.60,    222.48
2025-11-21,07:19:51.405,   15.79,   20.92,    0.00,    0.00,,,,,,,,,   30.83,   40.69,    0.00,    0.00,,,,,   50.04,   39.25,    0.00,    0.00,   96.66,  100.86,    0.00,    0.00,    0.97,    0.99,    0.00,    0.00,    0.00,    0.00,    0.00,    0.00,    0.00,    0.00,    0.00,    0.00,    0.00,    0.00,    0.00,    0.00,    0.00,    0.00,    0.00,    0.00,    0.00,    0.00,    0.00,    0.00,    0.00,    0.00,    0.00,    0.00,    0.00,    0.00,    0.00,    0.00,  197.52,    3.06,    4.46,    0.00,    0.00,,,,,,,,,    3.60,    4.73,    0.00,    0.00,,,,,    5.39,    7.38,    0.00,    0.00,   12.05,   16.57,    0.00,    0.00,    0.87,    0.92,    0.00,    0.00,    0.00,    0.00,    0.00,    0.00,    0.00,    0.00,    0.00,    0.00,    0.00,    0.00,    0.00,    0.00,    0.00,    0.00,    0.00,    0.00,    0.00,    0.00,    0.00,    0.00,    0.00,    0.00,    0.00,    0.00,    0.00,    0.00,    0.00,    0.00,   28.62,    108.71,    117.43,      0.00,      0.00,    108.71,    117.43,    226.14
2025-11-21,07:19:51.905,   15.67,   23.62,    0.00,    0.00,,,,,,,,,   28.95,   40.25,    0.00,    0.00,,,,,   44.77,   34.99,    0.00,    0.00,   89.39,   98.86,    0.00,    0.00,    0.97,    0.99,    0.00,    0.00,    0.00,    0.00,    0.00,    0.00,    0.00,    0.00,    0.00,    0.00,    0.00,    0.00,    0.00,    0.00,    0.00,    0.00,    0.00,    0.00,    0.00,    0.00,    0.00,    0.00,    0.00,    0.00,    0.00,    0.00,    0.00,    0.00,    0.00,    0.00,  188.25,    2.66,    3.99,    0.00,    0.00,,,,,,,,,    2.82,    3.92,    0.00,    0.00,,,,,    4.72,    6.72,    0.00,    0.00,   10.21,   14.63,    0.00,    0.00,    0.85,    0.90,    0.00,    0.00,    0.00,    0.00,    0.00,    0.00,    0.00,    0.00,    0.00,    0.00,    0.00,    0.00,    0.00,    0.00,    0.00,    0.00,    0.00,    0.00,    0.00,    0.00,    0.00,    0.00,    0.00,    0.00,    0.00,    0.00,    0.00,    0.00,    0.00,    0.00,   24.84,     99.60,    113.49,      0.00,      0.00,     99.60,    113.49,    213.09
2025-11-21,07:19:52.405,   16.71,   24.41,    0.00,    0.00,,,,,,,,,   31.81,   44.41,    0.00,    0.00,,,,,   53.13,   38.08,    0.00,    0.00,  101.65,  106.89,    0.00,    0.00,    0.98,    0.99,    0.00,    0.00,    0.00,    0.00,    0.00,    0.00,    0.00,    0.00,    0.00,    0.00,    0.00,    0.00,    0.00,    0.00,    0.00,    0.00,    0.00,    0.00,    0.00,    0.00,    0.00,    0.00,    0.00,    0.00,    0.00,    0.00,    0.00,    0.00,    0.00,    0.00,  208.54,    3.20,    4.32,    0.00,    0.00,,,,,,,,,    4.20,    4.97,    0.00,    0.00,,,,,    9.02,    8.05,    0.00,    0.00,   16.41,   17.34,    0.00,    0.00,    0.88,    0.94,    0.00,    0.00,    0.00,    0.00,    0.00,    0.00,    0.00,    0.00,    0.00,    0.00,    0.00,    0.00,    0.00,    0.00,    0.00,    0.00,    0.00,    0.00,    0.00,    0.00,    0.00,    0.00,    0.00,    0.00,    0.00,    0.00,    0.00,    0.00,    0.00,    0.00,   33.75,    118.06,    124.23,      0.00,      0.00,    118.06,    124.23,    242.29
2025-11-21,07:19:52.905,   15.11,   21.86,    0.00,    0.00,,,,,,,,,   28.74,   40.70,    0.00,    0.00,,,,,   44.76,   37.23,    0.00,    0.00,   88.61,   99.78,    0.00,    0.00,    0.97,    0.99,    0.00,    0.00,    0.00,    0.00,    0.00,    0.00,    0.00,    0.00,    0.00,    0.00,    0.00,    0.00,    0.00,    0.00,    0.00,    0.00,    0.00,    0.00,    0.00,    0.00,    0.00,    0.00,    0.00,    0.00,    0.00,    0.00,    0.00,    0.00,    0.00,    0.00,  188.39,    3.43,    5.11,    0.00,    0.00,,,,,,,,,    4.63,    6.52,    0.00,    0.00,,,,,    7.42,   10.24,    0.00,    0.00,   15.48,   21.87,    0.00,    0.00,    0.89,    0.94,    0.00,    0.00,    0.00,    0.00,    0.00,    0.00,    0.00,    0.00,    0.00,    0.00,    0.00,    0.00,    0.00,    0.00,    0.00,    0.00,    0.00,    0.00,    0.00,    0.00,    0.00,    0.00,    0.00,    0.00,    0.00,    0.00,    0.00,    0.00,    0.00,    0.00,   37.35,    104.08,    121.66,      0.00,      0.00,    104.08,    121.66,    225.74
2025-11-21,07:19:53.405,   15.74,   23.08,    0.00,    0.00,    0.00,    0.00,    0.00,    0.00,,,,,   30.26,   42.49,    0.00,    0.00,,,,,   43.49,   35.06,    0.00,    0.00,   89.49,  100.63,    0.00,    0.00,    0.97,    0.99,    0.00,    0.00,    0.00,    0.00,    0.00,    0.00,    0.00,    0.00,    0.00,    0.00,    0.00,    0.00,    0.00,    0.00,    0.00,    0.00,    0.00,    0.00,    0.00,    0.00,    0.00,    0.00,    0.00,    0.00,    0.00,    0.00,    0.00,    0.00,    0.00,    0.00,  190.12,    2.50,    4.30,    0.00,    0.00,,,,,,,,,    2.48,    4.21,    0.00,    0.00,,,,,    3.93,    6.02,    0.00,    0.00,    8.91,   14.53,    0.00,    0.00,    0.84,    0.88,    0.00,    0.00,    0.00,    0.00,    0.00,    0.00,    0.00,    0.00,    0.00,    0.00,    0.00,    0.00,    0.00,    0.00,    0.00,    0.00,    0.00,    0.00,    0.00,    0.00,    0.00,    0.00,    0.00,    0.00,    0.00,    0.00,    0.00,    0.00,    0.00,    0.00,   23.44,     98.40,    115.17,      0.00,      0.00,     98.40,    115.17,    213.57
2025-11-21,07:19:53.906,  100.90,  163.38,    0.00,    0.00,,,,,,,,,  172.62,  281.31,    0.00,    0.00,,,,,  150.67,  214.57,    0.00,    0.00,  424.20,  659.26,    0.00,    0.00,    0.97,    0.97,    0.00,    0.00,    0.00,    0.00,    0.00,    0.00,    0.00,    0.00,    0.00,    0.00,    0.00,    0.00,    0.00,    0.00,    0.00,    0.00,    0.00,    0.00,    0.00,    0.00,    0.00,    0.00,    0.00,    0.00,    0.00,    0.00,    0.00,    0.00,    0.00,    0.00, 1083.46,    3.13,    4.47,    0.00,    0.00,,,,,,,,,    3.58,    4.47,    0.00,    0.00,,,,,    5.83,    7.63,    0.00,    0.00,   12.54,   16.56,    0.00,    0.00,    0.88,    0.92,    0.00,    0.00,    0.00,    0.00,    0.00,    0.00,    0.00,    0.00,    0.00,    0.00,    0.00,    0.00,    0.00,    0.00,    0.00,    0.00,    0.00,    0.00,    0.00,    0.00,    0.00,    0.00,    0.00,    0.00,    0.00,    0.00,    0.00,    0.00,    0.00,    0.00,   29.10,    436.73,    675.83,      0.00,      0.00,    436.73,    675.83,   1112.56
2025-11-21,07:19:54.406,  353.23,  601.28,    0.00,    0.00,,,,,,,,,  619.67, 1054.07,    0.00,    0.00,,,,,  652.66,  861.53,    0.00,    0.00, 1625.56, 2516.88,    0.00,    0.00,    0.96,    0.96,    0.00,    0.00,    0.00,    0.00,    0.00,    0.00,    0.00,    0.00,    0.00,    0.00,    0.00,    0.00,    0.00,    0.00,    0.00,    0.00,    0.00,    0.00,    0.00,    0.00,    0.00,    0.00,    0.00,    0.00,    0.00,    0.00,    0.00,    0.00,    0.00,    0.00, 4142.44,    2.36,    3.93,    0.00,    0.00,,,,,,,,,    2.52,    3.90,    0.00,    0.00,,,,,    4.11,    6.04,    0.00,    0.00,    8.99,   13.87,    0.00,    0.00,    0.84,    0.89,    0.00,    0.00,    0.00,    0.00,    0.00,    0.00,    0.00,    0.00,    0.00,    0.00,    0.00,    0.00,    0.00,    0.00,    0.00,    0.00,    0.00,    0.00,    0.00,    0.00,    0.00,    0.00,    0.00,    0.00,    0.00,    0.00,    0.00,    0.00,    0.00,    0.00,   22.86,   1634.55,   2530.75,      0.00,      0.00,   1634.55,   2530.75,   4165.30
2025-11-21,07:19:54.906,  367.26,  555.72,    0.00,    0.00,    0.00,    0.00,    0.00,    0.00,,,,,  629.24, 1018.85,    0.00,    0.00,,,,,  562.19,  858.91,    0.00,    0.00, 1558.69, 2433.48,    0.00,    0.00,    0.95,    0.96,    0.00,    0.00,    0.00,    0.00,    0.00,    0.00,    0.00,    0.00,    0.00,    0.00,    0.00,    0.00,    0.00,    0.00,    0.00,    0.00,    0.00,    0.00,    0.00,    0.00,    0.00,    0.00,    0.00,    0.00,    0.00,    0.00,    0.00,    0.00,    0.00,    0.00, 3992.17,    2.55,    4.09,    0.00,    0.00,,,,,,,,,    2.51,    4.09,    0.00,    0.00,,,,,    4.37,    6.91,    0.00,    0.00,    9.43,   15.09,    0.00,    0.00,    0.85,    0.89,    0.00,    0.00,    0.00,    0.00,    0.00,    0.00,    0.00,    0.00,    0.00,    0.00,    0.00,    0.00,    0.00,    0.00,    0.00,    0.00,    0.00,    0.00,    0.00,    0.00,    0.00,    0.00,    0.00,    0.00,    0.00,    0.00,    0.00,    0.00,    0.00,    0.00,   24.52,   1568.12,   2448.57,      0.00,      0.00,   1568.12,   2448.57,   4016.69
2025-11-21,07:19:55.407,  581.79,  385.77,    0.00,    0.00,    0.00,    0.00,    1.03,    0.01,,,,, 1033.30,  684.01,    0.00,    0.00,,,,,  919.61,  551.14,    0.00,    0.00, 2534.70, 1620.92,    1.03,    0.01,    0.99,    0.99,    0.00,    0.00,    0.00,    0.00,    0.00,    0.00,    0.00,    0.00,    0.00,    0.00,    0.00,    0.00,    0.00,    0.00,    0.00,    0.00,    0.00,    0.00,    0.00,    0.00,    0.00,    0.00,    0.00,    0.00,    0.00,    0.00,    0.00,    0.00,    0.00,    0.00, 4155.62,    3.99,    5.79,    0.00,    0.00,,,,,,,,,    5.09,    7.14,    0.00,    0.00,,,,,   10.94,   11.58,    0.00,    0.00,   20.02,   24.50,    0.00,    0.00,    0.90,    0.95,    0.00,    0.00,    0.00,    0.00,    0.00,    0.00,    0.00,    0.00,    0.00,    0.00,    0.00,    0.00,    0.00,    0.00,    0.00,    0.00,    0.00,    0.00,    0.00,    0.00,    0.00,    0.00,    0.00,    0.00,    0.00,    0.00,    0.00,    0.00,    0.00,    0.00,   44.52,   2554.72,   1645.42,      1.03,      0.01,   2555.74,   1645.43,   4201.17
2025-11-21,07:19:55.906,   55.96,  457.43,    0.00,    0.00,,,,,,,,,   58.00,  830.12,    0.00,    0.00,,,,,   89.07,  725.54,    0.00,    0.00,  203.03, 2013.09,    0.00,    0.00,    0.98,    0.98,    0.00,    0.00,    0.00,    0.00,    0.00,    0.00,    0.00,    0.00,    0.00,    0.00,    0.00,    0.00,    0.00,    0.00,    0.00,    0.00,    0.00,    0.00,    0.00,    0.00,    0.00,    0.00,    0.00,    0.00,    0.00,    0.00,    0.00,    0.00,    0.00,    0.00, 2216.11,    2.86,    6.46,    0.00,    0.00,,,,,,,,,    3.23,    7.12,    0.00,    0.00,,,,,    6.15,    9.29,    0.00,    0.00,   12.24,   22.86,    0.00,    0.00,    0.87,    0.92,    0.00,    0.00,    0.00,    0.00,    0.00,    0.00,    0.00,    0.00,    0.00,    0.00,    0.00,    0.00,    0.00,    0.00,    0.00,    0.00,    0.00,    0.00,    0.00,    0.00,    0.00,    0.00,    0.00,    0.00,    0.00,    0.00,    0.00,    0.00,    0.00,    0.00,   35.11,    215.27,   2035.95,      0.00,      0.00,    215.27,   2035.95,   2251.22
2025-11-21,07:19:56.406,   49.04,  496.58,    0.00,    0.00,,,,,,,,,   43.74,  901.81,    0.00,    0.00,,,,,   70.79,  718.47,    0.00,    0.00,  163.57, 2116.86,    0.00,    0.00,    0.99,    0.99,    0.00,    0.00,    0.00,    0.00,    0.00,    0.00,    0.00,    0.00,    0.00,    0.00,    0.00,    0.00,    0.00,    0.00,    0.00,    0.00,    0.00,    0.00,    0.00,    0.00,    0.00,    0.00,    0.00,    0.00,    0.00,    0.00,    0.00,    0.00,    0.00,    0.00, 2280.44,    4.06,    6.60,    0.00,    0.00,,,,,,,,,    5.29,    8.30,    0.00,    0.00,,,,,   13.94,   12.82,    0.00,    0.00,   23.29,   27.72,    0.00,    0.00,    0.90,    0.96,    0.00,    0.00,    0.00,    0.00,    0.00,    0.00,    0.00,    0.00,    0.00,    0.00,    0.00,    0.00,    0.00,    0.00,    0.00,    0.00,    0.00,    0.00,    0.00,    0.00,    0.00,    0.00,    0.00,    0.00,    0.00,    0.00,    0.00,    0.00,    0.00,    0.00,   51.01,    186.86,   2144.58,      0.00,      0.00,    186.86,   2144.58,   2331.45
2025-11-21,07:19:56.907,   48.35,  502.28,    0.00,    0.00,,,,,,,,,   39.24,  890.35,    0.00,    0.00,,,,,   53.16,  710.55,    0.00,    0.00,  140.75, 2103.18,    0.00,    0.00,    0.99,    0.99,    0.00,    0.00,    0.00,    0.00,    0.00,    0.00,    0.00,    0.00,    0.00,    0.00,    0.00,    0.00,    0.00,    0.00,    0.00,    0.00,    0.00,    0.00,    0.00,    0.00,    0.00,    0.00,    0.00,    0.00,    0.00,    0.00,    0.00,    0.00,    0.00,    0.00, 2243.93,    2.83,    5.13,    0.00,    0.00,,,,,,,,,    3.52,    5.68,    0.00,    0.00,,,,,    6.81,    8.39,    0.00,    0.00,   13.16,   19.20,    0.00,    0.00,    0.86,    0.93,    0.00,    0.00,    0.00,    0.00,    0.00,    0.00,    0.00,    0.00,    0.00,    0.00,    0.00,    0.00,    0.00,    0.00,    0.00,    0.00,    0.00,    0.00,    0.00,    0.00,    0.00,    0.00,    0.00,    0.00,    0.00,    0.00,    0.00,    0.00,    0.00,    0.00,   32.36,    153.91,   2122.38,      0.00,      0.00,    153.91,   2122.38,   2276.29
2025-11-21,07:19:57.407,   49.15,  496.57,    0.00,    0.00,    0.00,    0.00,    0.00,    0.00,,,,,   41.86,  887.67,    0.00,    0.00,,,,,   56.37,  723.84,    0.00,    0.00,  147.38, 2108.08,    0.00,    0.00,    0.99,    0.99,    0.00,    0.00,    0.00,    0.00,    0.00,    0.00,    0.00,    0.00,    0.00,    0.00,    0.00,    0.00,    0.00,    0.00,    0.00,    0.00,    0.00,    0.00,    0.00,    0.00,    0.00,    0.00,    0.00,    0.00,    0.00,    0.00,    0.00,    0.00,    0.00,    0.00, 2255.46,    1.71,    4.21,    0.00,    0.00,,,,,,,,,    2.59,    5.66,    0.00,    0.00,,,,,    5.65,    7.53,    0.00,    0.00,    9.95,   17.40,    0.00,    0.00,    0.77,    0.91,    0.00,    0.00,    0.00,    0.00,    0.00,    0.00,    0.00,    0.00,    0.00,    0.00,    0.00,    0.00,    0.00,    0.00,    0.00,    0.00,    0.00,    0.00,    0.00,    0.00,    0.00,    0.00,    0.00,    0.00,    0.00,    0.00,    0.00,    0.00,    0.00,    0.00,   27.35,    157.33,   2125.48,      0.00,      0.00,    157.33,   2125.48,   2282.80
2025-11-21,07:19:57.906,   48.20,  497.32,    0.00,    0.00,,,,,,,,,   39.86,  897.35,    0.00,    0.00,,,,,   52.53,  706.07,    0.00,    0.00,  140.59, 2100.74,    0.00,    0.00,    0.99,    0.99,    0.00,    0.00,    0.00,    0.00,    0.00,    0.00,    0.00,    0.00,    0.00,    0.00,    0.00,    0.00,    0.00,    0.00,    0.00,    0.00,    0.00,    0.00,    0.00,    0.00,    0.00,    0.00,    0.00,    0.00,    0.00,    0.00,    0.00,    0.00,    0.00,    0.00, 2241.32,    1.88,    4.28,    0.00,    0.00,,,,,,,,,    2.43,    5.20,    0.00,    0.00,,,,,    3.80,    4.84,    0.00,    0.00,    8.12,   14.32,    0.00,    0.00,    0.79,    0.88,    0.00,    0.00,    0.00,    0.00,    0.00,    0.00,    0.00,    0.00,    0.00,    0.00,    0.00,    0.00,    0.00,    0.00,    0.00,    0.00,    0.00,    0.00,    0.00,    0.00,    0.00,    0.00,    0.00,    0.00,    0.00,    0.00,    0.00,    0.00,    0.00,    0.00,   22.44,    148.70,   2115.06,      0.00,      0.00,    148.70,   2115.06,   2263.76
2025-11-21,07:19:58.407,   49.17,  504.23,    0.00,    0.00,,,,,,,,,   42.09,  910.73,    0.00,    0.00,,,,,   61.08,  694.82,    0.00,    0.00,  152.33, 2109.78,    0.00,    0.00,    0.99,    0.99,    0.00,    0.00,    0.00,    0.00,    0.00,    0.00,    0.00,    0.00,    0.00,    0.00,    0.00,    0.00,    0.00,    0.00,    0.00,    0.00,    0.00,    0.00,    0.00,    0.00,    0.00,    0.00,    0.00,    0.00,    0.00,    0.00,    0.00,    0.00,    0.00,    0.00, 2262.12,    2.10,    4.78,    0.00,    0.00,,,,,,,,,    2.88,    6.19,    0.00,    0.00,,,,,    6.82,    6.30,    0.00,    0.00,   11.80,   17.27,    0.00,    0.00,    0.81,    0.92,    0.00,    0.00,    0.00,    0.00,    0.00,    0.00,    0.00,    0.00,    0.00,    0.00,    0.00,    0.00,    0.00,    0.00,    0.00,    0.00,    0.00,    0.00,    0.00,    0.00,    0.00,    0.00,    0.00,    0.00,    0.00,    0.00,    0.00,    0.00,    0.00,    0.00,   29.07,    164.13,   2127.05,      0.00,      0.00,    164.13,   2127.05,   2291.18
2025-11-21,07:19:58.907,   52.21,  538.35,    0.00,    0.00,,,,,,,,,   42.30,  960.92,    0.00,    0.00,,,,,   46.02,  603.91,    0.00,    0.00,  140.54, 2103.19,    0.00,    0.00,    0.99,    0.99,    0.00,    0.00,    0.00,    0.00,    0.00,    0.00,    0.00,    0.00,    0.00,    0.00,    0.00,    0.00,    0.00,    0.00,    0.00,    0.00,    0.00,    0.00,    0.00,    0.00,    0.00,    0.00,    0.00,    0.00,    0.00,    0.00,    0.00,    0.00,    0.00,    0.00, 2243.73,    1.85,    4.18,    0.00,    0.00,,,,,,,,,    2.38,    5.01,    0.00,    0.00,,,,,    3.80,    4.57,    0.00,    0.00,    8.03,   13.76,    0.00,    0.00,    0.79,    0.88,    0.00,    0.00,    0.00,    0.00,    0.00,    0.00,    0.00,    0.00,    0.00,    0.00,    0.00,    0.00,    0.00,    0.00,    0.00,    0.00,    0.00,    0.00,    0.00,    0.00,    0.00,    0.00,    0.00,    0.00,    0.00,    0.00,    0.00,    0.00,    0.00,    0.00,   21.79,    148.57,   2116.95,      0.00,      0.00,    148.57,   2116.95,   2265.53
2025-11-21,07:19:59.407,  110.83,  550.56,    0.00,    0.00,    0.00,    0.00,    1.13,    0.01,,,,,  151.82,  953.05,    0.00,    0.00,,,,,  120.76,  543.03,    0.00,    0.00,  383.42, 2046.63,    1.13,    0.01,    0.96,    0.96,    0.00,    0.00,    0.00,    0.00,    0.00,    0.00,    0.00,    0.00,    0.00,    0.00,    0.00,    0.00,    0.00,    0.00,    0.00,    0.00,    0.00,    0.00,    0.00,    0.00,    0.00,    0.00,    0.00,    0.00,    0.00,    0.00,    0.00,    0.00,    0.00,    0.00, 2430.05,    3.68,    6.11,    0.00,    0.00,,,,,,,,,    5.67,    7.99,    0.00,    0.00,,,,,    9.52,    9.34,    0.00,    0.00,   18.88,   23.43,    0.00,    0.00,    0.90,    0.95,    0.00,    0.00,    0.00,    0.00,    0.00,    0.00,    0.00,    0.00,    0.00,    0.00,    0.00,    0.00,    0.00,    0.00,    0.00,    0.00,    0.00,    0.00,    0.00,    0.00,    0.00,    0.00,    0.00,    0.00,    0.00,    0.00,    0.00,    0.00,    0.00,    0.00,   42.31,    402.30,   2070.06,      1.13,      0.01,    403.43,   2070.07,   2473.49
2025-11-21,07:19:59.907,   44.67,  588.99,    0.00,    0.00,    0.00,    0.00, 2362.85,    0.00,,,,,   77.06, 1064.89,    0.00,    0.00,,,,,   67.81,  849.50,    0.00,    0.00,  189.54, 2503.37, 2362.85,    0.00,    0.04,    0.12,    0.00,    0.00,    0.00,    0.00,    0.00,    0.00,    0.00,    0.00,    0.00,    0.00,    0.00,    0.00,    0.00,    0.00,    0.00,    0.00,    0.00,    0.00,    0.00,    0.00,    0.00,    0.00,    0.00,    0.00,    0.00,    0.00,    0.00,    0.00,    0.00,    0.00, 2692.91,    2.13,    2.75,    0.00,    0.00,,,,,,,,,    2.58,    3.41,    0.00,    0.00,,,,,    2.99,    3.68,    0.00,    0.00,    7.69,    9.84,    0.00,    0.00,    0.82,    0.86,    0.00,    0.00,    0.00,    0.00,    0.00,    0.00,    0.00,    0.00,    0.00,    0.00,    0.00,    0.00,    0.00,    0.00,    0.00,    0.00,    0.00,    0.00,    0.00,    0.00,    0.00,    0.00,    0.00,    0.00,    0.00,    0.00,    0.00,    0.00,    0.00,    0.00,   17.54,    197.23,   2513.22,   2362.85,      0.00,   2560.09,   2513.22,   5073.31
2025-11-21,07:20:00.407,   45.43,  598.40,    0.00,    0.00,    0.00,    0.00, 2421.23,    0.00,,,,,   78.32, 1087.18,    0.00,    0.00,,,,,   65.08,  833.01,    0.00,    0.00,  188.83, 2518.59, 2421.23,    0.00,    0.02,    0.09,    0.00,    0.00,    0.00,    0.00,    0.00,    0.00,    0.00,    0.00,    0.00,    0.00,    0.00,    0.00,    0.00,    0.00,    0.00,    0.00,    0.00,    0.00,    0.00,    0.00,    0.00,    0.00,    0.00,    0.00,    0.00,    0.00,    0.00,    0.00,    0.00,    0.00, 2707.41,    2.11,    2.38,    0.00,    0.00,,,,,,,,,    3.16,    3.43,    0.00,    0.00,,,,,    7.92,    5.31,    0.00,    0.00,   13.18,   11.12,    0.00,    0.00,    0.82,    0.93,    0.00,    0.00,    0.00,    0.00,    0.00,    0.00,    0.00,    0.00,    0.00,    0.00,    0.00,    0.00,    0.00,    0.00,    0.00,    0.00,    0.00,    0.00,    0.00,    0.00,    0.00,    0.00,    0.00,    0.00,    0.00,    0.00,    0.00,    0.00,    0.00,    0.00,   24.30,    202.01,   2529.71,   2421.23,      0.00,   2623.24,   2529.71,   5152.94
2025-11-21,07:20:00.908,   61.85,  494.16,    0.00,    0.00,    0.00,    0.00,  731.70,    0.01,,,,,   80.62,  894.64,    0.00,    0.00,,,,,   68.28,  549.34,    0.00,    0.00,  210.74, 1938.13,  731.70,    0.01,    0.77,    0.73,    0.00,    0.00,    0.00,    0.00,    0.00,    0.00,    0.00,    0.00,    0.00,    0.00,    0.00,    0.00,    0.00,    0.00,    0.00,    0.00,    0.00,    0.00,    0.00,    0.00,    0.00,    0.00,    0.00,    0.00,    0.00,    0.00,    0.00,    0.00,    0.00,    0.00, 2148.88,    4.39,    7.10,    0.00,    0.00,,,,,,,,,    6.54,    9.59,    0.00,    0.00,,,,,   10.98,   11.90,    0.00,    0.00,   21.92,   28.60,    0.00,    0.00,    0.92,    0.96,    0.00,    0.00,    0.00,    0.00,    0.00,    0.00,    0.00,    0.00,    0.00,    0.00,    0.00,    0.00,    0.00,    0.00,    0.00,    0.00,    0.00,    0.00,    0.00,    0.00,    0.00,    0.00,    0.00,    0.00,    0.00,    0.00,    0.00,    0.00,    0.00,    0.00,   50.52,    232.67,   1966.73,    731.70,      0.01,    964.37,   1966.75,   2931.11
2025-11-21,07:20:01.408,    3.16,    4.36,    0.00,    0.00,,,,,,,,,    7.97,    9.60,    0.00,    0.00,,,,,   33.47,   19.68,    0.00,    0.00,   44.60,   33.64,    0.00,    0.00,    0.88,    0.98,    0.00,    0.00,    0.00,    0.00,    0.00,    0.00,    0.00,    0.00,    0.00,    0.00,    0.00,    0.00,    0.00,    0.00,    0.00,    0.00,    0.00,    0.00,    0.00,    0.00,    0.00,    0.00,    0.00,    0.00,    0.00,    0.00,    0.00,    0.00,    0.00,    0.00,   78.24,    4.57,    4.46,    0.00,    0.00,,,,,,,,,    7.52,    7.45,    0.00,    0.00,,,,,   18.99,   12.82,    0.00,    0.00,   31.08,   24.72,    0.00,    0.00,    0.92,    0.97,    0.00,    0.00,    0.00,    0.00,    0.00,    0.00,    0.00,    0.00,    0.00,    0.00,    0.00,    0.00,    0.00,    0.00,    0.00,    0.00,    0.00,    0.00,    0.00,    0.00,    0.00,    0.00,    0.00,    0.00,    0.00,    0.00,    0.00,    0.00,    0.00,    0.00,   55.80,     75.67,     58.37,      0.00,      0.00,     75.67,     58.37,    134.04
2025-11-21,07:20:01.908,   38.82,    9.88,    0.00,    0.00,    0.00,    0.00,   44.23,    0.00,,,,,   61.54,   17.59,    0.00,    0.00,,,,,   50.05,   13.79,    0.00,    0.00,  150.41,   41.26,   44.23,    0.00,    0.99,    0.99,    0.00,    0.00,    0.00,    0.00,    0.00,    0.00,    0.00,    0.00,    0.00,    0.00,    0.00,    0.00,    0.00,    0.00,    0.00,    0.00,    0.00,    0.00,    0.00,    0.00,    0.00,    0.00,    0.00,    0.00,    0.00,    0.00,    0.00,    0.00,    0.00,    0.00,  191.67,    2.39,    2.64,    0.00,    0.00,    0.00,    0.00,    0.00,    0.00,,,,,    3.27,    3.39,    0.00,    0.00,,,,,    4.96,    5.69,    0.00,    0.00,   10.63,   11.72,    0.00,    0.00,    0.84,    0.91,    0.00,    0.00,    0.00,    0.00,    0.00,    0.00,    0.00,    0.00,    0.00,    0.00,    0.00,    0.00,    0.00,    0.00,    0.00,    0.00,    0.00,    0.00,    0.00,    0.00,    0.00,    0.00,    0.00,    0.00,    0.00,    0.00,    0.00,    0.00,    0.00,    0.00,   22.34,    161.04,     52.98,     44.23,      0.00,    205.27,     52.98,    258.25
2025-11-21,07:20:02.408,  663.95,    1.47,    0.00,    0.00,    0.00,    0.00,  874.32,    0.08,,,,, 1021.38,    2.80,    0.00,    0.00,,,,,  751.91,   10.58,    0.00,    0.00, 2437.24,   14.86,  874.32,    0.08,    1.00,    1.00,    0.00,    0.00,    0.00,    0.00,    0.00,    0.00,    0.00,    0.00,    0.00,    0.00,    0.00,    0.00,    0.00,    0.00,    0.00,    0.00,    0.00,    0.00,    0.00,    0.00,    0.00,    0.00,    0.00,    0.00,    0.00,    0.00,    0.00,    0.00,    0.00,    0.00, 2452.10,    1.68,    2.95,    0.00,    0.00,,,,,,,,,    2.11,    3.69,    0.00,    0.00,,,,,    2.89,    3.29,    0.00,    0.00,    6.68,    9.93,    0.00,    0.00,    0.77,    0.84,    0.00,    0.00,    0.00,    0.00,    0.00,    0.00,    0.00,    0.00,    0.00,    0.00,    0.00,    0.00,    0.00,    0.00,    0.00,    0.00,    0.00,    0.00,    0.00,    0.00,    0.00,    0.00,    0.00,    0.00,    0.00,    0.00,    0.00,    0.00,    0.00,    0.00,   16.61,   2443.92,     24.78,    874.32,      0.08,   3318.24,     24.87,   3343.11
2025-11-21,07:20:02.909,  661.51,    2.25,    0.00,    0.00,    0.00,    0.00,  875.61,    0.07,,,,, 1018.59,    4.37,    0.00,    0.00,,,,,  747.06,   12.64,    0.00,    0.00, 2427.16,   19.26,  875.61,    0.07,    1.00,    1.00,    0.00,    0.00,    0.00,    0.00,    0.00,    0.00,    0.00,    0.00,    0.00,    0.00,    0.00,    0.00,    0.00,    0.00,    0.00,    0.00,    0.00,    0.00,    0.00,    0.00,    0.00,    0.00,    0.00,    0.00,    0.00,    0.00,    0.00,    0.00,    0.00,    0.00, 2446.43,    1.84,    2.95,    0.00,    0.00,,,,,,,,,    2.43,    3.79,    0.00,    0.00,,,,,    3.00,    3.95,    0.00,    0.00,    7.27,   10.69,    0.00,    0.00,    0.79,    0.86,    0.00,    0.00,    0.00,    0.00,    0.00,    0.00,    0.00,    0.00,    0.00,    0.00,    0.00,    0.00,    0.00,    0.00,    0.00,    0.00,    0.00,    0.00,    0.00,    0.00,    0.00,    0.00,    0.00,    0.00,    0.00,    0.00,    0.00,    0.00,    0.00,    0.00,   17.97,   2434.44,     29.96,    875.61,      0.07,   3310.05,     30.03,   3340.07
2025-11-21,07:20:03.409,  661.00,    1.58,    0.00,    0.00,    0.00,    0.00,  874.88,    0.07,,,,, 1015.28,    2.92,    0.00,    0.00,,,,,  746.05,   10.16,    0.00,    0.00, 2422.32,   14.65,  874.88,    0.07,    1.00,    1.00,    0.00,    0.00,    0.00,    0.00,    0.00,    0.00,    0.00,    0.00,    0.00,    0.00,    0.00,    0.00,    0.00,    0.00,    0.00,    0.00,    0.00,    0.00,    0.00,    0.00,    0.00,    0.00,    0.00,    0.00,    0.00,    0.00,    0.00,    0.00,    0.00,    0.00, 2436.98,    1.75,    2.95,    0.00,    0.00,,,,,,,,,    2.55,    3.90,    0.00,    0.00,,,,,    3.02,    4.06,    0.00,    0.00,    7.32,   10.90,    0.00,    0.00,    0.78,    0.86,    0.00,    0.00,    0.00,    0.00,    0.00,    0.00,    0.00,    0.00,    0.00,    0.00,    0.00,    0.00,    0.00,    0.00,    0.00,    0.00,    0.00,    0.00,    0.00,    0.00,    0.00,    0.00,    0.00,    0.00,    0.00,    0.00,    0.00,    0.00,    0.00,    0.00,   18.22,   2429.64,     25.56,    874.88,      0.07,   3304.52,     25.63,   3330.15
2025-11-21,07:20:03.909,  661.26,    1.20,    0.00,    0.00,    0.00,    0.00,  875.19,    0.08,,,,, 1013.76,    2.08,    0.00,    0.00,,,,,  740.49,    8.68,    0.00,    0.00, 2415.51,   11.96,  875.19,    0.08,    1.00,    1.00,    0.00,    0.00,    0.00,    0.00,    0.00,    0.00,    0.00,    0.00,    0.00,    0.00,    0.00,    0.00,    0.00,    0.00,    0.00,    0.00,    0.00,    0.00,    0.00,    0.00,    0.00,    0.00,    0.00,    0.00,    0.00,    0.00,    0.00,    0.00,    0.00,    0.00, 2427.47,    1.43,    2.43,    0.00,    0.00,,,,,,,,,    1.78,    2.87,    0.00,    0.00,,,,,    2.12,    2.45,    0.00,    0.00,    5.32,    7.75,    0.00,    0.00,    0.73,    0.80,    0.00,    0.00,    0.00,    0.00,    0.00,    0.00,    0.00,    0.00,    0.00,    0.00,    0.00,    0.00,    0.00,    0.00,    0.00,    0.00,    0.00,    0.00,    0.00,    0.00,    0.00,    0.00,    0.00,    0.00,    0.00,    0.00,    0.00,    0.00,    0.00,    0.00,   13.07,   2420.83,     19.71,    875.19,      0.08,   3296.02,     19.78,   3315.81
2025-11-21,07:20:04.409,  660.38,    2.34,    0.00,    0.00,    0.00,    0.00,  873.77,    0.07,,,,, 1015.64,    4.67,    0.00,    0.00,,,,,  749.05,   13.67,    0.00,    0.00, 2425.07,   20.68,  873.77,    0.07,    1.00,    1.00,    0.00,    0.00,    0.00,    0.00,    0.00,    0.00,    0.00,    0.00,    0.00,    0.00,    0.00,    0.00,    0.00,    0.00,    0.00,    0.00,    0.00,    0.00,    0.00,    0.00,    0.00,    0.00,    0.00,    0.00,    0.00,    0.00,    0.00,    0.00,    0.00,    0.00, 2445.75,    1.94,    2.64,    0.00,    0.00,,,,,,,,,    2.79,    3.77,    0.00,    0.00,,,,,    6.57,    4.69,    0.00,    0.00,   11.30,   11.10,    0.00,    0.00,    0.80,    0.92,    0.00,    0.00,    0.00,    0.00,    0.00,    0.00,    0.00,    0.00,    0.00,    0.00,    0.00,    0.00,    0.00,    0.00,    0.00,    0.00,    0.00,    0.00,    0.00,    0.00,    0.00,    0.00,    0.00,    0.00,    0.00,    0.00,    0.00,    0.00,    0.00,    0.00,   22.40,   2436.37,     31.78,    873.77,      0.07,   3310.14,     31.85,   3341.99
2025-11-21,07:20:04.909,  658.41,    1.34,    0.00,    0.00,    0.00,    0.00,  872.37,    0.07,,,,, 1011.89,    2.29,    0.00,    0.00,,,,,  742.47,    8.77,    0.00,    0.00, 2412.78,   12.41,  872.37,    0.07,    1.00,    1.00,    0.00,    0.00,    0.00,    0.00,    0.00,    0.00,    0.00,    0.00,    0.00,    0.00,    0.00,    0.00,    0.00,    0.00,    0.00,    0.00,    0.00,    0.00,    0.00,    0.00,    0.00,    0.00,    0.00,    0.00,    0.00,    0.00,    0.00,    0.00,    0.00,    0.00, 2425.18,    1.50,    2.40,    0.00,    0.00,,,,,,,,,    1.98,    2.91,    0.00,    0.00,,,,,    2.36,    2.53,    0.00,    0.00,    5.84,    7.84,    0.00,    0.00,    0.74,    0.82,    0.00,    0.00,    0.00,    0.00,    0.00,    0.00,    0.00,    0.00,    0.00,    0.00,    0.00,    0.00,    0.00,    0.00,    0.00,    0.00,    0.00,    0.00,    0.00,    0.00,    0.00,    0.00,    0.00,    0.00,    0.00,    0.00,    0.00,    0.00,    0.00,    0.00,   13.68,   2418.62,     20.25,    872.37,      0.07,   3290.99,     20.32,   3311.31
2025-11-21,07:20:05.409,  658.99,    1.24,    0.00,    0.00,    0.00,    0.00,  873.71,    0.07,,,,, 1014.04,    2.23,    0.00,    0.00,,,,,  744.99,   10.02,    0.00,    0.00, 2418.02,   13.49,  873.71,    0.07,    1.00,    1.00,    0.00,    0.00,    0.00,    0.00,    0.00,    0.00,    0.00,    0.00,    0.00,    0.00,    0.00,    0.00,    0.00,    0.00,    0.00,    0.00,    0.00,    0.00,    0.00,    0.00,    0.00,    0.00,    0.00,    0.00,    0.00,    0.00,    0.00,    0.00,    0.00,    0.00, 2431.51,    1.70,    2.73,    0.00,    0.00,,,,,,,,,    2.44,    3.46,    0.00,    0.00,,,,,    3.35,    3.51,    0.00,    0.00,    7.49,    9.71,    0.00,    0.00,    0.77,    0.86,    0.00,    0.00,    0.00,    0.00,    0.00,    0.00,    0.00,    0.00,    0.00,    0.00,    0.00,    0.00,    0.00,    0.00,    0.00,    0.00,    0.00,    0.00,    0.00,    0.00,    0.00,    0.00,    0.00,    0.00,    0.00,    0.00,    0.00,    0.00,    0.00,    0.00,   17.20,   2425.52,     23.20,    873.71,      0.07,   3299.22,     23.27,   3322.49
2025-11-21,07:20:05.909,  660.19,    1.24,    0.00,    0.00,    0.00,    0.00,  875.43,    0.07,,,,, 1013.85,    2.22,    0.00,    0.00,,,,,  743.56,    9.64,    0.00,    0.00, 2417.60,   13.09,  875.43,    0.07,    1.00,    1.00,    0.00,    0.00,    0.00,    0.00,    0.00,    0.00,    0.00,    0.00,    0.00,    0.00,    0.00,    0.00,    0.00,    0.00,    0.00,    0.00,    0.00,    0.00,    0.00,    0.00,    0.00,    0.00,    0.00,    0.00,    0.00,    0.00,    0.00,    0.00,    0.00,    0.00, 2430.69,    1.48,    2.69,    0.00,    0.00,,,,,,,,,    1.77,    3.36,    0.00,    0.00,,,,,    1.96,    2.90,    0.00,    0.00,    5.21,    8.95,    0.00,    0.00,    0.74,    0.79,    0.00,    0.00,    0.00,    0.00,    0.00,    0.00,    0.00,    0.00,    0.00,    0.00,    0.00,    0.00,    0.00,    0.00,    0.00,    0.00,    0.00,    0.00,    0.00,    0.00,    0.00,    0.00,    0.00,    0.00,    0.00,    0.00,    0.00,    0.00,    0.00,    0.00,   14.15,   2422.81,     22.04,    875.43,      0.07,   3298.24,     22.11,   3320.35
2025-11-21,07:20:06.409,  657.30,    2.11,    0.00,    0.00,    0.00,    0.00,  873.38,    0.07,,,,, 1014.45,    5.03,    0.00,    0.00,,,,,  762.48,   17.43,    0.00,    0.00, 2434.23,   24.57,  873.38,    0.07,    1.00,    1.00,    0.00,    0.00,    0.00,    0.00,    0.00,    0.00,    0.00,    0.00,    0.00,    0.00,    0.00,    0.00,    0.00,    0.00,    0.00,    0.00,    0.00,    0.00,    0.00,    0.00,    0.00,    0.00,    0.00,    0.00,    0.00,    0.00,    0.00,    0.00,    0.00,    0.00, 2458.80,    3.01,    3.96,    0.00,    0.00,,,,,,,,,    4.46,    6.74,    0.00,    0.00,,,,,   11.79,   10.00,    0.00,    0.00,   19.25,   20.70,    0.00,    0.00,    0.87,    0.95,    0.00,    0.00,    0.00,    0.00,    0.00,    0.00,    0.00,    0.00,    0.00,    0.00,    0.00,    0.00,    0.00,    0.00,    0.00,    0.00,    0.00,    0.00,    0.00,    0.00,    0.00,    0.00,    0.00,    0.00,    0.00,    0.00,    0.00,    0.00,    0.00,    0.00,   39.95,   2453.49,     45.27,    873.38,      0.07,   3326.87,     45.34,   3372.22
2025-11-21,07:20:06.909,  660.67,    1.47,    0.00,    0.00,    0.00,    0.00,  874.97,    0.06,,,,, 1016.15,    2.54,    0.00,    0.00,,,,,  742.40,    9.60,    0.00,    0.00, 2419.22,   13.61,  874.97,    0.06,    1.00,    1.00,    0.00,    0.00,    0.00,    0.00,    0.00,    0.00,    0.00,    0.00,    0.00,    0.00,    0.00,    0.00,    0.00,    0.00,    0.00,    0.00,    0.00,    0.00,    0.00,    0.00,    0.00,    0.00,    0.00,    0.00,    0.00,    0.00,    0.00,    0.00,    0.00,    0.00, 2432.82,    1.81,    2.50,    0.00,    0.00,,,,,,,,,    2.52,    3.33,    0.00,    0.00,,,,,    3.22,    3.71,    0.00,    0.00,    7.54,    9.54,    0.00,    0.00,    0.79,    0.87,    0.00,    0.00,    0.00,    0.00,    0.00,    0.00,    0.00,    0.00,    0.00,    0.00,    0.00,    0.00,    0.00,    0.00,    0.00,    0.00,    0.00,    0.00,    0.00,    0.00,    0.00,    0.00,    0.00,    0.00,    0.00,    0.00,    0.00,    0.00,    0.00,    0.00,   17.09,   2426.76,     23.15,    874.97,      0.06,   3301.73,     23.21,   3324.95
2025-11-21,07:20:07.409,  663.29,    3.84,    0.00,    0.00,    0.00,    0.00,  875.06,    0.07,,,,, 1020.59,    8.01,    0.00,    0.00,,,,,  760.55,   18.49,    0.00,    0.00, 2444.42,   30.35,  875.06,    0.07,    1.00,    1.00,    0.00,    0.00,    0.00,    0.00,    0.00,    0.00,    0.00,    0.00,    0.00,    0.00,    0.00,    0.00,    0.00,    0.00,    0.00,    0.00,    0.00,    0.00,    0.00,    0.00,    0.00,    0.00,    0.00,    0.00,    0.00,    0.00,    0.00,    0.00,    0.00,    0.00, 2474.78,    4.27,    4.32,    0.00,    0.00,,,,,,,,,    7.48,    6.97,    0.00,    0.00,,,,,   12.08,    9.57,    0.00,    0.00,   23.83,   20.86,    0.00,    0.00,    0.91,    0.96,    0.00,    0.00,    0.00,    0.00,    0.00,    0.00,    0.00,    0.00,    0.00,    0.00,    0.00,    0.00,    0.00,    0.00,    0.00,    0.00,    0.00,    0.00,    0.00,    0.00,    0.00,    0.00,    0.00,    0.00,    0.00,    0.00,    0.00,    0.00,    0.00,    0.00,   44.68,   2468.25,     51.21,    875.06,      0.07,   3343.31,     51.28,   3394.59
2025-11-21,07:20:07.910,  659.29,    1.28,    0.00,    0.00,    0.00,    0.00,  875.27,    0.07,,,,, 1014.54,    2.28,    0.00,    0.00,,,,,  742.86,    9.63,    0.00,    0.00, 2416.69,   13.18,  875.27,    0.07,    1.00,    1.00,    0.00,    0.00,    0.00,    0.00,    0.00,    0.00,    0.00,    0.00,    0.00,    0.00,    0.00,    0.00,    0.00,    0.00,    0.00,    0.00,    0.00,    0.00,    0.00,    0.00,    0.00,    0.00,    0.00,    0.00,    0.00,    0.00,    0.00,    0.00,    0.00,    0.00, 2429.87,    1.79,    2.28,    0.00,    0.00,,,,,,,,,    2.50,    2.91,    0.00,    0.00,,,,,    3.19,    2.83,    0.00,    0.00,    7.48,    8.01,    0.00,    0.00,    0.78,    0.86,    0.00,    0.00,    0.00,    0.00,    0.00,    0.00,    0.00,    0.00,    0.00,    0.00,    0.00,    0.00,    0.00,    0.00,    0.00,    0.00,    0.00,    0.00,    0.00,    0.00,    0.00,    0.00,    0.00,    0.00,    0.00,    0.00,    0.00,    0.00,    0.00,    0.00,   15.49,   2424.17,     21.19,    875.27,      0.07,   3299.45,     21.26,   3320.71
2025-11-21,07:20:08.410,  658.34,    1.03,    0.00,    0.00,    0.00,    0.00,  875.47,    0.07,,,,, 1014.53,    1.89,    0.00,    0.00,,,,,  742.89,    9.01,    0.00,    0.00, 2415.76,   11.93,  875.47,    0.07,    1.00,    1.00,    0.00,    0.00,    0.00,    0.00,    0.00,    0.00,    0.00,    0.00,    0.00,    0.00,    0.00,    0.00,    0.00,    0.00,    0.00,    0.00,    0.00,    0.00,    0.00,    0.00,    0.00,    0.00,    0.00,    0.00,    0.00,    0.00,    0.00,    0.00,    0.00,    0.00, 2427.69,    1.11,    2.02,    0.00,    0.00,,,,,,,,,    1.33,    2.41,    0.00,    0.00,,,,,    1.64,    2.07,    0.00,    0.00,    4.08,    6.49,    0.00,    0.00,    0.65,    0.73,    0.00,    0.00,    0.00,    0.00,    0.00,    0.00,    0.00,    0.00,    0.00,    0.00,    0.00,    0.00,    0.00,    0.00,    0.00,    0.00,    0.00,    0.00,    0.00,    0.00,    0.00,    0.00,    0.00,    0.00,    0.00,    0.00,    0.00,    0.00,    0.00,    0.00,   10.58,   2419.84,     18.43,    875.47,      0.07,   3295.31,     18.50,   3313.81
2025-11-21,07:20:08.910,  661.95,    1.24,    0.00,    0.00,    0.00,    0.00,  876.46,    0.07,,,,, 1016.64,    2.08,    0.00,    0.00,,,,,  741.86,    8.81,    0.00,    0.00, 2420.45,   12.13,  876.46,    0.07,    1.00,    1.00,    0.00,    0.00,    0.00,    0.00,    0.00,    0.00,    0.00,    0.00,    0.00,    0.00,    0.00,    0.00,    0.00,    0.00,    0.00,    0.00,    0.00,    0.00,    0.00,    0.00,    0.00,    0.00,    0.00,    0.00,    0.00,    0.00,    0.00,    0.00,    0.00,    0.00, 2432.59,    1.37,    2.33,    0.00,    0.00,,,,,,,,,    1.71,    2.74,    0.00,    0.00,,,,,    1.90,    2.37,    0.00,    0.00,    4.98,    7.45,    0.00,    0.00,    0.72,    0.79,    0.00,    0.00,    0.00,    0.00,    0.00,    0.00,    0.00,    0.00,    0.00,    0.00,    0.00,    0.00,    0.00,    0.00,    0.00,    0.00,    0.00,    0.00,    0.00,    0.00,    0.00,    0.00,    0.00,    0.00,    0.00,    0.00,    0.00,    0.00,    0.00,    0.00,   12.43,   2425.43,     19.59,    876.46,      0.07,   3301.89,     19.65,   3321.55
2025-11-21,07:20:09.410,  658.93,    1.19,    0.00,    0.00,    0.00,    0.00,  874.27,    0.07,,,,, 1014.79,    2.15,    0.00,    0.00,,,,,  743.74,    9.29,    0.00,    0.00, 2417.46,   12.62,  874.27,    0.07,    1.00,    1.00,    0.00,    0.00,    0.00,    0.00,    0.00,    0.00,    0.00,    0.00,    0.00,    0.00,    0.00,    0.00,    0.00,    0.00,    0.00,    0.00,    0.00,    0.00,    0.00,    0.00,    0.00,    0.00,    0.00,    0.00,    0.00,    0.00,    0.00,    0.00,    0.00,    0.00, 2430.08,    1.23,    2.40,    0.00,    0.00,,,,,,,,,    1.61,    2.90,    0.00,    0.00,,,,,    1.97,    2.49,    0.00,    0.00,    4.81,    7.78,    0.00,    0.00,    0.68,    0.78,    0.00,    0.00,    0.00,    0.00,    0.00,    0.00,    0.00,    0.00,    0.00,    0.00,    0.00,    0.00,    0.00,    0.00,    0.00,    0.00,    0.00,    0.00,    0.00,    0.00,    0.00,    0.00,    0.00,    0.00,    0.00,    0.00,    0.00,    0.00,    0.00,    0.00,   12.59,   2422.28,     20.40,    874.27,      0.07,   3296.55,     20.47,   3317.02
2025-11-21,07:20:09.910,  657.37,    1.32,    0.00,    0.00,    0.00,    0.00,  875.36,    0.07,,,,, 1014.45,    2.16,    0.00,    0.00,,,,,  743.53,    9.31,    0.00,    0.00, 2415.36,   12.78,  875.36,    0.07,    1.00,    1.00,    0.00,    0.00,    0.00,    0.00,    0.00,    0.00,    0.00,    0.00,    0.00,    0.00,    0.00,    0.00,    0.00,    0.00,    0.00,    0.00,    0.00,    0.00,    0.00,    0.00,    0.00,    0.00,    0.00,    0.00,    0.00,    0.00,    0.00,    0.00,    0.00,    0.00, 2428.14,    1.87,    2.52,    0.00,    0.00,    0.00,    0.00,    0.00,    0.00,,,,,    3.01,    3.42,    0.00,    0.00,,,,,    4.16,    3.52,    0.00,    0.00,    9.05,    9.45,    0.00,    0.00,    0.79,    0.89,    0.00,    0.00,    0.00,    0.00,    0.00,    0.00,    0.00,    0.00,    0.00,    0.00,    0.00,    0.00,    0.00,    0.00,    0.00,    0.00,    0.00,    0.00,    0.00,    0.00,    0.00,    0.00,    0.00,    0.00,    0.00,    0.00,    0.00,    0.00,    0.00,    0.00,   18.50,   2424.40,     22.24,    875.36,      0.07,   3299.77,     22.31,   3322.08
2025-11-21,07:20:10.410,  659.64,    2.72,    0.00,    0.00,    0.00,    0.00,  873.10,    0.07,,,,, 1014.09,    5.59,    0.00,    0.00,,,,,  752.29,   15.75,    0.00,    0.00, 2426.02,   24.07,  873.10,    0.07,    1.00,    1.00,    0.00,    0.00,    0.00,    0.00,    0.00,    0.00,    0.00,    0.00,    0.00,    0.00,    0.00,    0.00,    0.00,    0.00,    0.00,    0.00,    0.00,    0.00,    0.00,    0.00,    0.00,    0.00,    0.00,    0.00,    0.00,    0.00,    0.00,    0.00,    0.00,    0.00, 2450.09,    2.77,    3.81,    0.00,    0.00,,,,,,,,,    4.62,    6.57,    0.00,    0.00,,,,,   35.65,   11.10,    0.00,    0.00,   43.03,   21.47,    0.00,    0.00,    0.86,    0.98,    0.00,    0.00,    0.00,    0.00,    0.00,    0.00,    0.00,    0.00,    0.00,    0.00,    0.00,    0.00,    0.00,    0.00,    0.00,    0.00,    0.00,    0.00,    0.00,    0.00,    0.00,    0.00,    0.00,    0.00,    0.00,    0.00,    0.00,    0.00,    0.00,    0.00,   64.50,   2469.05,     45.54,    873.10,      0.07,   3342.15,     45.61,   3387.76
2025-11-21,07:20:10.910,  659.53,    1.40,    0.00,    0.00,    0.00,    0.00,  874.45,    0.07,,,,, 1015.96,    2.49,    0.00,    0.00,,,,,  745.97,   10.17,    0.00,    0.00, 2421.45,   14.07,  874.45,    0.07,    1.00,    1.00,    0.00,    0.00,    0.00,    0.00,    0.00,    0.00,    0.00,    0.00,    0.00,    0.00,    0.00,    0.00,    0.00,    0.00,    0.00,    0.00,    0.00,    0.00,    0.00,    0.00,    0.00,    0.00,    0.00,    0.00,    0.00,    0.00,    0.00,    0.00,    0.00,    0.00, 2435.52,    2.39,    2.86,    0.00,    0.00,,,,,,,,,    3.25,    3.58,    0.00,    0.00,,,,,    4.39,    3.89,    0.00,    0.00,   10.03,   10.33,    0.00,    0.00,    0.84,    0.90,    0.00,    0.00,    0.00,    0.00,    0.00,    0.00,    0.00,    0.00,    0.00,    0.00,    0.00,    0.00,    0.00,    0.00,    0.00,    0.00,    0.00,    0.00,    0.00,    0.00,    0.00,    0.00,    0.00,    0.00,    0.00,    0.00,    0.00,    0.00,    0.00,    0.00,   20.36,   2431.48,     24.39,    874.45,      0.07,   3305.93,     24.46,   3330.40
2025-11-21,07:20:11.410,  660.50,    1.44,    0.00,    0.00,    0.00,    0.00,  874.83,    0.08,,,,, 1016.33,    2.75,    0.00,    0.00,,,,,  743.89,   10.16,    0.00,    0.00, 2420.72,   14.35,  874.83,    0.08,    1.00,    1.00,    0.00,    0.00,    0.00,    0.00,    0.00,    0.00,    0.00,    0.00,    0.00,    0.00,    0.00,    0.00,    0.00,    0.00,    0.00,    0.00,    0.00,    0.00,    0.00,    0.00,    0.00,    0.00,    0.00,    0.00,    0.00,    0.00,    0.00,    0.00,    0.00,    0.00, 2435.07,    1.84,    2.68,    0.00,    0.00,,,,,,,,,    2.66,    3.39,    0.00,    0.00,,,,,    3.33,    3.58,    0.00,    0.00,    7.82,    9.64,    0.00,    0.00,    0.79,    0.87,    0.00,    0.00,    0.00,    0.00,    0.00,    0.00,    0.00,    0.00,    0.00,    0.00,    0.00,    0.00,    0.00,    0.00,    0.00,    0.00,    0.00,    0.00,    0.00,    0.00,    0.00,    0.00,    0.00,    0.00,    0.00,    0.00,    0.00,    0.00,    0.00,    0.00,   17.46,   2428.55,     23.99,    874.83,      0.08,   3303.38,     24.06,   3327.44
2025-11-21,07:20:11.910,  663.97,    5.54,    0.00,    0.00,    0.00,    0.00,  875.94,    0.07,,,,, 1023.96,   12.03,    0.00,    0.00,,,,,  757.92,   23.33,    0.00,    0.00, 2445.85,   40.91,  875.94,    0.07,    1.00,    1.00,    0.00,    0.00,    0.00,    0.00,    0.00,    0.00,    0.00,    0.00,    0.00,    0.00,    0.00,    0.00,    0.00,    0.00,    0.00,    0.00,    0.00,    0.00,    0.00,    0.00,    0.00,    0.00,    0.00,    0.00,    0.00,    0.00,    0.00,    0.00,    0.00,    0.00, 2486.76,    2.17,    2.74,    0.00,    0.00,,,,,,,,,    3.22,    3.88,    0.00,    0.00,,,,,    4.34,    4.91,    0.00,    0.00,    9.73,   11.53,    0.00,    0.00,    0.82,    0.90,    0.00,    0.00,    0.00,    0.00,    0.00,    0.00,    0.00,    0.00,    0.00,    0.00,    0.00,    0.00,    0.00,    0.00,    0.00,    0.00,    0.00,    0.00,    0.00,    0.00,    0.00,    0.00,    0.00,    0.00,    0.00,    0.00,    0.00,    0.00,    0.00,    0.00,   21.26,   2455.59,     52.44,    875.94,      0.07,   3331.52,     52.50,   3384.03
2025-11-21,07:20:12.410,  658.11,    0.85,    0.00,    0.00,    0.00,    0.00,  874.92,    0.07,,,,, 1013.31,    1.36,    0.00,    0.00,,,,,  742.17,    7.52,    0.00,    0.00, 2413.60,    9.73,  874.92,    0.07,    1.00,    1.00,    0.00,    0.00,    0.00,    0.00,    0.00,    0.00,    0.00,    0.00,    0.00,    0.00,    0.00,    0.00,    0.00,    0.00,    0.00,    0.00,    0.00,    0.00,    0.00,    0.00,    0.00,    0.00,    0.00,    0.00,    0.00,    0.00,    0.00,    0.00,    0.00,    0.00, 2423.33,    1.07,    1.90,    0.00,    0.00,,,,,,,,,    1.25,    2.15,    0.00,    0.00,,,,,    1.55,    1.80,    0.00,    0.00,    3.87,    5.85,    0.00,    0.00,    0.64,    0.72,    0.00,    0.00,    0.00,    0.00,    0.00,    0.00,    0.00,    0.00,    0.00,    0.00,    0.00,    0.00,    0.00,    0.00,    0.00,    0.00,    0.00,    0.00,    0.00,    0.00,    0.00,    0.00,    0.00,    0.00,    0.00,    0.00,    0.00,    0.00,    0.00,    0.00,    9.71,   2417.46,     15.58,    874.92,      0.07,   3292.38,     15.65,   3308.03
2025-11-21,07:20:12.911,  660.28,    1.00,    0.00,    0.00,    0.00,    0.00,  875.44,    0.07,,,,, 1015.15,    1.60,    0.00,    0.00,,,,,  739.78,    7.73,    0.00,    0.00, 2415.21,   10.33,  875.44,    0.07,    1.00,    1.00,    0.00,    0.00,    0.00,    0.00,    0.00,    0.00,    0.00,    0.00,    0.00,    0.00,    0.00,    0.00,    0.00,    0.00,    0.00,    0.00,    0.00,    0.00,    0.00,    0.00,    0.00,    0.00,    0.00,    0.00,    0.00,    0.00,    0.00,    0.00,    0.00,    0.00, 2425.54,    1.49,    2.17,    0.00,    0.00,,,,,,,,,    1.86,    2.65,    0.00,    0.00,,,,,    2.13,    2.44,    0.00,    0.00,    5.49,    7.26,    0.00,    0.00,    0.74,    0.81,    0.00,    0.00,    0.00,    0.00,    0.00,    0.00,    0.00,    0.00,    0.00,    0.00,    0.00,    0.00,    0.00,    0.00,    0.00,    0.00,    0.00,    0.00,    0.00,    0.00,    0.00,    0.00,    0.00,    0.00,    0.00,    0.00,    0.00,    0.00,    0.00,    0.00,   12.75,   2420.70,     17.59,    875.44,      0.07,   3296.14,     17.66,   3313.80
2025-11-21,07:20:13.411,  659.02,    2.33,    0.00,    0.00,    0.00,    0.00,  874.57,    0.07,,,,, 1015.88,    4.54,    0.00,    0.00,,,,,  758.25,   13.66,    0.00,    0.00, 2433.14,   20.53,  874.57,    0.07,    1.00,    1.00,    0.00,    0.00,    0.00,    0.00,    0.00,    0.00,    0.00,    0.00,    0.00,    0.00,    0.00,    0.00,    0.00,    0.00,    0.00,    0.00,    0.00,    0.00,    0.00,    0.00,    0.00,    0.00,    0.00,    0.00,    0.00,    0.00,    0.00,    0.00,    0.00,    0.00, 2453.67,    2.11,    2.94,    0.00,    0.00,,,,,,,,,    2.95,    4.31,    0.00,    0.00,,,,,    6.66,    5.27,    0.00,    0.00,   11.72,   12.53,    0.00,    0.00,    0.81,    0.92,    0.00,    0.00,    0.00,    0.00,    0.00,    0.00,    0.00,    0.00,    0.00,    0.00,    0.00,    0.00,    0.00,    0.00,    0.00,    0.00,    0.00,    0.00,    0.00,    0.00,    0.00,    0.00,    0.00,    0.00,    0.00,    0.00,    0.00,    0.00,    0.00,    0.00,   24.25,   2444.86,     33.06,    874.57,      0.07,   3319.43,     33.13,   3352.56
2025-11-21,07:20:13.911,  658.21,    1.22,    0.00,    0.00,    0.00,    0.00,  875.66,    0.06,,,,, 1015.41,    2.10,    0.00,    0.00,,,,,  743.52,    9.32,    0.00,    0.00, 2417.14,   12.64,  875.66,    0.06,    1.00,    1.00,    0.00,    0.00,    0.00,    0.00,    0.00,    0.00,    0.00,    0.00,    0.00,    0.00,    0.00,    0.00,    0.00,    0.00,    0.00,    0.00,    0.00,    0.00,    0.00,    0.00,    0.00,    0.00,    0.00,    0.00,    0.00,    0.00,    0.00,    0.00,    0.00,    0.00, 2429.78,    1.67,    2.21,    0.00,    0.00,,,,,,,,,    2.11,    2.79,    0.00,    0.00,,,,,    2.74,    2.61,    0.00,    0.00,    6.52,    7.61,    0.00,    0.00,    0.77,    0.84,    0.00,    0.00,    0.00,    0.00,    0.00,    0.00,    0.00,    0.00,    0.00,    0.00,    0.00,    0.00,    0.00,    0.00,    0.00,    0.00,    0.00,    0.00,    0.00,    0.00,    0.00,    0.00,    0.00,    0.00,    0.00,    0.00,    0.00,    0.00,    0.00,    0.00,   14.13,   2423.66,     20.25,    875.66,      0.06,   3299.32,     20.31,   3319.63
2025-11-21,07:20:14.411,  658.60,    1.05,    0.00,    0.00,    0.00,    0.00,  874.77,    0.07,,,,, 1013.63,    1.92,    0.00,    0.00,,,,,  744.46,    9.08,    0.00,    0.00, 2416.69,   12.05,  874.77,    0.07,    1.00,    1.00,    0.00,    0.00,    0.00,    0.00,    0.00,    0.00,    0.00,    0.00,    0.00,    0.00,    0.00,    0.00,    0.00,    0.00,    0.00,    0.00,    0.00,    0.00,    0.00,    0.00,    0.00,    0.00,    0.00,    0.00,    0.00,    0.00,    0.00,    0.00,    0.00,    0.00, 2428.74,    1.18,    2.02,    0.00,    0.00,,,,,,,,,    1.53,    2.43,    0.00,    0.00,,,,,    2.19,    2.31,    0.00,    0.00,    4.90,    6.76,    0.00,    0.00,    0.67,    0.79,    0.00,    0.00,    0.00,    0.00,    0.00,    0.00,    0.00,    0.00,    0.00,    0.00,    0.00,    0.00,    0.00,    0.00,    0.00,    0.00,    0.00,    0.00,    0.00,    0.00,    0.00,    0.00,    0.00,    0.00,    0.00,    0.00,    0.00,    0.00,    0.00,    0.00,   11.66,   2421.58,     18.81,    874.77,      0.07,   3296.35,     18.88,   3315.24
2025-11-21,07:20:14.910,  656.90,    1.00,    0.00,    0.00,    0.00,    0.00,  872.57,    0.06,,,,, 1010.72,    1.75,    0.00,    0.00,,,,,  741.33,    8.87,    0.00,    0.00, 2408.95,   11.62,  872.57,    0.06,    1.00,    1.00,    0.00,    0.00,    0.00,    0.00,    0.00,    0.00,    0.00,    0.00,    0.00,    0.00,    0.00,    0.00,    0.00,    0.00,    0.00,    0.00,    0.00,    0.00,    0.00,    0.00,    0.00,    0.00,    0.00,    0.00,    0.00,    0.00,    0.00,    0.00,    0.00,    0.00, 2420.57,    1.30,    2.14,    0.00,    0.00,,,,,,,,,    1.47,    2.51,    0.00,    0.00,,,,,    1.70,    2.35,    0.00,    0.00,    4.46,    7.00,    0.00,    0.00,    0.70,    0.75,    0.00,    0.00,    0.00,    0.00,    0.00,    0.00,    0.00,    0.00,    0.00,    0.00,    0.00,    0.00,    0.00,    0.00,    0.00,    0.00,    0.00,    0.00,    0.00,    0.00,    0.00,    0.00,    0.00,    0.00,    0.00,    0.00,    0.00,    0.00,    0.00,    0.00,   11.47,   2413.41,     18.63,    872.57,      0.06,   3285.98,     18.69,   3304.67
2025-11-21,07:20:15.410,  660.09,    1.58,    0.00,    0.00,    0.00,    0.00,  874.67,    0.07,,,,, 1015.01,    3.00,    0.00,    0.00,,,,,  746.20,   10.39,    0.00,    0.00, 2421.30,   14.97,  874.67,    0.07,    1.00,    1.00,    0.00,    0.00,    0.00,    0.00,    0.00,    0.00,    0.00,    0.00,    0.00,    0.00,    0.00,    0.00,    0.00,    0.00,    0.00,    0.00,    0.00,    0.00,    0.00,    0.00,    0.00,    0.00,    0.00,    0.00,    0.00,    0.00,    0.00,    0.00,    0.00,    0.00, 2436.27,    1.69,    2.64,    0.00,    0.00,,,,,,,,,    2.49,    3.57,    0.00,    0.00,,,,,    3.27,    3.62,    0.00,    0.00,    7.44,    9.83,    0.00,    0.00,    0.77,    0.86,    0.00,    0.00,    0.00,    0.00,    0.00,    0.00,    0.00,    0.00,    0.00,    0.00,    0.00,    0.00,    0.00,    0.00,    0.00,    0.00,    0.00,    0.00,    0.00,    0.00,    0.00,    0.00,    0.00,    0.00,    0.00,    0.00,    0.00,    0.00,    0.00,    0.00,   17.27,   2428.75,     24.80,    874.67,      0.07,   3303.42,     24.87,   3328.28
2025-11-21,07:20:15.910,  661.53,    1.20,    0.00,    0.00,    0.00,    0.00,  876.76,    0.07,,,,, 1015.91,    2.00,    0.00,    0.00,,,,,  745.34,    8.89,    0.00,    0.00, 2422.78,   12.09,  876.76,    0.07,    1.00,    1.00,    0.00,    0.00,    0.00,    0.00,    0.00,    0.00,    0.00,    0.00,    0.00,    0.00,    0.00,    0.00,    0.00,    0.00,    0.00,    0.00,    0.00,    0.00,    0.00,    0.00,    0.00,    0.00,    0.00,    0.00,    0.00,    0.00,    0.00,    0.00,    0.00,    0.00, 2434.87,    1.42,    2.61,    0.00,    0.00,,,,,,,,,    1.69,    3.13,    0.00,    0.00,,,,,    1.91,    2.64,    0.00,    0.00,    5.03,    8.38,    0.00,    0.00,    0.73,    0.79,    0.00,    0.00,    0.00,    0.00,    0.00,    0.00,    0.00,    0.00,    0.00,    0.00,    0.00,    0.00,    0.00,    0.00,    0.00,    0.00,    0.00,    0.00,    0.00,    0.00,    0.00,    0.00,    0.00,    0.00,    0.00,    0.00,    0.00,    0.00,    0.00,    0.00,   13.41,   2427.81,     20.47,    876.76,      0.07,   3304.57,     20.54,   3325.11
2025-11-21,07:20:16.410,  659.56,    1.75,    0.00,    0.00,    0.00,    0.00,  876.64,    0.07,,,,, 1015.19,    3.44,    0.00,    0.00,,,,,  753.45,   12.10,    0.00,    0.00, 2428.20,   17.30,  876.64,    0.07,    1.00,    1.00,    0.00,    0.00,    0.00,    0.00,    0.00,    0.00,    0.00,    0.00,    0.00,    0.00,    0.00,    0.00,    0.00,    0.00,    0.00,    0.00,    0.00,    0.00,    0.00,    0.00,    0.00,    0.00,    0.00,    0.00,    0.00,    0.00,    0.00,    0.00,    0.00,    0.00, 2445.50,    1.85,    2.56,    0.00,    0.00,,,,,,,,,    2.67,    3.71,    0.00,    0.00,,,,,    5.66,    4.66,    0.00,    0.00,   10.19,   10.93,    0.00,    0.00,    0.79,    0.91,    0.00,    0.00,    0.00,    0.00,    0.00,    0.00,    0.00,    0.00,    0.00,    0.00,    0.00,    0.00,    0.00,    0.00,    0.00,    0.00,    0.00,    0.00,    0.00,    0.00,    0.00,    0.00,    0.00,    0.00,    0.00,    0.00,    0.00,    0.00,    0.00,    0.00,   21.12,   2438.39,     28.23,    876.64,      0.07,   3315.03,     28.31,   3343.34
2025-11-21,07:20:16.910,  657.81,    1.67,    0.00,    0.00,    0.00,    0.00,  874.04,    0.07,,,,, 1014.37,    3.03,    0.00,    0.00,,,,,  745.91,   10.72,    0.00,    0.00, 2418.09,   15.41,  874.04,    0.07,    1.00,    1.00,    0.00,    0.00,    0.00,    0.00,    0.00,    0.00,    0.00,    0.00,    0.00,    0.00,    0.00,    0.00,    0.00,    0.00,    0.00,    0.00,    0.00,    0.00,    0.00,    0.00,    0.00,    0.00,    0.00,    0.00,    0.00,    0.00,    0.00,    0.00,    0.00,    0.00, 2433.51,    1.90,    2.42,    0.00,    0.00,,,,,,,,,    2.61,    3.38,    0.00,    0.00,,,,,    3.87,    3.67,    0.00,    0.00,    8.37,    9.47,    0.00,    0.00,    0.80,    0.88,    0.00,    0.00,    0.00,    0.00,    0.00,    0.00,    0.00,    0.00,    0.00,    0.00,    0.00,    0.00,    0.00,    0.00,    0.00,    0.00,    0.00,    0.00,    0.00,    0.00,    0.00,    0.00,    0.00,    0.00,    0.00,    0.00,    0.00,    0.00,    0.00,    0.00,   17.84,   2426.47,     24.88,    874.04,      0.07,   3300.50,     24.95,   3325.46
2025-11-21,07:20:17.410,  658.77,    0.97,    0.00,    0.00,    0.00,    0.00,  874.93,    0.07,,,,, 1012.65,    1.67,    0.00,    0.00,,,,,  741.61,    8.43,    0.00,    0.00, 2413.03,   11.06,  874.93,    0.07,    1.00,    1.00,    0.00,    0.00,    0.00,    0.00,    0.00,    0.00,    0.00,    0.00,    0.00,    0.00,    0.00,    0.00,    0.00,    0.00,    0.00,    0.00,    0.00,    0.00,    0.00,    0.00,    0.00,    0.00,    0.00,    0.00,    0.00,    0.00,    0.00,    0.00,    0.00,    0.00, 2424.09,    0.96,    1.93,    0.00,    0.00,,,,,,,,,    1.07,    2.32,    0.00,    0.00,,,,,    1.21,    1.93,    0.00,    0.00,    3.24,    6.19,    0.00,    0.00,    0.59,    0.65,    0.00,    0.00,    0.00,    0.00,    0.00,    0.00,    0.00,    0.00,    0.00,    0.00,    0.00,    0.00,    0.00,    0.00,    0.00,    0.00,    0.00,    0.00,    0.00,    0.00,    0.00,    0.00,    0.00,    0.00,    0.00,    0.00,    0.00,    0.00,    0.00,    0.00,    9.43,   2416.27,     17.25,    874.93,      0.07,   3291.20,     17.32,   3308.52
2025-11-21,07:20:17.911,  659.05,    1.08,    0.00,    0.00,    0.00,    0.00,  875.41,    0.06,,,,, 1014.85,    1.85,    0.00,    0.00,,,,,  743.14,    8.80,    0.00,    0.00, 2417.05,   11.73,  875.41,    0.06,    1.00,    1.00,    0.00,    0.00,    0.00,    0.00,    0.00,    0.00,    0.00,    0.00,    0.00,    0.00,    0.00,    0.00,    0.00,    0.00,    0.00,    0.00,    0.00,    0.00,    0.00,    0.00,    0.00,    0.00,    0.00,    0.00,    0.00,    0.00,    0.00,    0.00,    0.00,    0.00, 2428.78,    1.44,    2.17,    0.00,    0.00,,,,,,,,,    1.77,    2.81,    0.00,    0.00,,,,,    1.97,    2.64,    0.00,    0.00,    5.18,    7.61,    0.00,    0.00,    0.73,    0.79,    0.00,    0.00,    0.00,    0.00,    0.00,    0.00,    0.00,    0.00,    0.00,    0.00,    0.00,    0.00,    0.00,    0.00,    0.00,    0.00,    0.00,    0.00,    0.00,    0.00,    0.00,    0.00,    0.00,    0.00,    0.00,    0.00,    0.00,    0.00,    0.00,    0.00,   12.79,   2422.23,     19.34,    875.41,      0.06,   3297.64,     19.40,   3317.04
2025-11-21,07:20:18.411,  659.05,    0.98,    0.00,    0.00,    0.00,    0.00,  873.39,    0.07,,,,, 1012.94,    1.65,    0.00,    0.00,,,,,  740.24,    8.53,    0.00,    0.00, 2412.23,   11.16,  873.39,    0.07,    1.00,    1.00,    0.00,    0.00,    0.00,    0.00,    0.00,    0.00,    0.00,    0.00,    0.00,    0.00,    0.00,    0.00,    0.00,    0.00,    0.00,    0.00,    0.00,    0.00,    0.00,    0.00,    0.00,    0.00,    0.00,    0.00,    0.00,    0.00,    0.00,    0.00,    0.00,    0.00, 2423.40,    1.30,    1.85,    0.00,    0.00,,,,,,,,,    1.40,    2.27,    0.00,    0.00,,,,,    1.25,    1.97,    0.00,    0.00,    3.95,    6.09,    0.00,    0.00,    0.70,    0.70,    0.00,    0.00,    0.00,    0.00,    0.00,    0.00,    0.00,    0.00,    0.00,    0.00,    0.00,    0.00,    0.00,    0.00,    0.00,    0.00,    0.00,    0.00,    0.00,    0.00,    0.00,    0.00,    0.00,    0.00,    0.00,    0.00,    0.00,    0.00,    0.00,    0.00,   10.04,   2416.18,     17.26,    873.39,      0.07,   3289.57,     17.33,   3306.90
2025-11-21,07:20:18.911,  657.35,    1.23,    0.00,    0.00,    0.00,    0.00,  874.60,    0.06,,,,, 1013.39,    2.02,    0.00,    0.00,,,,,  745.09,    9.00,    0.00,    0.00, 2415.84,   12.25,  874.60,    0.06,    1.00,    1.00,    0.00,    0.00,    0.00,    0.00,    0.00,    0.00,    0.00,    0.00,    0.00,    0.00,    0.00,    0.00,    0.00,    0.00,    0.00,    0.00,    0.00,    0.00,    0.00,    0.00,    0.00,    0.00,    0.00,    0.00,    0.00,    0.00,    0.00,    0.00,    0.00,    0.00, 2428.08,    2.27,    2.51,    0.00,    0.00,,,,,,,,,    4.05,    3.67,    0.00,    0.00,,,,,    5.60,    4.13,    0.00,    0.00,   11.91,   10.31,    0.00,    0.00,    0.83,    0.92,    0.00,    0.00,    0.00,    0.00,    0.00,    0.00,    0.00,    0.00,    0.00,    0.00,    0.00,    0.00,    0.00,    0.00,    0.00,    0.00,    0.00,    0.00,    0.00,    0.00,    0.00,    0.00,    0.00,    0.00,    0.00,    0.00,    0.00,    0.00,    0.00,    0.00,   22.22,   2427.74,     22.56,    874.60,      0.06,   3302.34,     22.62,   3324.96
2025-11-21,07:20:19.411,  658.47,    1.90,    0.00,    0.00,    0.00,    0.00,  872.34,    0.06,,,,, 1014.74,    3.72,    0.00,    0.00,,,,,  746.05,   11.43,    0.00,    0.00, 2419.25,   17.06,  872.34,    0.06,    1.00,    1.00,    0.00,    0.00,    0.00,    0.00,    0.00,    0.00,    0.00,    0.00,    0.00,    0.00,    0.00,    0.00,    0.00,    0.00,    0.00,    0.00,    0.00,    0.00,    0.00,    0.00,    0.00,    0.00,    0.00,    0.00,    0.00,    0.00,    0.00,    0.00,    0.00,    0.00, 2436.31,    2.15,    3.09,    0.00,    0.00,,,,,,,,,    3.49,    4.63,    0.00,    0.00,,,,,    4.73,    5.15,    0.00,    0.00,   10.37,   12.87,    0.00,    0.00,    0.82,    0.90,    0.00,    0.00,    0.00,    0.00,    0.00,    0.00,    0.00,    0.00,    0.00,    0.00,    0.00,    0.00,    0.00,    0.00,    0.00,    0.00,    0.00,    0.00,    0.00,    0.00,    0.00,    0.00,    0.00,    0.00,    0.00,    0.00,    0.00,    0.00,    0.00,    0.00,   23.23,   2429.62,     29.92,    872.34,      0.06,   3301.96,     29.98,   3331.94
2025-11-21,07:20:19.912,  662.00,    2.33,    0.00,    0.00,    0.00,    0.00,  875.53,    0.06,,,,, 1017.70,    4.56,    0.00,    0.00,,,,,  753.60,   13.95,    0.00,    0.00, 2433.30,   20.83,  875.53,    0.06,    1.00,    1.00,    0.00,    0.00,    0.00,    0.00,    0.00,    0.00,    0.00,    0.00,    0.00,    0.00,    0.00,    0.00,    0.00,    0.00,    0.00,    0.00,    0.00,    0.00,    0.00,    0.00,    0.00,    0.00,    0.00,    0.00,    0.00,    0.00,    0.00,    0.00,    0.00,    0.00, 2454.13,    2.19,    2.86,    0.00,    0.00,,,,,,,,,    3.02,    4.26,    0.00,    0.00,,,,,    6.47,    4.91,    0.00,    0.00,   11.68,   12.04,    0.00,    0.00,    0.82,    0.92,    0.00,    0.00,    0.00,    0.00,    0.00,    0.00,    0.00,    0.00,    0.00,    0.00,    0.00,    0.00,    0.00,    0.00,    0.00,    0.00,    0.00,    0.00,    0.00,    0.00,    0.00,    0.00,    0.00,    0.00,    0.00,    0.00,    0.00,    0.00,    0.00,    0.00,   23.72,   2444.97,     32.88,    875.53,      0.06,   3320.50,     32.93,   3353.43
2025-11-21,07:20:20.412,  659.39,    1.13,    0.00,    0.00,    0.00,    0.00,  873.60,    0.06,,,,, 1011.51,    2.01,    0.00,    0.00,,,,,  739.70,    8.73,    0.00,    0.00, 2410.59,   11.88,  873.60,    0.06,    1.00,    1.00,    0.00,    0.00,    0.00,    0.00,    0.00,    0.00,    0.00,    0.00,    0.00,    0.00,    0.00,    0.00,    0.00,    0.00,    0.00,    0.00,    0.00,    0.00,    0.00,    0.00,    0.00,    0.00,    0.00,    0.00,    0.00,    0.00,    0.00,    0.00,    0.00,    0.00, 2422.47,    1.10,    1.90,    0.00,    0.00,,,,,,,,,    1.36,    2.36,    0.00,    0.00,,,,,    1.63,    2.12,    0.00,    0.00,    4.09,    6.38,    0.00,    0.00,    0.64,    0.73,    0.00,    0.00,    0.00,    0.00,    0.00,    0.00,    0.00,    0.00,    0.00,    0.00,    0.00,    0.00,    0.00,    0.00,    0.00,    0.00,    0.00,    0.00,    0.00,    0.00,    0.00,    0.00,    0.00,    0.00,    0.00,    0.00,    0.00,    0.00,    0.00,    0.00,   10.47,   2414.68,     18.26,    873.60,      0.06,   3288.28,     18.32,   3306.59
2025-11-21,07:20:20.913,  658.77,    2.44,    0.00,    0.00,    0.00,    0.00,  873.14,    0.06,,,,, 1012.99,    4.98,    0.00,    0.00,,,,,  749.18,   13.52,    0.00,    0.00, 2420.94,   20.95,  873.14,    0.06,    1.00,    1.00,    0.00,    0.00,    0.00,    0.00,    0.00,    0.00,    0.00,    0.00,    0.00,    0.00,    0.00,    0.00,    0.00,    0.00,    0.00,    0.00,    0.00,    0.00,    0.00,    0.00,    0.00,    0.00,    0.00,    0.00,    0.00,    0.00,    0.00,    0.00,    0.00,    0.00, 2441.88,    1.74,    2.91,    0.00,    0.00,,,,,,,,,    2.28,    3.76,    0.00,    0.00,,,,,    3.12,    3.62,    0.00,    0.00,    7.15,   10.29,    0.00,    0.00,    0.78,    0.86,    0.00,    0.00,    0.00,    0.00,    0.00,    0.00,    0.00,    0.00,    0.00,    0.00,    0.00,    0.00,    0.00,    0.00,    0.00,    0.00,    0.00,    0.00,    0.00,    0.00,    0.00,    0.00,    0.00,    0.00,    0.00,    0.00,    0.00,    0.00,    0.00,    0.00,   17.43,   2428.08,     31.23,    873.14,      0.06,   3301.23,     31.29,   3332.52
2025-11-21,07:20:21.414,  658.98,    1.16,    0.00,    0.00,    0.00,    0.00,  874.02,    0.05,,,,, 1012.96,    2.01,    0.00,    0.00,,,,,  741.39,    8.68,    0.00,    0.00, 2413.33,   11.85,  874.02,    0.05,    1.00,    1.00,    0.00,    0.00,    0.00,    0.00,    0.00,    0.00,    0.00,    0.00,    0.00,    0.00,    0.00,    0.00,    0.00,    0.00,    0.00,    0.00,    0.00,    0.00,    0.00,    0.00,    0.00,    0.00,    0.00,    0.00,    0.00,    0.00,    0.00,    0.00,    0.00,    0.00, 2425.19,    1.14,    1.94,    0.00,    0.00,,,,,,,,,    1.37,    2.33,    0.00,    0.00,,,,,    1.59,    2.03,    0.00,    0.00,    4.10,    6.30,    0.00,    0.00,    0.66,    0.73,    0.00,    0.00,    0.00,    0.00,    0.00,    0.00,    0.00,    0.00,    0.00,    0.00,    0.00,    0.00,    0.00,    0.00,    0.00,    0.00,    0.00,    0.00,    0.00,    0.00,    0.00,    0.00,    0.00,    0.00,    0.00,    0.00,    0.00,    0.00,    0.00,    0.00,   10.40,   2417.43,     18.16,    874.02,      0.05,   3291.45,     18.21,   3309.66
2025-11-21,07:20:21.915,  660.04,    1.29,    0.00,    0.00,    0.00,    0.00,  875.18,    0.05,,,,, 1013.28,    2.27,    0.00,    0.00,,,,,  741.64,    9.47,    0.00,    0.00, 2414.97,   13.03,  875.18,    0.05,    1.00,    1.00,    0.00,    0.00,    0.00,    0.00,    0.00,    0.00,    0.00,    0.00,    0.00,    0.00,    0.00,    0.00,    0.00,    0.00,    0.00,    0.00,    0.00,    0.00,    0.00,    0.00,    0.00,    0.00,    0.00,    0.00,    0.00,    0.00,    0.00,    0.00,    0.00,    0.00, 2428.00,    1.75,    2.30,    0.00,    0.00,,,,,,,,,    2.44,    3.03,    0.00,    0.00,,,,,    3.04,    3.25,    0.00,    0.00,    7.23,    8.58,    0.00,    0.00,    0.78,    0.86,    0.00,    0.00,    0.00,    0.00,    0.00,    0.00,    0.00,    0.00,    0.00,    0.00,    0.00,    0.00,    0.00,    0.00,    0.00,    0.00,    0.00,    0.00,    0.00,    0.00,    0.00,    0.00,    0.00,    0.00,    0.00,    0.00,    0.00,    0.00,    0.00,    0.00,   15.80,   2422.20,     21.60,    875.18,      0.05,   3297.38,     21.65,   3319.03
2025-11-21,07:20:22.415,  658.09,    1.18,    0.00,    0.00,    0.00,    0.00,  873.14,    0.05,,,,, 1012.35,    2.06,    0.00,    0.00,,,,,  740.99,    8.53,    0.00,    0.00, 2411.44,   11.78,  873.14,    0.05,    1.00,    1.00,    0.00,    0.00,    0.00,    0.00,    0.00,    0.00,    0.00,    0.00,    0.00,    0.00,    0.00,    0.00,    0.00,    0.00,    0.00,    0.00,    0.00,    0.00,    0.00,    0.00,    0.00,    0.00,    0.00,    0.00,    0.00,    0.00,    0.00,    0.00,    0.00,    0.00, 2423.21,    0.98,    1.91,    0.00,    0.00,,,,,,,,,    1.09,    2.32,    0.00,    0.00,,,,,    1.23,    2.10,    0.00,    0.00,    3.30,    6.33,    0.00,    0.00,    0.60,    0.66,    0.00,    0.00,    0.00,    0.00,    0.00,    0.00,    0.00,    0.00,    0.00,    0.00,    0.00,    0.00,    0.00,    0.00,    0.00,    0.00,    0.00,    0.00,    0.00,    0.00,    0.00,    0.00,    0.00,    0.00,    0.00,    0.00,    0.00,    0.00,    0.00,    0.00,    9.63,   2414.74,     18.10,    873.14,      0.05,   3287.88,     18.16,   3306.03
2025-11-21,07:20:22.915,  662.35,    2.41,    0.00,    0.00,    0.00,    0.00,  875.72,    0.06,,,,, 1017.47,    4.64,    0.00,    0.00,,,,,  751.65,   13.74,    0.00,    0.00, 2431.46,   20.79,  875.72,    0.06,    1.00,    1.00,    0.00,    0.00,    0.00,    0.00,    0.00,    0.00,    0.00,    0.00,    0.00,    0.00,    0.00,    0.00,    0.00,    0.00,    0.00,    0.00,    0.00,    0.00,    0.00,    0.00,    0.00,    0.00,    0.00,    0.00,    0.00,    0.00,    0.00,    0.00,    0.00,    0.00, 2452.25,    2.12,    2.71,    0.00,    0.00,,,,,,,,,    3.01,    4.15,    0.00,    0.00,,,,,    6.48,    5.11,    0.00,    0.00,   11.62,   11.97,    0.00,    0.00,    0.82,    0.92,    0.00,    0.00,    0.00,    0.00,    0.00,    0.00,    0.00,    0.00,    0.00,    0.00,    0.00,    0.00,    0.00,    0.00,    0.00,    0.00,    0.00,    0.00,    0.00,    0.00,    0.00,    0.00,    0.00,    0.00,    0.00,    0.00,    0.00,    0.00,    0.00,    0.00,   23.59,   2443.08,     32.76,    875.72,      0.06,   3318.80,     32.81,   3351.61
2025-11-21,07:20:23.416,  661.24,    1.64,    0.00,    0.00,    0.00,    0.00,  874.97,    0.06,,,,, 1016.31,    3.16,    0.00,    0.00,,,,,  744.68,   10.89,    0.00,    0.00, 2422.23,   15.69,  874.97,    0.06,    1.00,    1.00,    0.00,    0.00,    0.00,    0.00,    0.00,    0.00,    0.00,    0.00,    0.00,    0.00,    0.00,    0.00,    0.00,    0.00,    0.00,    0.00,    0.00,    0.00,    0.00,    0.00,    0.00,    0.00,    0.00,    0.00,    0.00,    0.00,    0.00,    0.00,    0.00,    0.00, 2437.92,    1.72,    2.84,    0.00,    0.00,,,,,,,,,    2.36,    3.77,    0.00,    0.00,,,,,    2.82,    3.66,    0.00,    0.00,    6.90,   10.27,    0.00,    0.00,    0.77,    0.85,    0.00,    0.00,    0.00,    0.00,    0.00,    0.00,    0.00,    0.00,    0.00,    0.00,    0.00,    0.00,    0.00,    0.00,    0.00,    0.00,    0.00,    0.00,    0.00,    0.00,    0.00,    0.00,    0.00,    0.00,    0.00,    0.00,    0.00,    0.00,    0.00,    0.00,   17.17,   2429.13,     25.96,    874.97,      0.06,   3304.10,     26.02,   3330.12
2025-11-21,07:20:23.916,  659.43,    1.15,    0.00,    0.00,    0.00,    0.00,  874.83,    0.05,,,,, 1015.83,    2.16,    0.00,    0.00,,,,,  742.27,    9.44,    0.00,    0.00, 2417.53,   12.75,  874.83,    0.05,    1.00,    1.00,    0.00,    0.00,    0.00,    0.00,    0.00,    0.00,    0.00,    0.00,    0.00,    0.00,    0.00,    0.00,    0.00,    0.00,    0.00,    0.00,    0.00,    0.00,    0.00,    0.00,    0.00,    0.00,    0.00,    0.00,    0.00,    0.00,    0.00,    0.00,    0.00,    0.00, 2430.28,    1.46,    2.15,    0.00,    0.00,,,,,,,,,    1.82,    2.75,    0.00,    0.00,,,,,    2.00,    2.56,    0.00,    0.00,    5.28,    7.46,    0.00,    0.00,    0.74,    0.80,    0.00,    0.00,    0.00,    0.00,    0.00,    0.00,    0.00,    0.00,    0.00,    0.00,    0.00,    0.00,    0.00,    0.00,    0.00,    0.00,    0.00,    0.00,    0.00,    0.00,    0.00,    0.00,    0.00,    0.00,    0.00,    0.00,    0.00,    0.00,    0.00,    0.00,   12.75,   2422.81,     20.22,    874.83,      0.05,   3297.65,     20.26,   3317.91
2025-11-21,07:20:24.416,  655.58,    1.20,    0.00,    0.00,    0.00,    0.00,  873.26,    0.06,,,,, 1011.24,    2.12,    0.00,    0.00,,,,,  741.78,    8.71,    0.00,    0.00, 2408.60,   12.03,  873.26,    0.06,    1.00,    1.00,    0.00,    0.00,    0.00,    0.00,    0.00,    0.00,    0.00,    0.00,    0.00,    0.00,    0.00,    0.00,    0.00,    0.00,    0.00,    0.00,    0.00,    0.00,    0.00,    0.00,    0.00,    0.00,    0.00,    0.00,    0.00,    0.00,    0.00,    0.00,    0.00,    0.00, 2420.63,    1.22,    1.95,    0.00,    0.00,,,,,,,,,    1.51,    2.44,    0.00,    0.00,,,,,    1.83,    2.24,    0.00,    0.00,    4.56,    6.63,    0.00,    0.00,    0.68,    0.76,    0.00,    0.00,    0.00,    0.00,    0.00,    0.00,    0.00,    0.00,    0.00,    0.00,    0.00,    0.00,    0.00,    0.00,    0.00,    0.00,    0.00,    0.00,    0.00,    0.00,    0.00,    0.00,    0.00,    0.00,    0.00,    0.00,    0.00,    0.00,    0.00,    0.00,   11.19,   2413.16,     18.66,    873.26,      0.06,   3286.42,     18.72,   3305.13
2025-11-21,07:20:24.916,  661.97,    1.28,    0.00,    0.00,    0.00,    0.00,  876.05,    0.05,,,,, 1015.78,    2.14,    0.00,    0.00,,,,,  739.28,    8.69,    0.00,    0.00, 2417.03,   12.11,  876.05,    0.05,    1.00,    1.00,    0.00,    0.00,    0.00,    0.00,    0.00,    0.00,    0.00,    0.00,    0.00,    0.00,    0.00,    0.00,    0.00,    0.00,    0.00,    0.00,    0.00,    0.00,    0.00,    0.00,    0.00,    0.00,    0.00,    0.00,    0.00,    0.00,    0.00,    0.00,    0.00,    0.00, 2429.14,    1.27,    2.00,    0.00,    0.00,,,,,,,,,    1.51,    2.44,    0.00,    0.00,,,,,    1.64,    2.35,    0.00,    0.00,    4.43,    6.79,    0.00,    0.00,    0.69,    0.75,    0.00,    0.00,    0.00,    0.00,    0.00,    0.00,    0.00,    0.00,    0.00,    0.00,    0.00,    0.00,    0.00,    0.00,    0.00,    0.00,    0.00,    0.00,    0.00,    0.00,    0.00,    0.00,    0.00,    0.00,    0.00,    0.00,    0.00,    0.00,    0.00,    0.00,   11.22,   2421.45,     18.90,    876.05,      0.05,   3297.51,     18.95,   3316.46
2025-11-21,07:20:25.416,  656.70,    1.32,    0.00,    0.00,    0.00,    0.00,  872.56,    0.07,,,,, 1010.57,    2.47,    0.00,    0.00,,,,,  742.03,    9.32,    0.00,    0.00, 2409.30,   13.11,  872.56,    0.07,    1.00,    1.00,    0.00,    0.00,    0.00,    0.00,    0.00,    0.00,    0.00,    0.00,    0.00,    0.00,    0.00,    0.00,    0.00,    0.00,    0.00,    0.00,    0.00,    0.00,    0.00,    0.00,    0.00,    0.00,    0.00,    0.00,    0.00,    0.00,    0.00,    0.00,    0.00,    0.00, 2422.41,    1.65,    2.60,    0.00,    0.00,,,,,,,,,    2.68,    3.42,    0.00,    0.00,,,,,    3.10,    3.31,    0.00,    0.00,    7.43,    9.33,    0.00,    0.00,    0.76,    0.86,    0.00,    0.00,    0.00,    0.00,    0.00,    0.00,    0.00,    0.00,    0.00,    0.00,    0.00,    0.00,    0.00,    0.00,    0.00,    0.00,    0.00,    0.00,    0.00,    0.00,    0.00,    0.00,    0.00,    0.00,    0.00,    0.00,    0.00,    0.00,    0.00,    0.00,   16.75,   2416.73,     22.44,    872.56,      0.07,   3289.29,     22.51,   3311.79
2025-11-21,07:20:25.917,  660.64,    2.38,    0.00,    0.00,    0.00,    0.00,  874.00,    0.09,,,,, 1015.79,    4.81,    0.00,    0.00,,,,,  756.44,   14.38,    0.00,    0.00, 2432.87,   21.58,  874.00,    0.09,    1.00,    1.00,    0.00,    0.00,    0.00,    0.00,    0.00,    0.00,    0.00,    0.00,    0.00,    0.00,    0.00,    0.00,    0.00,    0.00,    0.00,    0.00,    0.00,    0.00,    0.00,    0.00,    0.00,    0.00,    0.00,    0.00,    0.00,    0.00,    0.00,    0.00,    0.00,    0.00, 2454.45,    2.20,    3.19,    0.00,    0.00,,,,,,,,,    3.08,    4.68,    0.00,    0.00,,,,,    6.69,    5.40,    0.00,    0.00,   11.98,   13.27,    0.00,    0.00,    0.82,    0.92,    0.00,    0.00,    0.00,    0.00,    0.00,    0.00,    0.00,    0.00,    0.00,    0.00,    0.00,    0.00,    0.00,    0.00,    0.00,    0.00,    0.00,    0.00,    0.00,    0.00,    0.00,    0.00,    0.00,    0.00,    0.00,    0.00,    0.00,    0.00,    0.00,    0.00,   25.25,   2444.84,     34.85,    874.00,      0.09,   3318.85,     34.93,   3353.78
2025-11-21,07:20:26.417,  659.84,    1.22,    0.00,    0.00,    0.00,    0.00,  874.71,    0.07,,,,, 1014.26,    2.12,    0.00,    0.00,,,,,  743.22,    8.80,    0.00,    0.00, 2417.32,   12.14,  874.71,    0.07,    1.00,    1.00,    0.00,    0.00,    0.00,    0.00,    0.00,    0.00,    0.00,    0.00,    0.00,    0.00,    0.00,    0.00,    0.00,    0.00,    0.00,    0.00,    0.00,    0.00,    0.00,    0.00,    0.00,    0.00,    0.00,    0.00,    0.00,    0.00,    0.00,    0.00,    0.00,    0.00, 2429.46,    1.12,    1.97,    0.00,    0.00,,,,,,,,,    1.35,    2.39,    0.00,    0.00,,,,,    1.55,    2.06,    0.00,    0.00,    4.02,    6.42,    0.00,    0.00,    0.65,    0.73,    0.00,    0.00,    0.00,    0.00,    0.00,    0.00,    0.00,    0.00,    0.00,    0.00,    0.00,    0.00,    0.00,    0.00,    0.00,    0.00,    0.00,    0.00,    0.00,    0.00,    0.00,    0.00,    0.00,    0.00,    0.00,    0.00,    0.00,    0.00,    0.00,    0.00,   10.44,   2421.34,     18.56,    874.71,      0.07,   3296.05,     18.63,   3314.68
2025-11-21,07:20:26.918,  661.55,    1.57,    0.00,    0.00,    0.00,    0.00,  874.68,    0.07,,,,, 1017.65,    3.01,    0.00,    0.00,,,,,  745.32,    9.98,    0.00,    0.00, 2424.52,   14.56,  874.68,    0.07,    1.00,    1.00,    0.00,    0.00,    0.00,    0.00,    0.00,    0.00,    0.00,    0.00,    0.00,    0.00,    0.00,    0.00,    0.00,    0.00,    0.00,    0.00,    0.00,    0.00,    0.00,    0.00,    0.00,    0.00,    0.00,    0.00,    0.00,    0.00,    0.00,    0.00,    0.00,    0.00, 2439.09,    1.97,    2.80,    0.00,    0.00,,,,,,,,,    2.88,    3.81,    0.00,    0.00,,,,,    3.30,    3.90,    0.00,    0.00,    8.15,   10.52,    0.00,    0.00,    0.81,    0.87,    0.00,    0.00,    0.00,    0.00,    0.00,    0.00,    0.00,    0.00,    0.00,    0.00,    0.00,    0.00,    0.00,    0.00,    0.00,    0.00,    0.00,    0.00,    0.00,    0.00,    0.00,    0.00,    0.00,    0.00,    0.00,    0.00,    0.00,    0.00,    0.00,    0.00,   18.67,   2432.67,     25.08,    874.68,      0.07,   3307.35,     25.15,   3332.50
2025-11-21,07:20:27.418,  659.40,    1.22,    0.00,    0.00,    0.00,    0.00,  875.60,    0.07,,,,, 1014.50,    2.16,    0.00,    0.00,,,,,  745.99,    9.48,    0.00,    0.00, 2419.89,   12.87,  875.60,    0.07,    1.00,    1.00,    0.00,    0.00,    0.00,    0.00,    0.00,    0.00,    0.00,    0.00,    0.00,    0.00,    0.00,    0.00,    0.00,    0.00,    0.00,    0.00,    0.00,    0.00,    0.00,    0.00,    0.00,    0.00,    0.00,    0.00,    0.00,    0.00,    0.00,    0.00,    0.00,    0.00, 2432.75,    1.86,    2.25,    0.00,    0.00,,,,,,,,,    3.12,    3.19,    0.00,    0.00,,,,,    4.60,    3.78,    0.00,    0.00,    9.57,    9.23,    0.00,    0.00,    0.79,    0.90,    0.00,    0.00,    0.00,    0.00,    0.00,    0.00,    0.00,    0.00,    0.00,    0.00,    0.00,    0.00,    0.00,    0.00,    0.00,    0.00,    0.00,    0.00,    0.00,    0.00,    0.00,    0.00,    0.00,    0.00,    0.00,    0.00,    0.00,    0.00,    0.00,    0.00,   18.80,   2429.45,     22.10,    875.60,      0.07,   3305.05,     22.16,   3327.21
2025-11-21,07:20:27.918,  659.33,    1.32,    0.00,    0.00,    0.00,    0.00,  874.67,    0.07,,,,, 1012.84,    2.21,    0.00,    0.00,,,,,  743.64,    9.36,    0.00,    0.00, 2415.80,   12.88,  874.67,    0.07,    1.00,    1.00,    0.00,    0.00,    0.00,    0.00,    0.00,    0.00,    0.00,    0.00,    0.00,    0.00,    0.00,    0.00,    0.00,    0.00,    0.00,    0.00,    0.00,    0.00,    0.00,    0.00,    0.00,    0.00,    0.00,    0.00,    0.00,    0.00,    0.00,    0.00,    0.00,    0.00, 2428.68,    1.96,    2.45,    0.00,    0.00,,,,,,,,,    3.08,    3.42,    0.00,    0.00,,,,,    3.93,    3.61,    0.00,    0.00,    8.96,    9.48,    0.00,    0.00,    0.80,    0.89,    0.00,    0.00,    0.00,    0.00,    0.00,    0.00,    0.00,    0.00,    0.00,    0.00,    0.00,    0.00,    0.00,    0.00,    0.00,    0.00,    0.00,    0.00,    0.00,    0.00,    0.00,    0.00,    0.00,    0.00,    0.00,    0.00,    0.00,    0.00,    0.00,    0.00,   18.44,   2424.77,     22.36,    874.67,      0.07,   3299.44,     22.43,   3321.87
2025-11-21,07:20:28.418,  654.48,    1.39,    0.00,    0.00,    0.00,    0.00,  868.39,    0.07,,,,, 1008.03,    2.38,    0.00,    0.00,,,,,  743.09,    8.64,    0.00,    0.00, 2405.60,   12.42,  868.39,    0.07,    1.00,    1.00,    0.00,    0.00,    0.00,    0.00,    0.00,    0.00,    0.00,    0.00,    0.00,    0.00,    0.00,    0.00,    0.00,    0.00,    0.00,    0.00,    0.00,    0.00,    0.00,    0.00,    0.00,    0.00,    0.00,    0.00,    0.00,    0.00,    0.00,    0.00,    0.00,    0.00, 2418.02,    1.59,    2.72,    0.00,    0.00,,,,,,,,,    1.81,    3.32,    0.00,    0.00,,,,,    1.77,    2.92,    0.00,    0.00,    5.17,    8.97,    0.00,    0.00,    0.75,    0.78,    0.00,    0.00,    0.00,    0.00,    0.00,    0.00,    0.00,    0.00,    0.00,    0.00,    0.00,    0.00,    0.00,    0.00,    0.00,    0.00,    0.00,    0.00,    0.00,    0.00,    0.00,    0.00,    0.00,    0.00,    0.00,    0.00,    0.00,    0.00,    0.00,    0.00,   14.14,   2410.77,     21.39,    868.39,      0.07,   3279.16,     21.46,   3300.62
2025-11-21,07:20:28.918,  630.50,    2.37,    0.00,    0.00,    0.00,    0.00,  831.99,    0.07,,,,,  977.34,    4.68,    0.00,    0.00,,,,,  734.22,   11.67,    0.00,    0.00, 2342.06,   18.73,  831.99,    0.07,    1.00,    1.00,    0.00,    0.00,    0.00,    0.00,    0.00,    0.00,    0.00,    0.00,    0.00,    0.00,    0.00,    0.00,    0.00,    0.00,    0.00,    0.00,    0.00,    0.00,    0.00,    0.00,    0.00,    0.00,    0.00,    0.00,    0.00,    0.00,    0.00,    0.00,    0.00,    0.00, 2360.79,    2.48,    4.81,    0.00,    0.00,,,,,,,,,    3.35,    5.99,    0.00,    0.00,,,,,    9.49,   10.00,    0.00,    0.00,   15.32,   20.80,    0.00,    0.00,    0.85,    0.94,    0.00,    0.00,    0.00,    0.00,    0.00,    0.00,    0.00,    0.00,    0.00,    0.00,    0.00,    0.00,    0.00,    0.00,    0.00,    0.00,    0.00,    0.00,    0.00,    0.00,    0.00,    0.00,    0.00,    0.00,    0.00,    0.00,    0.00,    0.00,    0.00,    0.00,   36.11,   2357.37,     39.53,    831.99,      0.07,   3189.37,     39.59,   3228.96
2025-11-21,07:20:29.418,  637.02,    5.51,    0.00,    0.00,    0.00,    0.00,  833.98,    0.07,,,,,  987.00,   11.76,    0.00,    0.00,,,,,  731.72,   22.19,    0.00,    0.00, 2355.75,   39.46,  833.98,    0.07,    1.00,    1.00,    0.00,    0.00,    0.00,    0.00,    0.00,    0.00,    0.00,    0.00,    0.00,    0.00,    0.00,    0.00,    0.00,    0.00,    0.00,    0.00,    0.00,    0.00,    0.00,    0.00,    0.00,    0.00,    0.00,    0.00,    0.00,    0.00,    0.00,    0.00,    0.00,    0.00, 2395.21,    1.98,    4.02,    0.00,    0.00,,,,,,,,,    2.61,    5.16,    0.00,    0.00,,,,,    6.05,   10.12,    0.00,    0.00,   10.64,   19.29,    0.00,    0.00,    0.80,    0.91,    0.00,    0.00,    0.00,    0.00,    0.00,    0.00,    0.00,    0.00,    0.00,    0.00,    0.00,    0.00,    0.00,    0.00,    0.00,    0.00,    0.00,    0.00,    0.00,    0.00,    0.00,    0.00,    0.00,    0.00,    0.00,    0.00,    0.00,    0.00,    0.00,    0.00,   29.94,   2366.40,     58.75,    833.98,      0.07,   3200.37,     58.82,   3259.19
2025-11-21,07:20:29.918,  610.57,    0.96,    0.00,    0.00,    0.00,    0.00,  802.34,    0.07,,,,,  945.65,    1.57,    0.00,    0.00,,,,,  696.94,    5.36,    0.00,    0.00, 2253.16,    7.88,  802.34,    0.07,    1.00,    1.00,    0.00,    0.00,    0.00,    0.00,    0.00,    0.00,    0.00,    0.00,    0.00,    0.00,    0.00,    0.00,    0.00,    0.00,    0.00,    0.00,    0.00,    0.00,    0.00,    0.00,    0.00,    0.00,    0.00,    0.00,    0.00,    0.00,    0.00,    0.00,    0.00,    0.00, 2261.04,    2.14,    3.68,    0.00,    0.00,,,,,,,,,    2.42,    3.87,    0.00,    0.00,,,,,    4.91,    7.04,    0.00,    0.00,    9.47,   14.59,    0.00,    0.00,    0.82,    0.90,    0.00,    0.00,    0.00,    0.00,    0.00,    0.00,    0.00,    0.00,    0.00,    0.00,    0.00,    0.00,    0.00,    0.00,    0.00,    0.00,    0.00,    0.00,    0.00,    0.00,    0.00,    0.00,    0.00,    0.00,    0.00,    0.00,    0.00,    0.00,    0.00,    0.00,   24.06,   2262.63,     22.47,    802.34,      0.07,   3064.97,     22.54,   3087.51
2025-11-21,07:20:30.419,  442.13,    1.00,    0.00,    0.00,    0.00,    0.00,   85.68, 1617.97,,,,,  785.38,    1.85,    0.00,    0.00,,,,,  643.69,    3.05,    0.00,    0.00, 1871.20,    5.90,   85.68, 1617.97,    1.00,    1.00,    0.00,    0.00,    0.00,    0.00,    0.00,    0.00,    0.00,    0.00,    0.00,    0.00,    0.00,    0.00,    0.00,    0.00,    0.00,    0.00,    0.00,    0.00,    0.00,    0.00,    0.00,    0.00,    0.00,    0.00,    0.00,    0.00,    0.00,    0.00,    0.00,    0.00, 1877.10,    2.10,    2.89,    0.00,    0.00,,,,,,,,,    2.61,    3.57,    0.00,    0.00,,,,,    4.56,    5.67,    0.00,    0.00,    9.26,   12.12,    0.00,    0.00,    0.82,    0.89,    0.00,    0.00,    0.00,    0.00,    0.00,    0.00,    0.00,    0.00,    0.00,    0.00,    0.00,    0.00,    0.00,    0.00,    0.00,    0.00,    0.00,    0.00,    0.00,    0.00,    0.00,    0.00,    0.00,    0.00,    0.00,    0.00,    0.00,    0.00,    0.00,    0.00,   21.39,   1880.46,     18.03,     85.68,   1617.97,   1966.14,   1636.00,   3602.14
2025-11-21,07:20:30.919,  509.85,    1.31,    0.00,    0.00,    0.00,    0.00,    0.00, 2114.49,,,,,  923.51,    2.21,    0.00,    0.00,,,,,  694.80,    3.24,    0.00,    0.00, 2128.15,    6.76,    0.00, 2114.49,    1.00,    1.00,    0.00,    0.00,    0.00,    0.00,    0.00,    0.00,    0.00,    0.00,    0.00,    0.00,    0.00,    0.00,    0.00,    0.00,    0.00,    0.00,    0.00,    0.00,    0.00,    0.00,    0.00,    0.00,    0.00,    0.00,    0.00,    0.00,    0.00,    0.00,    0.00,    0.00, 2134.92,    1.91,    2.01,    0.00,    0.00,,,,,,,,,    2.65,    2.80,    0.00,    0.00,,,,,    4.13,    4.82,    0.00,    0.00,    8.69,    9.63,    0.00,    0.00,    0.80,    0.89,    0.00,    0.00,    0.00,    0.00,    0.00,    0.00,    0.00,    0.00,    0.00,    0.00,    0.00,    0.00,    0.00,    0.00,    0.00,    0.00,    0.00,    0.00,    0.00,    0.00,    0.00,    0.00,    0.00,    0.00,    0.00,    0.00,    0.00,    0.00,    0.00,    0.00,   18.31,   2136.84,     16.39,      0.00,   2114.49,   2136.84,   2130.88,   4267.72
2025-11-21,07:20:31.419,  359.00,    2.65,    0.00,    0.00,    0.00,    0.00,    0.00, 1494.41,,,,,  659.54,    7.93,    0.00,    0.00,,,,,  811.58,  115.22,    0.00,    0.00, 1830.12,  125.80,    0.00, 1494.41,    1.00,    1.00,    0.00,    0.00,    0.00,    0.00,    0.00,    0.00,    0.00,    0.00,    0.00,    0.00,    0.00,    0.00,    0.00,    0.00,    0.00,    0.00,    0.00,    0.00,    0.00,    0.00,    0.00,    0.00,    0.00,    0.00,    0.00,    0.00,    0.00,    0.00,    0.00,    0.00, 1955.92,    3.48,    3.43,    0.00,    0.00,,,,,,,,,    5.34,    6.01,    0.00,    0.00,,,,,   14.69,   11.54,    0.00,    0.00,   23.51,   20.99,    0.00,    0.00,    0.89,    0.96,    0.00,    0.00,    0.00,    0.00,    0.00,    0.00,    0.00,    0.00,    0.00,    0.00,    0.00,    0.00,    0.00,    0.00,    0.00,    0.00,    0.00,    0.00,    0.00,    0.00,    0.00,    0.00,    0.00,    0.00,    0.00,    0.00,    0.00,    0.00,    0.00,    0.00,   44.50,   1853.63,    146.79,      0.00,   1494.41,   1853.63,   1641.20,   3494.83
