,,SKT0,SKT0,SKT0,SKT0,SKT0,SKT0,SKT0,SKT0,SKT0,SKT0,SKT0,SKT0,SKT0,SKT0,SKT0,SKT0,SKT0,SKT0,SKT0,SKT0,SKT0,SKT0,SKT0,SKT0,SKT0,SKT0,SKT0,SKT0,SKT0,SKT0,SKT0,SKT0,SKT0,SKT0,SKT0,SKT0,SKT0,SKT0,SKT0,SKT0,SKT0,SKT0,SKT0,SKT0,SKT0,SKT0,SKT0,SKT0,SKT0,SKT0,SKT0,SKT0,SKT0,SKT0,SKT0,SKT0,SKT0,SKT0,SKT0,SKT0,SKT0,SKT1,SKT1,SKT1,SKT1,SKT1,SKT1,SKT1,SKT1,SKT1,SKT1,SKT1,SKT1,SKT1,SKT1,SKT1,SKT1,SKT1,SKT1,SKT1,SKT1,SKT1,SKT1,SKT1,SKT1,SKT1,SKT1,SKT1,SKT1,SKT1,SKT1,SKT1,SKT1,SKT1,SKT1,SKT1,SKT1,SKT1,SKT1,SKT1,SKT1,SKT1,SKT1,SKT1,SKT1,SKT1,SKT1,SKT1,SKT1,SKT1,SKT1,SKT1,SKT1,SKT1,SKT1,SKT1,SKT1,SKT1,SKT1,SKT1,SKT1,SKT1,System,System,System,System,System,System,System
Date,Time,Ch0Read,Ch0Write,Ch0PMM_Read,Ch0PMM_Write,Ch1Read,Ch1Write,Ch1PMM_Read,Ch1PMM_Write,Ch2Read,Ch2Write,Ch2PMM_Read,Ch2PMM_Write,Ch3Read,Ch3Write,Ch3PMM_Read,Ch3PMM_Write,Ch4Read,Ch4Write,Ch4PMM_Read,Ch4PMM_Write,Ch5Read,Ch5Write,Ch5PMM_Read,Ch5PMM_Write,Mem Read (MB/s),Mem Write (MB/s),PMM_Read (MB/s), PMM_Write (MB/s),iMC0 NM read hit rate,iMC1 NM read hit rate,iMC2 NM read hit rate,iMC3 NM read hit rate,iMC4 NM read hit rate,iMC5 NM read hit rate,iMC6 NM read hit rate,iMC7 NM read hit rate,iMC8 NM read hit rate,iMC9 NM read hit rate,iMC10 NM read hit rate,iMC11 NM read hit rate,iMC12 NM read hit rate,iMC13 NM read hit rate,iMC14 NM read hit rate,iMC15 NM read hit rate,iMC16 NM read hit rate,iMC17 NM read hit rate,iMC18 NM read hit rate,iMC19 NM read hit rate,iMC20 NM read hit rate,iMC21 NM read hit rate,iMC22 NM read hit rate,iMC23 NM read hit rate,iMC24 NM read hit rate,iMC25 NM read hit rate,iMC26 NM read hit rate,iMC27 NM read hit rate,iMC28 NM read hit rate,iMC29 NM read hit rate,iMC30 NM read hit rate,iMC31 NM read hit rate,Memory (MB/s),Ch0Read,Ch0Write,Ch0PMM_Read,Ch0PMM_Write,Ch1Read,Ch1Write,Ch1PMM_Read,Ch1PMM_Write,Ch2Read,Ch2Write,Ch2PMM_Read,Ch2PMM_Write,Ch3Read,Ch3Write,Ch3PMM_Read,Ch3PMM_Write,Ch4Read,Ch4Write,Ch4PMM_Read,Ch4PMM_Write,Ch5Read,Ch5Write,Ch5PMM_Read,Ch5PMM_Write,Mem Read (MB/s),Mem Write (MB/s),PMM_Read (MB/s), PMM_Write (MB/s),iMC0 NM read hit rate,iMC1 NM read hit rate,iMC2 NM read hit rate,iMC3 NM read hit rate,iMC4 NM read hit rate,iMC5 NM read hit rate,iMC6 NM read hit rate,iMC7 NM read hit rate,iMC8 NM read hit rate,iMC9 NM read hit rate,iMC10 NM read hit rate,iMC11 NM read hit rate,iMC12 NM read hit rate,iMC13 NM read hit rate,iMC14 NM read hit rate,iMC15 NM read hit rate,iMC16 NM read hit rate,iMC17 NM read hit rate,iMC18 NM read hit rate,iMC19 NM read hit rate,iMC20 NM read hit rate,iMC21 NM read hit rate,iMC22 NM read hit rate,iMC23 NM read hit rate,iMC24 NM read hit rate,iMC25 NM read hit rate,iMC26 NM read hit rate,iMC27 NM read hit rate,iMC28 NM read hit rate,iMC29 NM read hit rate,iMC30 NM read hit rate,iMC31 NM read hit rate,Memory (MB/s),DRAMRead,DRAMWrite,PMMREAD,PMMWrite,Read,Write,Memory
2025-11-21,07:24:32.316,   19.89,   12.90,    0.00,    0.00,,,,,,,,,   40.43,   26.14,    0.00,    0.00,,,,,   72.83,   42.83,    0.00,    0.00,  133.15,   81.87,    0.00,    0.00,    0.98,    0.99,    0.00,    0.00,    0.00,    0.00,    0.00,    0.00,    0.00,    0.00,    0.00,    0.00,    0.00,    0.00,    0.00,    0.00,    0.00,    0.00,    0.00,    0.00,    0.00,    0.00,    0.00,    0.00,    0.00,    0.00,    0.00,    0.00,    0.00,    0.00,    0.00,    0.00,  215.03,    4.74,    7.06,    0.00,    0.00,,,,,,,,,    7.97,   13.16,    0.00,    0.00,,,,,   38.34,   58.49,    0.00,    0.00,   51.05,   78.71,    0.00,    0.00,    0.92,    0.98,    0.00,    0.00,    0.00,    0.00,    0.00,    0.00,    0.00,    0.00,    0.00,    0.00,    0.00,    0.00,    0.00,    0.00,    0.00,    0.00,    0.00,    0.00,    0.00,    0.00,    0.00,    0.00,    0.00,    0.00,    0.00,    0.00,    0.00,    0.00,    0.00,    0.00,  129.76,    184.21,    160.59,      0.00,      0.00,    184.21,    160.59,    344.79
2025-11-21,07:24:32.816,   62.10,   41.12,    0.00,    0.00,    0.00,    0.00,    0.00,    0.00,,,,,  119.83,   78.12,    0.00,    0.00,,,,,  149.77,   86.79,    0.00,    0.00,  331.70,  206.03,    0.00,    0.00,    0.99,    1.00,    0.00,    0.00,    0.00,    0.00,    0.00,    0.00,    0.00,    0.00,    0.00,    0.00,    0.00,    0.00,    0.00,    0.00,    0.00,    0.00,    0.00,    0.00,    0.00,    0.00,    0.00,    0.00,    0.00,    0.00,    0.00,    0.00,    0.00,    0.00,    0.00,    0.00,  537.73,   36.48,   25.88,    0.00,    0.00,,,,,,,,,   72.75,   57.59,    0.00,    0.00,,,,,   91.57,   80.53,    0.00,    0.00,  200.80,  164.01,    0.00,    0.00,    0.99,    1.00,    0.00,    0.00,    0.00,    0.00,    0.00,    0.00,    0.00,    0.00,    0.00,    0.00,    0.00,    0.00,    0.00,    0.00,    0.00,    0.00,    0.00,    0.00,    0.00,    0.00,    0.00,    0.00,    0.00,    0.00,    0.00,    0.00,    0.00,    0.00,    0.00,    0.00,  364.81,    532.49,    370.04,      0.00,      0.00,    532.49,    370.04,    902.54
2025-11-21,07:24:33.316,   21.26,   13.47,    0.00,    0.00,    0.00,    0.00,    0.00,    0.00,,,,,   44.01,   25.25,    0.00,    0.00,,,,,   89.61,   42.51,    0.00,    0.00,  154.88,   81.24,    0.00,    0.00,    0.98,    0.99,    0.00,    0.00,    0.00,    0.00,    0.00,    0.00,    0.00,    0.00,    0.00,    0.00,    0.00,    0.00,    0.00,    0.00,    0.00,    0.00,    0.00,    0.00,    0.00,    0.00,    0.00,    0.00,    0.00,    0.00,    0.00,    0.00,    0.00,    0.00,    0.00,    0.00,  236.12,    6.18,    4.89,    0.00,    0.00,,,,,,,,,   10.98,    9.18,    0.00,    0.00,,,,,   19.83,   15.70,    0.00,    0.00,   37.00,   29.78,    0.00,    0.00,    0.94,    0.97,    0.00,    0.00,    0.00,    0.00,    0.00,    0.00,    0.00,    0.00,    0.00,    0.00,    0.00,    0.00,    0.00,    0.00,    0.00,    0.00,    0.00,    0.00,    0.00,    0.00,    0.00,    0.00,    0.00,    0.00,    0.00,    0.00,    0.00,    0.00,    0.00,    0.00,   66.78,    191.88,    111.02,      0.00,      0.00,    191.88,    111.02,    302.90
2025-11-21,07:24:33.816,   22.02,   14.22,    0.00,    0.00,,,,,,,,,   45.02,   26.30,    0.00,    0.00,,,,,  110.00,   78.80,    0.00,    0.00,  177.05,  119.33,    0.00,    0.00,    0.98,    0.99,    0.00,    0.00,    0.00,    0.00,    0.00,    0.00,    0.00,    0.00,    0.00,    0.00,    0.00,    0.00,    0.00,    0.00,    0.00,    0.00,    0.00,    0.00,    0.00,    0.00,    0.00,    0.00,    0.00,    0.00,    0.00,    0.00,    0.00,    0.00,    0.00,    0.00,  296.37,    7.93,    5.11,    0.00,    0.00,,,,,,,,,   14.56,    9.07,    0.00,    0.00,,,,,   32.65,   21.01,    0.00,    0.00,   55.13,   35.19,    0.00,    0.00,    0.95,    0.98,    0.00,    0.00,    0.00,    0.00,    0.00,    0.00,    0.00,    0.00,    0.00,    0.00,    0.00,    0.00,    0.00,    0.00,    0.00,    0.00,    0.00,    0.00,    0.00,    0.00,    0.00,    0.00,    0.00,    0.00,    0.00,    0.00,    0.00,    0.00,    0.00,    0.00,   90.32,    232.18,    154.52,      0.00,      0.00,    232.18,    154.52,    386.70
2025-11-21,07:24:34.316,   16.78,   10.15,    0.00,    0.00,,,,,,,,,   34.86,   18.84,    0.00,    0.00,,,,,   61.57,   22.23,    0.00,    0.00,  113.21,   51.22,    0.00,    0.00,    0.98,    0.99,    0.00,    0.00,    0.00,    0.00,    0.00,    0.00,    0.00,    0.00,    0.00,    0.00,    0.00,    0.00,    0.00,    0.00,    0.00,    0.00,    0.00,    0.00,    0.00,    0.00,    0.00,    0.00,    0.00,    0.00,    0.00,    0.00,    0.00,    0.00,    0.00,    0.00,  164.43,    1.91,    2.26,    0.00,    0.00,,,,,,,,,    2.30,    2.53,    0.00,    0.00,,,,,    3.39,    3.75,    0.00,    0.00,    7.59,    8.54,    0.00,    0.00,    0.79,    0.86,    0.00,    0.00,    0.00,    0.00,    0.00,    0.00,    0.00,    0.00,    0.00,    0.00,    0.00,    0.00,    0.00,    0.00,    0.00,    0.00,    0.00,    0.00,    0.00,    0.00,    0.00,    0.00,    0.00,    0.00,    0.00,    0.00,    0.00,    0.00,    0.00,    0.00,   16.13,    120.80,     59.76,      0.00,      0.00,    120.80,     59.76,    180.56
2025-11-21,07:24:34.816,   17.47,   10.50,    0.00,    0.00,,,,,,,,,   35.80,   19.64,    0.00,    0.00,,,,,   61.95,   22.31,    0.00,    0.00,  115.22,   52.45,    0.00,    0.00,    0.98,    0.99,    0.00,    0.00,    0.00,    0.00,    0.00,    0.00,    0.00,    0.00,    0.00,    0.00,    0.00,    0.00,    0.00,    0.00,    0.00,    0.00,    0.00,    0.00,    0.00,    0.00,    0.00,    0.00,    0.00,    0.00,    0.00,    0.00,    0.00,    0.00,    0.00,    0.00,  167.67,    2.14,    2.55,    0.00,    0.00,,,,,,,,,    2.95,    3.08,    0.00,    0.00,,,,,    4.78,    4.64,    0.00,    0.00,    9.86,   10.27,    0.00,    0.00,    0.82,    0.90,    0.00,    0.00,    0.00,    0.00,    0.00,    0.00,    0.00,    0.00,    0.00,    0.00,    0.00,    0.00,    0.00,    0.00,    0.00,    0.00,    0.00,    0.00,    0.00,    0.00,    0.00,    0.00,    0.00,    0.00,    0.00,    0.00,    0.00,    0.00,    0.00,    0.00,   20.13,    125.08,     62.72,      0.00,      0.00,    125.08,     62.72,    187.80
2025-11-21,07:24:35.316,   18.24,   11.06,    0.00,    0.00,,,,,,,,,   37.45,   19.97,    0.00,    0.00,,,,,   64.35,   22.73,    0.00,    0.00,  120.05,   53.76,    0.00,    0.00,    0.98,    0.99,    0.00,    0.00,    0.00,    0.00,    0.00,    0.00,    0.00,    0.00,    0.00,    0.00,    0.00,    0.00,    0.00,    0.00,    0.00,    0.00,    0.00,    0.00,    0.00,    0.00,    0.00,    0.00,    0.00,    0.00,    0.00,    0.00,    0.00,    0.00,    0.00,    0.00,  173.81,    2.65,    2.85,    0.00,    0.00,,,,,,,,,    4.26,    3.95,    0.00,    0.00,,,,,    6.35,    5.54,    0.00,    0.00,   13.25,   12.34,    0.00,    0.00,    0.85,    0.93,    0.00,    0.00,    0.00,    0.00,    0.00,    0.00,    0.00,    0.00,    0.00,    0.00,    0.00,    0.00,    0.00,    0.00,    0.00,    0.00,    0.00,    0.00,    0.00,    0.00,    0.00,    0.00,    0.00,    0.00,    0.00,    0.00,    0.00,    0.00,    0.00,    0.00,   25.59,    133.29,     66.10,      0.00,      0.00,    133.29,     66.10,    199.39
2025-11-21,07:24:35.816,   19.03,   11.71,    0.00,    0.00,,,,,,,,,   38.60,   22.36,    0.00,    0.00,,,,,   79.34,   31.97,    0.00,    0.00,  136.97,   66.04,    0.00,    0.00,    0.98,    0.99,    0.00,    0.00,    0.00,    0.00,    0.00,    0.00,    0.00,    0.00,    0.00,    0.00,    0.00,    0.00,    0.00,    0.00,    0.00,    0.00,    0.00,    0.00,    0.00,    0.00,    0.00,    0.00,    0.00,    0.00,    0.00,    0.00,    0.00,    0.00,    0.00,    0.00,  203.01,    4.60,    4.06,    0.00,    0.00,,,,,,,,,    7.58,    6.61,    0.00,    0.00,,,,,   16.67,   11.98,    0.00,    0.00,   28.85,   22.65,    0.00,    0.00,    0.92,    0.97,    0.00,    0.00,    0.00,    0.00,    0.00,    0.00,    0.00,    0.00,    0.00,    0.00,    0.00,    0.00,    0.00,    0.00,    0.00,    0.00,    0.00,    0.00,    0.00,    0.00,    0.00,    0.00,    0.00,    0.00,    0.00,    0.00,    0.00,    0.00,    0.00,    0.00,   51.50,    165.82,     88.69,      0.00,      0.00,    165.82,     88.69,    254.51
2025-11-21,07:24:36.315,   18.42,   11.14,    0.00,    0.00,,,,,,,,,   37.40,   21.41,    0.00,    0.00,,,,,   66.56,   26.44,    0.00,    0.00,  122.38,   59.00,    0.00,    0.00,    0.98,    0.99,    0.00,    0.00,    0.00,    0.00,    0.00,    0.00,    0.00,    0.00,    0.00,    0.00,    0.00,    0.00,    0.00,    0.00,    0.00,    0.00,    0.00,    0.00,    0.00,    0.00,    0.00,    0.00,    0.00,    0.00,    0.00,    0.00,    0.00,    0.00,    0.00,    0.00,  181.37,    2.57,    2.83,    0.00,    0.00,,,,,,,,,    3.44,    3.94,    0.00,    0.00,,,,,    7.46,    6.52,    0.00,    0.00,   13.48,   13.30,    0.00,    0.00,    0.85,    0.93,    0.00,    0.00,    0.00,    0.00,    0.00,    0.00,    0.00,    0.00,    0.00,    0.00,    0.00,    0.00,    0.00,    0.00,    0.00,    0.00,    0.00,    0.00,    0.00,    0.00,    0.00,    0.00,    0.00,    0.00,    0.00,    0.00,    0.00,    0.00,    0.00,    0.00,   26.77,    135.85,     72.29,      0.00,      0.00,    135.85,     72.29,    208.15
2025-11-21,07:24:36.816,   18.90,   10.99,    0.00,    0.00,,,,,,,,,   36.55,   19.78,    0.00,    0.00,,,,,   57.73,   21.98,    0.00,    0.00,  113.18,   52.74,    0.00,    0.00,    0.98,    0.99,    0.00,    0.00,    0.00,    0.00,    0.00,    0.00,    0.00,    0.00,    0.00,    0.00,    0.00,    0.00,    0.00,    0.00,    0.00,    0.00,    0.00,    0.00,    0.00,    0.00,    0.00,    0.00,    0.00,    0.00,    0.00,    0.00,    0.00,    0.00,    0.00,    0.00,  165.92,    2.92,    3.02,    0.00,    0.00,,,,,,,,,    4.06,    3.99,    0.00,    0.00,,,,,    7.23,    6.98,    0.00,    0.00,   14.22,   13.99,    0.00,    0.00,    0.87,    0.93,    0.00,    0.00,    0.00,    0.00,    0.00,    0.00,    0.00,    0.00,    0.00,    0.00,    0.00,    0.00,    0.00,    0.00,    0.00,    0.00,    0.00,    0.00,    0.00,    0.00,    0.00,    0.00,    0.00,    0.00,    0.00,    0.00,    0.00,    0.00,    0.00,    0.00,   28.20,    127.39,     66.73,      0.00,      0.00,    127.39,     66.73,    194.12
2025-11-21,07:24:37.316,   22.36,   15.06,    0.00,    0.00,,,,,,,,,   45.38,   29.76,    0.00,    0.00,,,,,   70.18,   35.27,    0.00,    0.00,  137.92,   80.09,    0.00,    0.00,    0.98,    0.99,    0.00,    0.00,    0.00,    0.00,    0.00,    0.00,    0.00,    0.00,    0.00,    0.00,    0.00,    0.00,    0.00,    0.00,    0.00,    0.00,    0.00,    0.00,    0.00,    0.00,    0.00,    0.00,    0.00,    0.00,    0.00,    0.00,    0.00,    0.00,    0.00,    0.00,  218.02,    2.28,    3.20,    0.00,    0.00,,,,,,,,,    3.06,    4.48,    0.00,    0.00,,,,,    4.39,    6.50,    0.00,    0.00,    9.73,   14.18,    0.00,    0.00,    0.83,    0.90,    0.00,    0.00,    0.00,    0.00,    0.00,    0.00,    0.00,    0.00,    0.00,    0.00,    0.00,    0.00,    0.00,    0.00,    0.00,    0.00,    0.00,    0.00,    0.00,    0.00,    0.00,    0.00,    0.00,    0.00,    0.00,    0.00,    0.00,    0.00,    0.00,    0.00,   23.91,    147.65,     94.28,      0.00,      0.00,    147.65,     94.28,    241.93
2025-11-21,07:24:37.816,   17.26,   10.03,    0.00,    0.00,,,,,,,,,   34.75,   18.77,    0.00,    0.00,,,,,   56.75,   20.64,    0.00,    0.00,  108.76,   49.44,    0.00,    0.00,    0.98,    0.99,    0.00,    0.00,    0.00,    0.00,    0.00,    0.00,    0.00,    0.00,    0.00,    0.00,    0.00,    0.00,    0.00,    0.00,    0.00,    0.00,    0.00,    0.00,    0.00,    0.00,    0.00,    0.00,    0.00,    0.00,    0.00,    0.00,    0.00,    0.00,    0.00,    0.00,  158.20,    1.87,    2.38,    0.00,    0.00,,,,,,,,,    2.28,    2.81,    0.00,    0.00,,,,,    3.80,    4.38,    0.00,    0.00,    7.95,    9.57,    0.00,    0.00,    0.79,    0.88,    0.00,    0.00,    0.00,    0.00,    0.00,    0.00,    0.00,    0.00,    0.00,    0.00,    0.00,    0.00,    0.00,    0.00,    0.00,    0.00,    0.00,    0.00,    0.00,    0.00,    0.00,    0.00,    0.00,    0.00,    0.00,    0.00,    0.00,    0.00,    0.00,    0.00,   17.52,    116.71,     59.01,      0.00,      0.00,    116.71,     59.01,    175.72
2025-11-21,07:24:38.315,   17.06,    9.95,    0.00,    0.00,,,,,,,,,   34.31,   18.61,    0.00,    0.00,,,,,   55.89,   20.66,    0.00,    0.00,  107.26,   49.22,    0.00,    0.00,    0.98,    0.99,    0.00,    0.00,    0.00,    0.00,    0.00,    0.00,    0.00,    0.00,    0.00,    0.00,    0.00,    0.00,    0.00,    0.00,    0.00,    0.00,    0.00,    0.00,    0.00,    0.00,    0.00,    0.00,    0.00,    0.00,    0.00,    0.00,    0.00,    0.00,    0.00,    0.00,  156.47,    1.91,    2.16,    0.00,    0.00,,,,,,,,,    2.27,    2.46,    0.00,    0.00,,,,,    2.65,    2.67,    0.00,    0.00,    6.83,    7.28,    0.00,    0.00,    0.79,    0.84,    0.00,    0.00,    0.00,    0.00,    0.00,    0.00,    0.00,    0.00,    0.00,    0.00,    0.00,    0.00,    0.00,    0.00,    0.00,    0.00,    0.00,    0.00,    0.00,    0.00,    0.00,    0.00,    0.00,    0.00,    0.00,    0.00,    0.00,    0.00,    0.00,    0.00,   14.11,    114.09,     56.50,      0.00,      0.00,    114.09,     56.50,    170.59
2025-11-21,07:24:38.816,   21.02,   12.98,    0.00,    0.00,,,,,,,,,   41.75,   23.96,    0.00,    0.00,,,,,  114.38,   91.55,    0.00,    0.00,  177.15,  128.49,    0.00,    0.00,    0.98,    0.99,    0.00,    0.00,    0.00,    0.00,    0.00,    0.00,    0.00,    0.00,    0.00,    0.00,    0.00,    0.00,    0.00,    0.00,    0.00,    0.00,    0.00,    0.00,    0.00,    0.00,    0.00,    0.00,    0.00,    0.00,    0.00,    0.00,    0.00,    0.00,    0.00,    0.00,  305.64,    3.85,    5.14,    0.00,    0.00,,,,,,,,,    5.47,    8.86,    0.00,    0.00,,,,,   11.97,   16.14,    0.00,    0.00,   21.29,   30.14,    0.00,    0.00,    0.90,    0.96,    0.00,    0.00,    0.00,    0.00,    0.00,    0.00,    0.00,    0.00,    0.00,    0.00,    0.00,    0.00,    0.00,    0.00,    0.00,    0.00,    0.00,    0.00,    0.00,    0.00,    0.00,    0.00,    0.00,    0.00,    0.00,    0.00,    0.00,    0.00,    0.00,    0.00,   51.43,    198.44,    158.63,      0.00,      0.00,    198.44,    158.63,    357.07
2025-11-21,07:24:39.316,   21.05,   13.25,    0.00,    0.00,,,,,,,,,   42.95,   24.81,    0.00,    0.00,,,,,   76.01,   32.67,    0.00,    0.00,  140.01,   70.73,    0.00,    0.00,    0.98,    0.99,    0.00,    0.00,    0.00,    0.00,    0.00,    0.00,    0.00,    0.00,    0.00,    0.00,    0.00,    0.00,    0.00,    0.00,    0.00,    0.00,    0.00,    0.00,    0.00,    0.00,    0.00,    0.00,    0.00,    0.00,    0.00,    0.00,    0.00,    0.00,    0.00,    0.00,  210.74,    4.03,    3.56,    0.00,    0.00,,,,,,,,,    6.38,    5.21,    0.00,    0.00,,,,,   12.36,    9.22,    0.00,    0.00,   22.76,   17.99,    0.00,    0.00,    0.90,    0.96,    0.00,    0.00,    0.00,    0.00,    0.00,    0.00,    0.00,    0.00,    0.00,    0.00,    0.00,    0.00,    0.00,    0.00,    0.00,    0.00,    0.00,    0.00,    0.00,    0.00,    0.00,    0.00,    0.00,    0.00,    0.00,    0.00,    0.00,    0.00,    0.00,    0.00,   40.75,    162.78,     88.71,      0.00,      0.00,    162.78,     88.71,    251.49
2025-11-21,07:24:39.815,   17.20,    9.73,    0.00,    0.00,,,,,,,,,   35.03,   18.37,    0.00,    0.00,,,,,   56.54,   22.12,    0.00,    0.00,  108.77,   50.23,    0.00,    0.00,    0.98,    0.99,    0.00,    0.00,    0.00,    0.00,    0.00,    0.00,    0.00,    0.00,    0.00,    0.00,    0.00,    0.00,    0.00,    0.00,    0.00,    0.00,    0.00,    0.00,    0.00,    0.00,    0.00,    0.00,    0.00,    0.00,    0.00,    0.00,    0.00,    0.00,    0.00,    0.00,  159.00,    1.96,    2.28,    0.00,    0.00,,,,,,,,,    2.48,    2.49,    0.00,    0.00,,,,,    3.69,    3.39,    0.00,    0.00,    8.14,    8.16,    0.00,    0.00,    0.80,    0.88,    0.00,    0.00,    0.00,    0.00,    0.00,    0.00,    0.00,    0.00,    0.00,    0.00,    0.00,    0.00,    0.00,    0.00,    0.00,    0.00,    0.00,    0.00,    0.00,    0.00,    0.00,    0.00,    0.00,    0.00,    0.00,    0.00,    0.00,    0.00,    0.00,    0.00,   16.30,    116.90,     58.39,      0.00,      0.00,    116.90,     58.39,    175.30
2025-11-21,07:24:40.316,   18.28,   10.07,    0.00,    0.00,,,,,,,,,   35.59,   18.58,    0.00,    0.00,,,,,   53.60,   20.89,    0.00,    0.00,  107.47,   49.54,    0.00,    0.00,    0.98,    0.99,    0.00,    0.00,    0.00,    0.00,    0.00,    0.00,    0.00,    0.00,    0.00,    0.00,    0.00,    0.00,    0.00,    0.00,    0.00,    0.00,    0.00,    0.00,    0.00,    0.00,    0.00,    0.00,    0.00,    0.00,    0.00,    0.00,    0.00,    0.00,    0.00,    0.00,  157.01,    1.69,    2.06,    0.00,    0.00,,,,,,,,,    1.89,    2.21,    0.00,    0.00,,,,,    2.46,    2.65,    0.00,    0.00,    6.05,    6.92,    0.00,    0.00,    0.77,    0.82,    0.00,    0.00,    0.00,    0.00,    0.00,    0.00,    0.00,    0.00,    0.00,    0.00,    0.00,    0.00,    0.00,    0.00,    0.00,    0.00,    0.00,    0.00,    0.00,    0.00,    0.00,    0.00,    0.00,    0.00,    0.00,    0.00,    0.00,    0.00,    0.00,    0.00,   12.97,    113.52,     56.46,      0.00,      0.00,    113.52,     56.46,    169.98
2025-11-21,07:24:40.816,   17.63,   10.77,    0.00,    0.00,,,,,,,,,   35.25,   19.30,    0.00,    0.00,,,,,   57.73,   21.27,    0.00,    0.00,  110.61,   51.33,    0.00,    0.00,    0.98,    0.99,    0.00,    0.00,    0.00,    0.00,    0.00,    0.00,    0.00,    0.00,    0.00,    0.00,    0.00,    0.00,    0.00,    0.00,    0.00,    0.00,    0.00,    0.00,    0.00,    0.00,    0.00,    0.00,    0.00,    0.00,    0.00,    0.00,    0.00,    0.00,    0.00,    0.00,  161.94,    1.75,    2.50,    0.00,    0.00,,,,,,,,,    2.04,    2.73,    0.00,    0.00,,,,,    3.50,    3.88,    0.00,    0.00,    7.29,    9.11,    0.00,    0.00,    0.78,    0.86,    0.00,    0.00,    0.00,    0.00,    0.00,    0.00,    0.00,    0.00,    0.00,    0.00,    0.00,    0.00,    0.00,    0.00,    0.00,    0.00,    0.00,    0.00,    0.00,    0.00,    0.00,    0.00,    0.00,    0.00,    0.00,    0.00,    0.00,    0.00,    0.00,    0.00,   16.40,    117.90,     60.45,      0.00,      0.00,    117.90,     60.45,    178.35
2025-11-21,07:24:41.316,   16.62,   10.28,    0.00,    0.00,,,,,,,,,   34.59,   18.64,    0.00,    0.00,,,,,   56.28,   20.64,    0.00,    0.00,  107.49,   49.55,    0.00,    0.00,    0.98,    0.99,    0.00,    0.00,    0.00,    0.00,    0.00,    0.00,    0.00,    0.00,    0.00,    0.00,    0.00,    0.00,    0.00,    0.00,    0.00,    0.00,    0.00,    0.00,    0.00,    0.00,    0.00,    0.00,    0.00,    0.00,    0.00,    0.00,    0.00,    0.00,    0.00,    0.00,  157.04,    1.63,    2.11,    0.00,    0.00,,,,,,,,,    1.76,    2.27,    0.00,    0.00,,,,,    1.84,    2.21,    0.00,    0.00,    5.24,    6.58,    0.00,    0.00,    0.76,    0.79,    0.00,    0.00,    0.00,    0.00,    0.00,    0.00,    0.00,    0.00,    0.00,    0.00,    0.00,    0.00,    0.00,    0.00,    0.00,    0.00,    0.00,    0.00,    0.00,    0.00,    0.00,    0.00,    0.00,    0.00,    0.00,    0.00,    0.00,    0.00,    0.00,    0.00,   11.82,    112.73,     56.13,      0.00,      0.00,    112.73,     56.13,    168.87
2025-11-21,07:24:41.816,   17.82,   10.59,    0.00,    0.00,,,,,,,,,   35.31,   18.72,    0.00,    0.00,,,,,   56.39,   20.70,    0.00,    0.00,  109.52,   50.01,    0.00,    0.00,    0.98,    0.99,    0.00,    0.00,    0.00,    0.00,    0.00,    0.00,    0.00,    0.00,    0.00,    0.00,    0.00,    0.00,    0.00,    0.00,    0.00,    0.00,    0.00,    0.00,    0.00,    0.00,    0.00,    0.00,    0.00,    0.00,    0.00,    0.00,    0.00,    0.00,    0.00,    0.00,  159.53,    1.67,    2.54,    0.00,    0.00,,,,,,,,,    2.01,    2.96,    0.00,    0.00,,,,,    3.10,    3.99,    0.00,    0.00,    6.77,    9.49,    0.00,    0.00,    0.77,    0.85,    0.00,    0.00,    0.00,    0.00,    0.00,    0.00,    0.00,    0.00,    0.00,    0.00,    0.00,    0.00,    0.00,    0.00,    0.00,    0.00,    0.00,    0.00,    0.00,    0.00,    0.00,    0.00,    0.00,    0.00,    0.00,    0.00,    0.00,    0.00,    0.00,    0.00,   16.27,    116.29,     59.50,      0.00,      0.00,    116.29,     59.50,    175.79
2025-11-21,07:24:42.316,   17.17,   11.56,    0.00,    0.00,,,,,,,,,   36.93,   21.94,    0.00,    0.00,,,,,   69.13,   25.79,    0.00,    0.00,  123.23,   59.30,    0.00,    0.00,    0.98,    0.99,    0.00,    0.00,    0.00,    0.00,    0.00,    0.00,    0.00,    0.00,    0.00,    0.00,    0.00,    0.00,    0.00,    0.00,    0.00,    0.00,    0.00,    0.00,    0.00,    0.00,    0.00,    0.00,    0.00,    0.00,    0.00,    0.00,    0.00,    0.00,    0.00,    0.00,  182.53,    3.43,    3.38,    0.00,    0.00,,,,,,,,,    5.25,    5.11,    0.00,    0.00,,,,,   10.25,    7.56,    0.00,    0.00,   18.93,   16.05,    0.00,    0.00,    0.89,    0.95,    0.00,    0.00,    0.00,    0.00,    0.00,    0.00,    0.00,    0.00,    0.00,    0.00,    0.00,    0.00,    0.00,    0.00,    0.00,    0.00,    0.00,    0.00,    0.00,    0.00,    0.00,    0.00,    0.00,    0.00,    0.00,    0.00,    0.00,    0.00,    0.00,    0.00,   34.98,    142.16,     75.35,      0.00,      0.00,    142.16,     75.35,    217.51
2025-11-21,07:24:42.816,   17.08,    9.70,    0.00,    0.00,,,,,,,,,   34.39,   18.89,    0.00,    0.00,,,,,   56.73,   21.55,    0.00,    0.00,  108.19,   50.15,    0.00,    0.00,    0.98,    0.99,    0.00,    0.00,    0.00,    0.00,    0.00,    0.00,    0.00,    0.00,    0.00,    0.00,    0.00,    0.00,    0.00,    0.00,    0.00,    0.00,    0.00,    0.00,    0.00,    0.00,    0.00,    0.00,    0.00,    0.00,    0.00,    0.00,    0.00,    0.00,    0.00,    0.00,  158.34,    1.80,    2.44,    0.00,    0.00,,,,,,,,,    2.10,    2.81,    0.00,    0.00,,,,,    3.22,    3.98,    0.00,    0.00,    7.12,    9.23,    0.00,    0.00,    0.78,    0.86,    0.00,    0.00,    0.00,    0.00,    0.00,    0.00,    0.00,    0.00,    0.00,    0.00,    0.00,    0.00,    0.00,    0.00,    0.00,    0.00,    0.00,    0.00,    0.00,    0.00,    0.00,    0.00,    0.00,    0.00,    0.00,    0.00,    0.00,    0.00,    0.00,    0.00,   16.35,    115.31,     59.38,      0.00,      0.00,    115.31,     59.38,    174.69
2025-11-21,07:24:43.316,   18.62,   10.33,    0.00,    0.00,,,,,,,,,   37.52,   20.38,    0.00,    0.00,,,,,   60.36,   23.92,    0.00,    0.00,  116.50,   54.63,    0.00,    0.00,    0.98,    0.99,    0.00,    0.00,    0.00,    0.00,    0.00,    0.00,    0.00,    0.00,    0.00,    0.00,    0.00,    0.00,    0.00,    0.00,    0.00,    0.00,    0.00,    0.00,    0.00,    0.00,    0.00,    0.00,    0.00,    0.00,    0.00,    0.00,    0.00,    0.00,    0.00,    0.00,  171.12,    3.46,    3.11,    0.00,    0.00,,,,,,,,,    5.84,    4.50,    0.00,    0.00,,,,,    7.27,    5.84,    0.00,    0.00,   16.57,   13.45,    0.00,    0.00,    0.89,    0.94,    0.00,    0.00,    0.00,    0.00,    0.00,    0.00,    0.00,    0.00,    0.00,    0.00,    0.00,    0.00,    0.00,    0.00,    0.00,    0.00,    0.00,    0.00,    0.00,    0.00,    0.00,    0.00,    0.00,    0.00,    0.00,    0.00,    0.00,    0.00,    0.00,    0.00,   30.02,    133.07,     68.08,      0.00,      0.00,    133.07,     68.08,    201.14
2025-11-21,07:24:43.816,   21.50,   12.74,    0.00,    0.00,,,,,,,,,   43.65,   24.01,    0.00,    0.00,,,,,  114.89,   87.69,    0.00,    0.00,  180.04,  124.44,    0.00,    0.00,    0.98,    0.99,    0.00,    0.00,    0.00,    0.00,    0.00,    0.00,    0.00,    0.00,    0.00,    0.00,    0.00,    0.00,    0.00,    0.00,    0.00,    0.00,    0.00,    0.00,    0.00,    0.00,    0.00,    0.00,    0.00,    0.00,    0.00,    0.00,    0.00,    0.00,    0.00,    0.00,  304.48,    4.57,    5.24,    0.00,    0.00,,,,,,,,,    7.22,    9.39,    0.00,    0.00,,,,,   14.04,   16.42,    0.00,    0.00,   25.83,   31.06,    0.00,    0.00,    0.91,    0.96,    0.00,    0.00,    0.00,    0.00,    0.00,    0.00,    0.00,    0.00,    0.00,    0.00,    0.00,    0.00,    0.00,    0.00,    0.00,    0.00,    0.00,    0.00,    0.00,    0.00,    0.00,    0.00,    0.00,    0.00,    0.00,    0.00,    0.00,    0.00,    0.00,    0.00,   56.89,    205.87,    155.50,      0.00,      0.00,    205.87,    155.50,    361.37
2025-11-21,07:24:44.316,   17.00,   10.18,    0.00,    0.00,,,,,,,,,   34.61,   19.07,    0.00,    0.00,,,,,   57.60,   22.63,    0.00,    0.00,  109.21,   51.88,    0.00,    0.00,    0.98,    0.99,    0.00,    0.00,    0.00,    0.00,    0.00,    0.00,    0.00,    0.00,    0.00,    0.00,    0.00,    0.00,    0.00,    0.00,    0.00,    0.00,    0.00,    0.00,    0.00,    0.00,    0.00,    0.00,    0.00,    0.00,    0.00,    0.00,    0.00,    0.00,    0.00,    0.00,  161.09,    2.01,    2.26,    0.00,    0.00,,,,,,,,,    2.51,    2.67,    0.00,    0.00,,,,,    3.34,    3.57,    0.00,    0.00,    7.87,    8.50,    0.00,    0.00,    0.81,    0.87,    0.00,    0.00,    0.00,    0.00,    0.00,    0.00,    0.00,    0.00,    0.00,    0.00,    0.00,    0.00,    0.00,    0.00,    0.00,    0.00,    0.00,    0.00,    0.00,    0.00,    0.00,    0.00,    0.00,    0.00,    0.00,    0.00,    0.00,    0.00,    0.00,    0.00,   16.37,    117.08,     60.37,      0.00,      0.00,    117.08,     60.37,    177.45
2025-11-21,07:24:44.816,   17.37,   10.06,    0.00,    0.00,    0.00,    0.00,    0.00,    0.00,,,,,   34.22,   19.08,    0.00,    0.00,,,,,   57.79,   23.12,    0.00,    0.00,  109.38,   52.26,    0.00,    0.00,    0.98,    0.99,    0.00,    0.00,    0.00,    0.00,    0.00,    0.00,    0.00,    0.00,    0.00,    0.00,    0.00,    0.00,    0.00,    0.00,    0.00,    0.00,    0.00,    0.00,    0.00,    0.00,    0.00,    0.00,    0.00,    0.00,    0.00,    0.00,    0.00,    0.00,    0.00,    0.00,  161.64,    1.98,    2.37,    0.00,    0.00,,,,,,,,,    2.45,    2.74,    0.00,    0.00,,,,,    3.86,    4.27,    0.00,    0.00,    8.29,    9.38,    0.00,    0.00,    0.80,    0.88,    0.00,    0.00,    0.00,    0.00,    0.00,    0.00,    0.00,    0.00,    0.00,    0.00,    0.00,    0.00,    0.00,    0.00,    0.00,    0.00,    0.00,    0.00,    0.00,    0.00,    0.00,    0.00,    0.00,    0.00,    0.00,    0.00,    0.00,    0.00,    0.00,    0.00,   17.67,    117.67,     61.64,      0.00,      0.00,    117.67,     61.64,    179.31
2025-11-21,07:24:45.316,   17.83,   11.47,    0.00,    0.00,,,,,,,,,   36.77,   21.26,    0.00,    0.00,,,,,   67.66,   27.42,    0.00,    0.00,  122.26,   60.16,    0.00,    0.00,    0.98,    0.99,    0.00,    0.00,    0.00,    0.00,    0.00,    0.00,    0.00,    0.00,    0.00,    0.00,    0.00,    0.00,    0.00,    0.00,    0.00,    0.00,    0.00,    0.00,    0.00,    0.00,    0.00,    0.00,    0.00,    0.00,    0.00,    0.00,    0.00,    0.00,    0.00,    0.00,  182.42,    2.41,    2.55,    0.00,    0.00,,,,,,,,,    3.18,    3.33,    0.00,    0.00,,,,,    7.34,    5.18,    0.00,    0.00,   12.92,   11.07,    0.00,    0.00,    0.84,    0.93,    0.00,    0.00,    0.00,    0.00,    0.00,    0.00,    0.00,    0.00,    0.00,    0.00,    0.00,    0.00,    0.00,    0.00,    0.00,    0.00,    0.00,    0.00,    0.00,    0.00,    0.00,    0.00,    0.00,    0.00,    0.00,    0.00,    0.00,    0.00,    0.00,    0.00,   23.99,    135.19,     71.23,      0.00,      0.00,    135.19,     71.23,    206.41
2025-11-21,07:24:45.816,   18.18,   11.49,    0.00,    0.00,,,,,,,,,   37.15,   21.48,    0.00,    0.00,,,,,   61.23,   26.87,    0.00,    0.00,  116.56,   59.85,    0.00,    0.00,    0.98,    0.99,    0.00,    0.00,    0.00,    0.00,    0.00,    0.00,    0.00,    0.00,    0.00,    0.00,    0.00,    0.00,    0.00,    0.00,    0.00,    0.00,    0.00,    0.00,    0.00,    0.00,    0.00,    0.00,    0.00,    0.00,    0.00,    0.00,    0.00,    0.00,    0.00,    0.00,  176.41,    2.13,    2.54,    0.00,    0.00,,,,,,,,,    2.79,    2.93,    0.00,    0.00,,,,,    4.26,    4.15,    0.00,    0.00,    9.17,    9.62,    0.00,    0.00,    0.82,    0.89,    0.00,    0.00,    0.00,    0.00,    0.00,    0.00,    0.00,    0.00,    0.00,    0.00,    0.00,    0.00,    0.00,    0.00,    0.00,    0.00,    0.00,    0.00,    0.00,    0.00,    0.00,    0.00,    0.00,    0.00,    0.00,    0.00,    0.00,    0.00,    0.00,    0.00,   18.79,    125.74,     69.47,      0.00,      0.00,    125.74,     69.47,    195.20
2025-11-21,07:24:46.316,   17.15,    9.81,    0.00,    0.00,,,,,,,,,   34.85,   18.69,    0.00,    0.00,,,,,   55.81,   22.22,    0.00,    0.00,  107.81,   50.71,    0.00,    0.00,    0.98,    0.99,    0.00,    0.00,    0.00,    0.00,    0.00,    0.00,    0.00,    0.00,    0.00,    0.00,    0.00,    0.00,    0.00,    0.00,    0.00,    0.00,    0.00,    0.00,    0.00,    0.00,    0.00,    0.00,    0.00,    0.00,    0.00,    0.00,    0.00,    0.00,    0.00,    0.00,  158.53,    1.64,    2.19,    0.00,    0.00,,,,,,,,,    1.77,    2.41,    0.00,    0.00,,,,,    2.30,    2.95,    0.00,    0.00,    5.72,    7.54,    0.00,    0.00,    0.76,    0.81,    0.00,    0.00,    0.00,    0.00,    0.00,    0.00,    0.00,    0.00,    0.00,    0.00,    0.00,    0.00,    0.00,    0.00,    0.00,    0.00,    0.00,    0.00,    0.00,    0.00,    0.00,    0.00,    0.00,    0.00,    0.00,    0.00,    0.00,    0.00,    0.00,    0.00,   13.25,    113.53,     58.25,      0.00,      0.00,    113.53,     58.25,    171.78
2025-11-21,07:24:46.816,   17.15,   10.59,    0.00,    0.00,    0.00,    0.00,    0.00,    0.02,,,,,   34.47,   19.50,    0.00,    0.00,,,,,   57.20,   21.00,    0.00,    0.00,  108.82,   51.08,    0.00,    0.02,    0.98,    0.99,    0.00,    0.00,    0.00,    0.00,    0.00,    0.00,    0.00,    0.00,    0.00,    0.00,    0.00,    0.00,    0.00,    0.00,    0.00,    0.00,    0.00,    0.00,    0.00,    0.00,    0.00,    0.00,    0.00,    0.00,    0.00,    0.00,    0.00,    0.00,    0.00,    0.00,  159.90,    1.86,    2.53,    0.00,    0.00,,,,,,,,,    2.35,    2.98,    0.00,    0.00,,,,,    3.24,    3.64,    0.00,    0.00,    7.44,    9.15,    0.00,    0.00,    0.79,    0.86,    0.00,    0.00,    0.00,    0.00,    0.00,    0.00,    0.00,    0.00,    0.00,    0.00,    0.00,    0.00,    0.00,    0.00,    0.00,    0.00,    0.00,    0.00,    0.00,    0.00,    0.00,    0.00,    0.00,    0.00,    0.00,    0.00,    0.00,    0.00,    0.00,    0.00,   16.59,    116.27,     60.23,      0.00,      0.02,    116.27,     60.25,    176.51
2025-11-21,07:24:47.316,   18.31,   10.86,    0.00,    0.00,,,,,,,,,   36.35,   19.48,    0.00,    0.00,,,,,   58.19,   22.23,    0.00,    0.00,  112.85,   52.57,    0.00,    0.00,    0.98,    0.99,    0.00,    0.00,    0.00,    0.00,    0.00,    0.00,    0.00,    0.00,    0.00,    0.00,    0.00,    0.00,    0.00,    0.00,    0.00,    0.00,    0.00,    0.00,    0.00,    0.00,    0.00,    0.00,    0.00,    0.00,    0.00,    0.00,    0.00,    0.00,    0.00,    0.00,  165.42,    1.95,    2.58,    0.00,    0.00,,,,,,,,,    2.48,    3.26,    0.00,    0.00,,,,,    3.33,    3.95,    0.00,    0.00,    7.75,    9.80,    0.00,    0.00,    0.80,    0.87,    0.00,    0.00,    0.00,    0.00,    0.00,    0.00,    0.00,    0.00,    0.00,    0.00,    0.00,    0.00,    0.00,    0.00,    0.00,    0.00,    0.00,    0.00,    0.00,    0.00,    0.00,    0.00,    0.00,    0.00,    0.00,    0.00,    0.00,    0.00,    0.00,    0.00,   17.55,    120.60,     62.37,      0.00,      0.00,    120.60,     62.37,    182.97
2025-11-21,07:24:47.816,   17.61,   10.40,    0.00,    0.00,    0.00,    0.00,    0.00,    0.00,,,,,   34.66,   19.16,    0.00,    0.00,,,,,   56.67,   22.45,    0.00,    0.00,  108.94,   52.01,    0.00,    0.00,    0.98,    0.99,    0.00,    0.00,    0.00,    0.00,    0.00,    0.00,    0.00,    0.00,    0.00,    0.00,    0.00,    0.00,    0.00,    0.00,    0.00,    0.00,    0.00,    0.00,    0.00,    0.00,    0.00,    0.00,    0.00,    0.00,    0.00,    0.00,    0.00,    0.00,    0.00,    0.00,  160.95,    2.33,    2.83,    0.00,    0.00,,,,,,,,,    3.06,    3.54,    0.00,    0.00,,,,,    4.59,    5.20,    0.00,    0.00,    9.98,   11.57,    0.00,    0.00,    0.84,    0.90,    0.00,    0.00,    0.00,    0.00,    0.00,    0.00,    0.00,    0.00,    0.00,    0.00,    0.00,    0.00,    0.00,    0.00,    0.00,    0.00,    0.00,    0.00,    0.00,    0.00,    0.00,    0.00,    0.00,    0.00,    0.00,    0.00,    0.00,    0.00,    0.00,    0.00,   21.55,    118.92,     63.59,      0.00,      0.00,    118.92,     63.59,    182.50
2025-11-21,07:24:48.327,   17.46,   11.37,    0.00,    0.00,,,,,,,,,   36.87,   21.64,    0.00,    0.00,,,,,   67.80,   25.85,    0.00,    0.00,  122.14,   58.86,    0.00,    0.00,    0.98,    0.99,    0.00,    0.00,    0.00,    0.00,    0.00,    0.00,    0.00,    0.00,    0.00,    0.00,    0.00,    0.00,    0.00,    0.00,    0.00,    0.00,    0.00,    0.00,    0.00,    0.00,    0.00,    0.00,    0.00,    0.00,    0.00,    0.00,    0.00,    0.00,    0.00,    0.00,  181.00,    2.58,    3.02,    0.00,    0.00,,,,,,,,,    3.40,    4.38,    0.00,    0.00,,,,,    7.15,    6.24,    0.00,    0.00,   13.13,   13.65,    0.00,    0.00,    0.85,    0.93,    0.00,    0.00,    0.00,    0.00,    0.00,    0.00,    0.00,    0.00,    0.00,    0.00,    0.00,    0.00,    0.00,    0.00,    0.00,    0.00,    0.00,    0.00,    0.00,    0.00,    0.00,    0.00,    0.00,    0.00,    0.00,    0.00,    0.00,    0.00,    0.00,    0.00,   26.78,    135.27,     72.50,      0.00,      0.00,    135.27,     72.50,    207.77
2025-11-21,07:24:48.816,   20.95,   12.06,    0.00,    0.00,,,,,,,,,   41.61,   23.37,    0.00,    0.00,,,,,  110.98,   86.92,    0.00,    0.00,  173.54,  122.35,    0.00,    0.00,    0.98,    0.99,    0.00,    0.00,    0.00,    0.00,    0.00,    0.00,    0.00,    0.00,    0.00,    0.00,    0.00,    0.00,    0.00,    0.00,    0.00,    0.00,    0.00,    0.00,    0.00,    0.00,    0.00,    0.00,    0.00,    0.00,    0.00,    0.00,    0.00,    0.00,    0.00,    0.00,  295.89,    4.05,    5.13,    0.00,    0.00,,,,,,,,,    5.83,    8.71,    0.00,    0.00,,,,,   12.66,   16.11,    0.00,    0.00,   22.54,   29.96,    0.00,    0.00,    0.91,    0.96,    0.00,    0.00,    0.00,    0.00,    0.00,    0.00,    0.00,    0.00,    0.00,    0.00,    0.00,    0.00,    0.00,    0.00,    0.00,    0.00,    0.00,    0.00,    0.00,    0.00,    0.00,    0.00,    0.00,    0.00,    0.00,    0.00,    0.00,    0.00,    0.00,    0.00,   52.50,    196.08,    152.31,      0.00,      0.00,    196.08,    152.31,    348.39
2025-11-21,07:24:49.316,   18.27,   10.37,    0.00,    0.00,    0.00,    0.00,    0.00,    0.00,,,,,   36.25,   18.79,    0.00,    0.00,,,,,   55.29,   22.68,    0.00,    0.00,  109.81,   51.84,    0.00,    0.00,    0.98,    0.99,    0.00,    0.00,    0.00,    0.00,    0.00,    0.00,    0.00,    0.00,    0.00,    0.00,    0.00,    0.00,    0.00,    0.00,    0.00,    0.00,    0.00,    0.00,    0.00,    0.00,    0.00,    0.00,    0.00,    0.00,    0.00,    0.00,    0.00,    0.00,    0.00,    0.00,  161.65,    2.00,    2.39,    0.00,    0.00,,,,,,,,,    2.53,    2.88,    0.00,    0.00,,,,,    3.62,    4.45,    0.00,    0.00,    8.15,    9.72,    0.00,    0.00,    0.80,    0.88,    0.00,    0.00,    0.00,    0.00,    0.00,    0.00,    0.00,    0.00,    0.00,    0.00,    0.00,    0.00,    0.00,    0.00,    0.00,    0.00,    0.00,    0.00,    0.00,    0.00,    0.00,    0.00,    0.00,    0.00,    0.00,    0.00,    0.00,    0.00,    0.00,    0.00,   17.87,    117.96,     61.55,      0.00,      0.00,    117.96,     61.55,    179.52
2025-11-21,07:24:49.816,   19.39,   10.12,    0.00,    0.00,,,,,,,,,   37.11,   19.29,    0.00,    0.00,,,,,   53.01,   22.86,    0.00,    0.00,  109.51,   52.27,    0.00,    0.00,    0.98,    0.99,    0.00,    0.00,    0.00,    0.00,    0.00,    0.00,    0.00,    0.00,    0.00,    0.00,    0.00,    0.00,    0.00,    0.00,    0.00,    0.00,    0.00,    0.00,    0.00,    0.00,    0.00,    0.00,    0.00,    0.00,    0.00,    0.00,    0.00,    0.00,    0.00,    0.00,  161.78,    1.96,    2.36,    0.00,    0.00,,,,,,,,,    2.51,    2.82,    0.00,    0.00,,,,,    3.67,    4.13,    0.00,    0.00,    8.14,    9.31,    0.00,    0.00,    0.80,    0.88,    0.00,    0.00,    0.00,    0.00,    0.00,    0.00,    0.00,    0.00,    0.00,    0.00,    0.00,    0.00,    0.00,    0.00,    0.00,    0.00,    0.00,    0.00,    0.00,    0.00,    0.00,    0.00,    0.00,    0.00,    0.00,    0.00,    0.00,    0.00,    0.00,    0.00,   17.45,    117.65,     61.58,      0.00,      0.00,    117.65,     61.58,    179.24
2025-11-21,07:24:50.316,   60.19,   83.14,    0.00,    0.00,,,,,,,,,  107.55,  147.84,    0.00,    0.00,,,,,  120.23,  118.75,    0.00,    0.00,  287.96,  349.73,    0.00,    0.00,    0.95,    0.97,    0.00,    0.00,    0.00,    0.00,    0.00,    0.00,    0.00,    0.00,    0.00,    0.00,    0.00,    0.00,    0.00,    0.00,    0.00,    0.00,    0.00,    0.00,    0.00,    0.00,    0.00,    0.00,    0.00,    0.00,    0.00,    0.00,    0.00,    0.00,    0.00,    0.00,  637.69,    1.96,    2.16,    0.00,    0.00,,,,,,,,,    2.26,    2.44,    0.00,    0.00,,,,,    2.79,    3.22,    0.00,    0.00,    7.01,    7.82,    0.00,    0.00,    0.80,    0.85,    0.00,    0.00,    0.00,    0.00,    0.00,    0.00,    0.00,    0.00,    0.00,    0.00,    0.00,    0.00,    0.00,    0.00,    0.00,    0.00,    0.00,    0.00,    0.00,    0.00,    0.00,    0.00,    0.00,    0.00,    0.00,    0.00,    0.00,    0.00,    0.00,    0.00,   14.83,    294.98,    357.55,      0.00,      0.00,    294.98,    357.55,    652.53
2025-11-21,07:24:50.816,  359.25,  540.35,    0.00,    0.00,,,,,,,,,  643.78, 1023.90,    0.00,    0.00,,,,,  630.21, 1021.96,    0.00,    0.00, 1633.23, 2586.21,    0.00,    0.00,    0.95,    0.96,    0.00,    0.00,    0.00,    0.00,    0.00,    0.00,    0.00,    0.00,    0.00,    0.00,    0.00,    0.00,    0.00,    0.00,    0.00,    0.00,    0.00,    0.00,    0.00,    0.00,    0.00,    0.00,    0.00,    0.00,    0.00,    0.00,    0.00,    0.00,    0.00,    0.00, 4219.43,    1.62,    2.28,    0.00,    0.00,,,,,,,,,    2.07,    2.80,    0.00,    0.00,,,,,    3.81,    4.09,    0.00,    0.00,    7.51,    9.17,    0.00,    0.00,    0.76,    0.87,    0.00,    0.00,    0.00,    0.00,    0.00,    0.00,    0.00,    0.00,    0.00,    0.00,    0.00,    0.00,    0.00,    0.00,    0.00,    0.00,    0.00,    0.00,    0.00,    0.00,    0.00,    0.00,    0.00,    0.00,    0.00,    0.00,    0.00,    0.00,    0.00,    0.00,   16.68,   1640.73,   2595.38,      0.00,      0.00,   1640.73,   2595.38,   4236.11
2025-11-21,07:24:51.316,   70.15,  298.22,    0.00,    0.00,,,,,,,,,  105.86,  557.12,    0.00,    0.00,,,,,  192.69,  575.62,    0.00,    0.00,  368.70, 1430.96,    0.00,    0.00,    0.96,    0.97,    0.00,    0.00,    0.00,    0.00,    0.00,    0.00,    0.00,    0.00,    0.00,    0.00,    0.00,    0.00,    0.00,    0.00,    0.00,    0.00,    0.00,    0.00,    0.00,    0.00,    0.00,    0.00,    0.00,    0.00,    0.00,    0.00,    0.00,    0.00,    0.00,    0.00, 1799.66,    3.87,    4.95,    0.00,    0.00,,,,,,,,,    6.54,    7.61,    0.00,    0.00,,,,,   13.29,   11.22,    0.00,    0.00,   23.70,   23.77,    0.00,    0.00,    0.90,    0.96,    0.00,    0.00,    0.00,    0.00,    0.00,    0.00,    0.00,    0.00,    0.00,    0.00,    0.00,    0.00,    0.00,    0.00,    0.00,    0.00,    0.00,    0.00,    0.00,    0.00,    0.00,    0.00,    0.00,    0.00,    0.00,    0.00,    0.00,    0.00,    0.00,    0.00,   47.47,    392.40,   1454.73,      0.00,      0.00,    392.40,   1454.73,   1847.13
2025-11-21,07:24:51.816,  235.75,  473.66,    0.00,    0.00,,,,,,,,,  405.37,  872.67,    0.00,    0.00,,,,,  386.99,  769.84,    0.00,    0.00, 1028.11, 2116.18,    0.00,    0.00,    0.95,    0.96,    0.00,    0.00,    0.00,    0.00,    0.00,    0.00,    0.00,    0.00,    0.00,    0.00,    0.00,    0.00,    0.00,    0.00,    0.00,    0.00,    0.00,    0.00,    0.00,    0.00,    0.00,    0.00,    0.00,    0.00,    0.00,    0.00,    0.00,    0.00,    0.00,    0.00, 3144.29,    1.99,    2.60,    0.00,    0.00,,,,,,,,,    2.58,    3.15,    0.00,    0.00,,,,,    4.17,    4.16,    0.00,    0.00,    8.74,    9.91,    0.00,    0.00,    0.80,    0.89,    0.00,    0.00,    0.00,    0.00,    0.00,    0.00,    0.00,    0.00,    0.00,    0.00,    0.00,    0.00,    0.00,    0.00,    0.00,    0.00,    0.00,    0.00,    0.00,    0.00,    0.00,    0.00,    0.00,    0.00,    0.00,    0.00,    0.00,    0.00,    0.00,    0.00,   18.65,   1036.85,   2126.09,      0.00,      0.00,   1036.85,   2126.09,   3162.94
2025-11-21,07:24:52.316,  235.73,  406.56,    0.00,    0.00,    0.00,    0.00,    0.00,    0.00,,,,,  418.08,  737.10,    0.00,    0.00,,,,,  463.69,  579.06,    0.00,    0.00, 1117.51, 1722.72,    0.00,    0.00,    0.94,    0.96,    0.00,    0.00,    0.00,    0.00,    0.00,    0.00,    0.00,    0.00,    0.00,    0.00,    0.00,    0.00,    0.00,    0.00,    0.00,    0.00,    0.00,    0.00,    0.00,    0.00,    0.00,    0.00,    0.00,    0.00,    0.00,    0.00,    0.00,    0.00,    0.00,    0.00, 2840.23,    3.73,    3.66,    0.00,    0.00,,,,,,,,,    5.60,    5.95,    0.00,    0.00,,,,,   14.28,   10.24,    0.00,    0.00,   23.61,   19.84,    0.00,    0.00,    0.90,    0.96,    0.00,    0.00,    0.00,    0.00,    0.00,    0.00,    0.00,    0.00,    0.00,    0.00,    0.00,    0.00,    0.00,    0.00,    0.00,    0.00,    0.00,    0.00,    0.00,    0.00,    0.00,    0.00,    0.00,    0.00,    0.00,    0.00,    0.00,    0.00,    0.00,    0.00,   43.45,   1141.12,   1742.57,      0.00,      0.00,   1141.12,   1742.57,   2883.68
2025-11-21,07:24:52.816,   15.17,   19.47,    0.00,    0.00,    0.00,    0.00,    0.00,    0.00,,,,,   29.54,   36.07,    0.00,    0.00,,,,,   51.14,   48.69,    0.00,    0.00,   95.84,  104.22,    0.00,    0.00,    0.97,    0.99,    0.00,    0.00,    0.00,    0.00,    0.00,    0.00,    0.00,    0.00,    0.00,    0.00,    0.00,    0.00,    0.00,    0.00,    0.00,    0.00,    0.00,    0.00,    0.00,    0.00,    0.00,    0.00,    0.00,    0.00,    0.00,    0.00,    0.00,    0.00,    0.00,    0.00,  200.06,    2.69,    3.05,    0.00,    0.00,,,,,,,,,    4.24,    4.10,    0.00,    0.00,,,,,    7.01,    6.17,    0.00,    0.00,   13.93,   13.31,    0.00,    0.00,    0.85,    0.93,    0.00,    0.00,    0.00,    0.00,    0.00,    0.00,    0.00,    0.00,    0.00,    0.00,    0.00,    0.00,    0.00,    0.00,    0.00,    0.00,    0.00,    0.00,    0.00,    0.00,    0.00,    0.00,    0.00,    0.00,    0.00,    0.00,    0.00,    0.00,    0.00,    0.00,   27.25,    109.77,    117.53,      0.00,      0.00,    109.77,    117.53,    227.30
2025-11-21,07:24:53.316,   15.67,   21.17,    0.00,    0.00,,,,,,,,,   28.86,   38.73,    0.00,    0.00,,,,,   48.28,   39.81,    0.00,    0.00,   92.81,   99.70,    0.00,    0.00,    0.97,    0.99,    0.00,    0.00,    0.00,    0.00,    0.00,    0.00,    0.00,    0.00,    0.00,    0.00,    0.00,    0.00,    0.00,    0.00,    0.00,    0.00,    0.00,    0.00,    0.00,    0.00,    0.00,    0.00,    0.00,    0.00,    0.00,    0.00,    0.00,    0.00,    0.00,    0.00,  192.51,    2.69,    2.71,    0.00,    0.00,,,,,,,,,    3.50,    3.48,    0.00,    0.00,,,,,    5.36,    5.62,    0.00,    0.00,   11.55,   11.81,    0.00,    0.00,    0.86,    0.92,    0.00,    0.00,    0.00,    0.00,    0.00,    0.00,    0.00,    0.00,    0.00,    0.00,    0.00,    0.00,    0.00,    0.00,    0.00,    0.00,    0.00,    0.00,    0.00,    0.00,    0.00,    0.00,    0.00,    0.00,    0.00,    0.00,    0.00,    0.00,    0.00,    0.00,   23.36,    104.36,    111.51,      0.00,      0.00,    104.36,    111.51,    215.87
2025-11-21,07:24:53.816,   18.39,   22.98,    0.00,    0.00,,,,,,,,,   35.58,   42.56,    0.00,    0.00,,,,,  105.29,  109.16,    0.00,    0.00,  159.26,  174.70,    0.00,    0.00,    0.98,    0.99,    0.00,    0.00,    0.00,    0.00,    0.00,    0.00,    0.00,    0.00,    0.00,    0.00,    0.00,    0.00,    0.00,    0.00,    0.00,    0.00,    0.00,    0.00,    0.00,    0.00,    0.00,    0.00,    0.00,    0.00,    0.00,    0.00,    0.00,    0.00,    0.00,    0.00,  333.96,    3.36,    5.39,    0.00,    0.00,,,,,,,,,    4.88,    8.95,    0.00,    0.00,,,,,   11.14,   16.05,    0.00,    0.00,   19.38,   30.38,    0.00,    0.00,    0.88,    0.95,    0.00,    0.00,    0.00,    0.00,    0.00,    0.00,    0.00,    0.00,    0.00,    0.00,    0.00,    0.00,    0.00,    0.00,    0.00,    0.00,    0.00,    0.00,    0.00,    0.00,    0.00,    0.00,    0.00,    0.00,    0.00,    0.00,    0.00,    0.00,    0.00,    0.00,   49.77,    178.64,    205.09,      0.00,      0.00,    178.64,    205.09,    383.73
2025-11-21,07:24:54.316,   15.74,   21.72,    0.00,    0.00,,,,,,,,,   31.09,   40.76,    0.00,    0.00,,,,,   62.16,   47.74,    0.00,    0.00,  109.00,  110.22,    0.00,    0.00,    0.97,    0.99,    0.00,    0.00,    0.00,    0.00,    0.00,    0.00,    0.00,    0.00,    0.00,    0.00,    0.00,    0.00,    0.00,    0.00,    0.00,    0.00,    0.00,    0.00,    0.00,    0.00,    0.00,    0.00,    0.00,    0.00,    0.00,    0.00,    0.00,    0.00,    0.00,    0.00,  219.22,    2.90,    3.05,    0.00,    0.00,,,,,,,,,    4.01,    4.17,    0.00,    0.00,,,,,    8.87,    7.24,    0.00,    0.00,   15.79,   14.45,    0.00,    0.00,    0.87,    0.94,    0.00,    0.00,    0.00,    0.00,    0.00,    0.00,    0.00,    0.00,    0.00,    0.00,    0.00,    0.00,    0.00,    0.00,    0.00,    0.00,    0.00,    0.00,    0.00,    0.00,    0.00,    0.00,    0.00,    0.00,    0.00,    0.00,    0.00,    0.00,    0.00,    0.00,   30.24,    124.79,    124.68,      0.00,      0.00,    124.79,    124.68,    249.46
2025-11-21,07:24:54.816,   16.13,   22.03,    0.00,    0.00,    0.00,    0.00,    0.00,    0.00,,,,,   30.42,   41.21,    0.00,    0.00,,,,,   52.11,   43.11,    0.00,    0.00,   98.67,  106.35,    0.00,    0.00,    0.98,    0.99,    0.00,    0.00,    0.00,    0.00,    0.00,    0.00,    0.00,    0.00,    0.00,    0.00,    0.00,    0.00,    0.00,    0.00,    0.00,    0.00,    0.00,    0.00,    0.00,    0.00,    0.00,    0.00,    0.00,    0.00,    0.00,    0.00,    0.00,    0.00,    0.00,    0.00,  205.01,    1.97,    2.39,    0.00,    0.00,,,,,,,,,    2.58,    2.67,    0.00,    0.00,,,,,    4.02,    3.92,    0.00,    0.00,    8.56,    8.98,    0.00,    0.00,    0.80,    0.89,    0.00,    0.00,    0.00,    0.00,    0.00,    0.00,    0.00,    0.00,    0.00,    0.00,    0.00,    0.00,    0.00,    0.00,    0.00,    0.00,    0.00,    0.00,    0.00,    0.00,    0.00,    0.00,    0.00,    0.00,    0.00,    0.00,    0.00,    0.00,    0.00,    0.00,   17.54,    107.23,    115.33,      0.00,      0.00,    107.23,    115.33,    222.56
2025-11-21,07:24:55.316,   16.49,   21.13,    0.00,    0.00,,,,,,,,,   31.08,   39.51,    0.00,    0.00,,,,,   52.31,   41.88,    0.00,    0.00,   99.88,  102.52,    0.00,    0.00,    0.98,    0.99,    0.00,    0.00,    0.00,    0.00,    0.00,    0.00,    0.00,    0.00,    0.00,    0.00,    0.00,    0.00,    0.00,    0.00,    0.00,    0.00,    0.00,    0.00,    0.00,    0.00,    0.00,    0.00,    0.00,    0.00,    0.00,    0.00,    0.00,    0.00,    0.00,    0.00,  202.40,    2.21,    2.68,    0.00,    0.00,,,,,,,,,    3.01,    3.32,    0.00,    0.00,,,,,    4.27,    4.44,    0.00,    0.00,    9.49,   10.45,    0.00,    0.00,    0.82,    0.89,    0.00,    0.00,    0.00,    0.00,    0.00,    0.00,    0.00,    0.00,    0.00,    0.00,    0.00,    0.00,    0.00,    0.00,    0.00,    0.00,    0.00,    0.00,    0.00,    0.00,    0.00,    0.00,    0.00,    0.00,    0.00,    0.00,    0.00,    0.00,    0.00,    0.00,   19.94,    109.37,    112.97,      0.00,      0.00,    109.37,    112.97,    222.34
2025-11-21,07:24:55.816,   15.34,   21.66,    0.00,    0.00,,,,,,,,,   28.93,   39.75,    0.00,    0.00,,,,,   48.52,   38.19,    0.00,    0.00,   92.79,   99.61,    0.00,    0.00,    0.97,    0.99,    0.00,    0.00,    0.00,    0.00,    0.00,    0.00,    0.00,    0.00,    0.00,    0.00,    0.00,    0.00,    0.00,    0.00,    0.00,    0.00,    0.00,    0.00,    0.00,    0.00,    0.00,    0.00,    0.00,    0.00,    0.00,    0.00,    0.00,    0.00,    0.00,    0.00,  192.39,    1.90,    2.51,    0.00,    0.00,,,,,,,,,    2.24,    2.88,    0.00,    0.00,,,,,    3.36,    3.73,    0.00,    0.00,    7.50,    9.11,    0.00,    0.00,    0.79,    0.87,    0.00,    0.00,    0.00,    0.00,    0.00,    0.00,    0.00,    0.00,    0.00,    0.00,    0.00,    0.00,    0.00,    0.00,    0.00,    0.00,    0.00,    0.00,    0.00,    0.00,    0.00,    0.00,    0.00,    0.00,    0.00,    0.00,    0.00,    0.00,    0.00,    0.00,   16.61,    100.29,    108.72,      0.00,      0.00,    100.29,    108.72,    209.01
2025-11-21,07:24:56.328,   14.25,   20.43,    0.00,    0.00,,,,,,,,,   27.66,   38.19,    0.00,    0.00,,,,,   47.57,   39.97,    0.00,    0.00,   89.48,   98.60,    0.00,    0.00,    0.97,    0.99,    0.00,    0.00,    0.00,    0.00,    0.00,    0.00,    0.00,    0.00,    0.00,    0.00,    0.00,    0.00,    0.00,    0.00,    0.00,    0.00,    0.00,    0.00,    0.00,    0.00,    0.00,    0.00,    0.00,    0.00,    0.00,    0.00,    0.00,    0.00,    0.00,    0.00,  188.08,    1.63,    2.18,    0.00,    0.00,,,,,,,,,    1.75,    2.39,    0.00,    0.00,,,,,    2.51,    3.00,    0.00,    0.00,    5.89,    7.57,    0.00,    0.00,    0.75,    0.82,    0.00,    0.00,    0.00,    0.00,    0.00,    0.00,    0.00,    0.00,    0.00,    0.00,    0.00,    0.00,    0.00,    0.00,    0.00,    0.00,    0.00,    0.00,    0.00,    0.00,    0.00,    0.00,    0.00,    0.00,    0.00,    0.00,    0.00,    0.00,    0.00,    0.00,   13.46,     95.37,    106.16,      0.00,      0.00,     95.37,    106.16,    201.54
2025-11-21,07:24:56.816,   14.63,   21.22,    0.00,    0.00,,,,,,,,,   27.88,   38.72,    0.00,    0.00,,,,,   47.70,   39.14,    0.00,    0.00,   90.21,   99.08,    0.00,    0.00,    0.97,    0.99,    0.00,    0.00,    0.00,    0.00,    0.00,    0.00,    0.00,    0.00,    0.00,    0.00,    0.00,    0.00,    0.00,    0.00,    0.00,    0.00,    0.00,    0.00,    0.00,    0.00,    0.00,    0.00,    0.00,    0.00,    0.00,    0.00,    0.00,    0.00,    0.00,    0.00,  189.29,    1.63,    2.34,    0.00,    0.00,,,,,,,,,    2.00,    2.74,    0.00,    0.00,,,,,    3.20,    3.82,    0.00,    0.00,    6.83,    8.90,    0.00,    0.00,    0.77,    0.86,    0.00,    0.00,    0.00,    0.00,    0.00,    0.00,    0.00,    0.00,    0.00,    0.00,    0.00,    0.00,    0.00,    0.00,    0.00,    0.00,    0.00,    0.00,    0.00,    0.00,    0.00,    0.00,    0.00,    0.00,    0.00,    0.00,    0.00,    0.00,    0.00,    0.00,   15.73,     97.04,    107.98,      0.00,      0.00,     97.04,    107.98,    205.02
2025-11-21,07:24:57.316,   16.63,   23.00,    0.00,    0.00,,,,,,,,,   33.65,   44.20,    0.00,    0.00,,,,,   73.85,   52.67,    0.00,    0.00,  124.13,  119.88,    0.00,    0.00,    0.98,    0.99,    0.00,    0.00,    0.00,    0.00,    0.00,    0.00,    0.00,    0.00,    0.00,    0.00,    0.00,    0.00,    0.00,    0.00,    0.00,    0.00,    0.00,    0.00,    0.00,    0.00,    0.00,    0.00,    0.00,    0.00,    0.00,    0.00,    0.00,    0.00,    0.00,    0.00,  244.00,    4.09,    4.13,    0.00,    0.00,,,,,,,,,    5.95,    7.19,    0.00,    0.00,,,,,   16.96,   12.59,    0.00,    0.00,   27.00,   23.91,    0.00,    0.00,    0.90,    0.97,    0.00,    0.00,    0.00,    0.00,    0.00,    0.00,    0.00,    0.00,    0.00,    0.00,    0.00,    0.00,    0.00,    0.00,    0.00,    0.00,    0.00,    0.00,    0.00,    0.00,    0.00,    0.00,    0.00,    0.00,    0.00,    0.00,    0.00,    0.00,    0.00,    0.00,   50.91,    151.12,    143.79,      0.00,      0.00,    151.12,    143.79,    294.91
2025-11-21,07:24:57.816,   15.52,   19.78,    0.00,    0.00,    0.00,    0.00,    0.00,    0.00,,,,,   29.00,   38.55,    0.00,    0.00,,,,,   46.46,   41.17,    0.00,    0.00,   90.99,   99.50,    0.00,    0.00,    0.97,    0.99,    0.00,    0.00,    0.00,    0.00,    0.00,    0.00,    0.00,    0.00,    0.00,    0.00,    0.00,    0.00,    0.00,    0.00,    0.00,    0.00,    0.00,    0.00,    0.00,    0.00,    0.00,    0.00,    0.00,    0.00,    0.00,    0.00,    0.00,    0.00,    0.00,    0.00,  190.49,    2.02,    2.65,    0.00,    0.00,,,,,,,,,    2.50,    3.22,    0.00,    0.00,,,,,    4.02,    4.71,    0.00,    0.00,    8.54,   10.58,    0.00,    0.00,    0.81,    0.89,    0.00,    0.00,    0.00,    0.00,    0.00,    0.00,    0.00,    0.00,    0.00,    0.00,    0.00,    0.00,    0.00,    0.00,    0.00,    0.00,    0.00,    0.00,    0.00,    0.00,    0.00,    0.00,    0.00,    0.00,    0.00,    0.00,    0.00,    0.00,    0.00,    0.00,   19.12,     99.53,    110.09,      0.00,      0.00,     99.53,    110.09,    209.61
2025-11-21,07:24:58.316,   14.94,   20.38,    0.00,    0.00,,,,,,,,,   28.80,   38.80,    0.00,    0.00,,,,,   46.97,   40.16,    0.00,    0.00,   90.71,   99.35,    0.00,    0.00,    0.97,    0.99,    0.00,    0.00,    0.00,    0.00,    0.00,    0.00,    0.00,    0.00,    0.00,    0.00,    0.00,    0.00,    0.00,    0.00,    0.00,    0.00,    0.00,    0.00,    0.00,    0.00,    0.00,    0.00,    0.00,    0.00,    0.00,    0.00,    0.00,    0.00,    0.00,    0.00,  190.06,    2.14,    2.43,    0.00,    0.00,,,,,,,,,    2.69,    3.02,    0.00,    0.00,,,,,    4.18,    4.05,    0.00,    0.00,    9.00,    9.49,    0.00,    0.00,    0.82,    0.89,    0.00,    0.00,    0.00,    0.00,    0.00,    0.00,    0.00,    0.00,    0.00,    0.00,    0.00,    0.00,    0.00,    0.00,    0.00,    0.00,    0.00,    0.00,    0.00,    0.00,    0.00,    0.00,    0.00,    0.00,    0.00,    0.00,    0.00,    0.00,    0.00,    0.00,   18.50,     99.71,    108.84,      0.00,      0.00,     99.71,    108.84,    208.56
2025-11-21,07:24:58.816,   18.31,   22.12,    0.00,    0.00,,,,,,,,,   34.69,   41.41,    0.00,    0.00,,,,,  100.18,  105.70,    0.00,    0.00,  153.18,  169.23,    0.00,    0.00,    0.98,    0.99,    0.00,    0.00,    0.00,    0.00,    0.00,    0.00,    0.00,    0.00,    0.00,    0.00,    0.00,    0.00,    0.00,    0.00,    0.00,    0.00,    0.00,    0.00,    0.00,    0.00,    0.00,    0.00,    0.00,    0.00,    0.00,    0.00,    0.00,    0.00,    0.00,    0.00,  322.42,    4.09,    5.59,    0.00,    0.00,,,,,,,,,    5.97,    9.27,    0.00,    0.00,,,,,   13.27,   17.78,    0.00,    0.00,   23.32,   32.63,    0.00,    0.00,    0.91,    0.96,    0.00,    0.00,    0.00,    0.00,    0.00,    0.00,    0.00,    0.00,    0.00,    0.00,    0.00,    0.00,    0.00,    0.00,    0.00,    0.00,    0.00,    0.00,    0.00,    0.00,    0.00,    0.00,    0.00,    0.00,    0.00,    0.00,    0.00,    0.00,    0.00,    0.00,   55.96,    176.51,    201.86,      0.00,      0.00,    176.51,    201.86,    378.37
2025-11-21,07:24:59.316,   15.88,   21.01,    0.00,    0.00,    0.00,    0.00,    0.00,    0.00,,,,,   30.59,   39.21,    0.00,    0.00,,,,,   52.60,   44.13,    0.00,    0.00,   99.07,  104.35,    0.00,    0.00,    0.98,    0.99,    0.00,    0.00,    0.00,    0.00,    0.00,    0.00,    0.00,    0.00,    0.00,    0.00,    0.00,    0.00,    0.00,    0.00,    0.00,    0.00,    0.00,    0.00,    0.00,    0.00,    0.00,    0.00,    0.00,    0.00,    0.00,    0.00,    0.00,    0.00,    0.00,    0.00,  203.42,    2.76,    2.93,    0.00,    0.00,,,,,,,,,    4.07,    3.84,    0.00,    0.00,,,,,    5.98,    6.20,    0.00,    0.00,   12.81,   12.97,    0.00,    0.00,    0.86,    0.92,    0.00,    0.00,    0.00,    0.00,    0.00,    0.00,    0.00,    0.00,    0.00,    0.00,    0.00,    0.00,    0.00,    0.00,    0.00,    0.00,    0.00,    0.00,    0.00,    0.00,    0.00,    0.00,    0.00,    0.00,    0.00,    0.00,    0.00,    0.00,    0.00,    0.00,   25.77,    111.88,    117.32,      0.00,      0.00,    111.88,    117.32,    229.20
2025-11-21,07:24:59.816,   16.77,   20.76,    0.00,    0.00,,,,,,,,,   30.78,   38.10,    0.00,    0.00,,,,,   44.37,   41.24,    0.00,    0.00,   91.91,  100.11,    0.00,    0.00,    0.98,    0.99,    0.00,    0.00,    0.00,    0.00,    0.00,    0.00,    0.00,    0.00,    0.00,    0.00,    0.00,    0.00,    0.00,    0.00,    0.00,    0.00,    0.00,    0.00,    0.00,    0.00,    0.00,    0.00,    0.00,    0.00,    0.00,    0.00,    0.00,    0.00,    0.00,    0.00,  192.02,    2.57,    2.67,    0.00,    0.00,,,,,,,,,    4.07,    3.43,    0.00,    0.00,,,,,    6.18,    5.04,    0.00,    0.00,   12.82,   11.14,    0.00,    0.00,    0.85,    0.93,    0.00,    0.00,    0.00,    0.00,    0.00,    0.00,    0.00,    0.00,    0.00,    0.00,    0.00,    0.00,    0.00,    0.00,    0.00,    0.00,    0.00,    0.00,    0.00,    0.00,    0.00,    0.00,    0.00,    0.00,    0.00,    0.00,    0.00,    0.00,    0.00,    0.00,   23.96,    104.73,    111.24,      0.00,      0.00,    104.73,    111.24,    215.97
2025-11-21,07:25:00.328,   15.33,   21.69,    0.00,    0.00,,,,,,,,,   31.60,   40.98,    0.00,    0.00,,,,,   61.83,   47.42,    0.00,    0.00,  108.76,  110.09,    0.00,    0.00,    0.97,    0.99,    0.00,    0.00,    0.00,    0.00,    0.00,    0.00,    0.00,    0.00,    0.00,    0.00,    0.00,    0.00,    0.00,    0.00,    0.00,    0.00,    0.00,    0.00,    0.00,    0.00,    0.00,    0.00,    0.00,    0.00,    0.00,    0.00,    0.00,    0.00,    0.00,    0.00,  218.85,    2.95,    3.14,    0.00,    0.00,,,,,,,,,    4.15,    4.41,    0.00,    0.00,,,,,   12.74,    7.79,    0.00,    0.00,   19.84,   15.34,    0.00,    0.00,    0.86,    0.95,    0.00,    0.00,    0.00,    0.00,    0.00,    0.00,    0.00,    0.00,    0.00,    0.00,    0.00,    0.00,    0.00,    0.00,    0.00,    0.00,    0.00,    0.00,    0.00,    0.00,    0.00,    0.00,    0.00,    0.00,    0.00,    0.00,    0.00,    0.00,    0.00,    0.00,   35.18,    128.61,    125.43,      0.00,      0.00,    128.61,    125.43,    254.04
2025-11-21,07:25:00.816,   22.80,   25.78,    0.00,    0.00,,,,,,,,,   42.96,   48.33,    0.00,    0.00,,,,,   59.69,   50.58,    0.00,    0.00,  125.45,  124.69,    0.00,    0.00,    0.98,    0.99,    0.00,    0.00,    0.00,    0.00,    0.00,    0.00,    0.00,    0.00,    0.00,    0.00,    0.00,    0.00,    0.00,    0.00,    0.00,    0.00,    0.00,    0.00,    0.00,    0.00,    0.00,    0.00,    0.00,    0.00,    0.00,    0.00,    0.00,    0.00,    0.00,    0.00,  250.14,    4.95,    3.97,    0.00,    0.00,,,,,,,,,    9.30,    6.53,    0.00,    0.00,,,,,   12.88,   10.10,    0.00,    0.00,   27.13,   20.59,    0.00,    0.00,    0.93,    0.97,    0.00,    0.00,    0.00,    0.00,    0.00,    0.00,    0.00,    0.00,    0.00,    0.00,    0.00,    0.00,    0.00,    0.00,    0.00,    0.00,    0.00,    0.00,    0.00,    0.00,    0.00,    0.00,    0.00,    0.00,    0.00,    0.00,    0.00,    0.00,    0.00,    0.00,   47.72,    152.59,    145.28,      0.00,      0.00,    152.59,    145.28,    297.87
2025-11-21,07:25:01.316,   15.81,   22.59,    0.00,    0.00,    0.00,    0.00,    0.00,    0.00,,,,,   28.93,   39.64,    0.00,    0.00,,,,,   42.71,   36.31,    0.00,    0.00,   87.45,   98.55,    0.00,    0.00,    0.98,    0.99,    0.00,    0.00,    0.00,    0.00,    0.00,    0.00,    0.00,    0.00,    0.00,    0.00,    0.00,    0.00,    0.00,    0.00,    0.00,    0.00,    0.00,    0.00,    0.00,    0.00,    0.00,    0.00,    0.00,    0.00,    0.00,    0.00,    0.00,    0.00,    0.00,    0.00,  186.00,    1.69,    2.13,    0.00,    0.00,,,,,,,,,    1.92,    2.37,    0.00,    0.00,,,,,    2.79,    3.07,    0.00,    0.00,    6.40,    7.56,    0.00,    0.00,    0.77,    0.84,    0.00,    0.00,    0.00,    0.00,    0.00,    0.00,    0.00,    0.00,    0.00,    0.00,    0.00,    0.00,    0.00,    0.00,    0.00,    0.00,    0.00,    0.00,    0.00,    0.00,    0.00,    0.00,    0.00,    0.00,    0.00,    0.00,    0.00,    0.00,    0.00,    0.00,   13.97,     93.85,    106.11,      0.00,      0.00,     93.85,    106.11,    199.96
2025-11-21,07:25:01.816,   15.48,   22.00,    0.00,    0.00,    0.00,    0.00,    0.00,    0.00,,,,,   29.79,   40.77,    0.00,    0.00,,,,,   43.06,   36.90,    0.00,    0.00,   88.32,   99.67,    0.00,    0.00,    0.97,    0.99,    0.00,    0.00,    0.00,    0.00,    0.00,    0.00,    0.00,    0.00,    0.00,    0.00,    0.00,    0.00,    0.00,    0.00,    0.00,    0.00,    0.00,    0.00,    0.00,    0.00,    0.00,    0.00,    0.00,    0.00,    0.00,    0.00,    0.00,    0.00,    0.00,    0.00,  188.00,    2.48,    2.49,    0.00,    0.00,,,,,,,,,    4.07,    3.32,    0.00,    0.00,,,,,    6.62,    4.82,    0.00,    0.00,   13.17,   10.63,    0.00,    0.00,    0.84,    0.93,    0.00,    0.00,    0.00,    0.00,    0.00,    0.00,    0.00,    0.00,    0.00,    0.00,    0.00,    0.00,    0.00,    0.00,    0.00,    0.00,    0.00,    0.00,    0.00,    0.00,    0.00,    0.00,    0.00,    0.00,    0.00,    0.00,    0.00,    0.00,    0.00,    0.00,   23.80,    101.50,    110.30,      0.00,      0.00,    101.50,    110.30,    211.80
2025-11-21,07:25:02.316,   16.22,   24.09,    0.00,    0.00,,,,,,,,,   31.71,   44.42,    0.00,    0.00,,,,,   62.77,   42.37,    0.00,    0.00,  110.70,  110.89,    0.00,    0.00,    0.98,    0.99,    0.00,    0.00,    0.00,    0.00,    0.00,    0.00,    0.00,    0.00,    0.00,    0.00,    0.00,    0.00,    0.00,    0.00,    0.00,    0.00,    0.00,    0.00,    0.00,    0.00,    0.00,    0.00,    0.00,    0.00,    0.00,    0.00,    0.00,    0.00,    0.00,    0.00,  221.59,    3.82,    3.56,    0.00,    0.00,,,,,,,,,    5.58,    5.49,    0.00,    0.00,,,,,   14.02,    9.01,    0.00,    0.00,   23.42,   18.06,    0.00,    0.00,    0.90,    0.96,    0.00,    0.00,    0.00,    0.00,    0.00,    0.00,    0.00,    0.00,    0.00,    0.00,    0.00,    0.00,    0.00,    0.00,    0.00,    0.00,    0.00,    0.00,    0.00,    0.00,    0.00,    0.00,    0.00,    0.00,    0.00,    0.00,    0.00,    0.00,    0.00,    0.00,   41.47,    134.12,    128.94,      0.00,      0.00,    134.12,    128.94,    263.06
2025-11-21,07:25:02.816,   16.13,   25.39,    0.00,    0.00,,,,,,,,,   28.82,   42.20,    0.00,    0.00,,,,,   42.96,   32.87,    0.00,    0.00,   87.92,  100.46,    0.00,    0.00,    0.98,    0.99,    0.00,    0.00,    0.00,    0.00,    0.00,    0.00,    0.00,    0.00,    0.00,    0.00,    0.00,    0.00,    0.00,    0.00,    0.00,    0.00,    0.00,    0.00,    0.00,    0.00,    0.00,    0.00,    0.00,    0.00,    0.00,    0.00,    0.00,    0.00,    0.00,    0.00,  188.38,    1.85,    2.71,    0.00,    0.00,,,,,,,,,    2.27,    3.18,    0.00,    0.00,,,,,    3.63,    4.19,    0.00,    0.00,    7.76,   10.07,    0.00,    0.00,    0.79,    0.87,    0.00,    0.00,    0.00,    0.00,    0.00,    0.00,    0.00,    0.00,    0.00,    0.00,    0.00,    0.00,    0.00,    0.00,    0.00,    0.00,    0.00,    0.00,    0.00,    0.00,    0.00,    0.00,    0.00,    0.00,    0.00,    0.00,    0.00,    0.00,    0.00,    0.00,   17.83,     95.68,    110.53,      0.00,      0.00,     95.68,    110.53,    206.21
2025-11-21,07:25:03.316,   17.28,   25.86,    0.00,    0.00,    0.00,    0.00,    0.00,    0.00,,,,,   32.69,   44.07,    0.00,    0.00,,,,,   58.42,   39.90,    0.00,    0.00,  108.38,  109.83,    0.00,    0.00,    0.98,    0.99,    0.00,    0.00,    0.00,    0.00,    0.00,    0.00,    0.00,    0.00,    0.00,    0.00,    0.00,    0.00,    0.00,    0.00,    0.00,    0.00,    0.00,    0.00,    0.00,    0.00,    0.00,    0.00,    0.00,    0.00,    0.00,    0.00,    0.00,    0.00,    0.00,    0.00,  218.22,    3.43,    3.88,    0.00,    0.00,,,,,,,,,    4.95,    5.88,    0.00,    0.00,,,,,   10.35,    9.72,    0.00,    0.00,   18.73,   19.48,    0.00,    0.00,    0.89,    0.95,    0.00,    0.00,    0.00,    0.00,    0.00,    0.00,    0.00,    0.00,    0.00,    0.00,    0.00,    0.00,    0.00,    0.00,    0.00,    0.00,    0.00,    0.00,    0.00,    0.00,    0.00,    0.00,    0.00,    0.00,    0.00,    0.00,    0.00,    0.00,    0.00,    0.00,   38.21,    127.11,    129.32,      0.00,      0.00,    127.11,    129.32,    256.43
2025-11-21,07:25:03.816,   21.24,   29.14,    0.00,    0.00,    0.00,    0.00,    0.00,    0.00,,,,,   38.32,   47.09,    0.00,    0.00,,,,,   96.94,   98.93,    0.00,    0.00,  156.50,  175.17,    0.00,    0.00,    0.98,    0.99,    0.00,    0.00,    0.00,    0.00,    0.00,    0.00,    0.00,    0.00,    0.00,    0.00,    0.00,    0.00,    0.00,    0.00,    0.00,    0.00,    0.00,    0.00,    0.00,    0.00,    0.00,    0.00,    0.00,    0.00,    0.00,    0.00,    0.00,    0.00,    0.00,    0.00,  331.67,    3.14,    4.45,    0.00,    0.00,,,,,,,,,    4.48,    7.16,    0.00,    0.00,,,,,   10.45,   12.97,    0.00,    0.00,   18.08,   24.58,    0.00,    0.00,    0.88,    0.95,    0.00,    0.00,    0.00,    0.00,    0.00,    0.00,    0.00,    0.00,    0.00,    0.00,    0.00,    0.00,    0.00,    0.00,    0.00,    0.00,    0.00,    0.00,    0.00,    0.00,    0.00,    0.00,    0.00,    0.00,    0.00,    0.00,    0.00,    0.00,    0.00,    0.00,   42.65,    174.57,    199.75,      0.00,      0.00,    174.58,    199.75,    374.32
2025-11-21,07:25:04.316,   16.18,   25.22,    0.00,    0.00,    0.00,    0.00,    0.00,    0.00,,,,,   28.73,   41.45,    0.00,    0.00,,,,,   43.80,   34.54,    0.00,    0.00,   88.71,  101.21,    0.00,    0.00,    0.98,    0.99,    0.00,    0.00,    0.00,    0.00,    0.00,    0.00,    0.00,    0.00,    0.00,    0.00,    0.00,    0.00,    0.00,    0.00,    0.00,    0.00,    0.00,    0.00,    0.00,    0.00,    0.00,    0.00,    0.00,    0.00,    0.00,    0.00,    0.00,    0.00,    0.00,    0.00,  189.92,    2.67,    2.87,    0.00,    0.00,,,,,,,,,    3.50,    3.57,    0.00,    0.00,,,,,    5.61,    5.61,    0.00,    0.00,   11.77,   12.06,    0.00,    0.00,    0.86,    0.92,    0.00,    0.00,    0.00,    0.00,    0.00,    0.00,    0.00,    0.00,    0.00,    0.00,    0.00,    0.00,    0.00,    0.00,    0.00,    0.00,    0.00,    0.00,    0.00,    0.00,    0.00,    0.00,    0.00,    0.00,    0.00,    0.00,    0.00,    0.00,    0.00,    0.00,   23.83,    100.48,    113.26,      0.00,      0.00,    100.48,    113.26,    213.75
2025-11-21,07:25:04.815,   14.56,   22.44,    0.00,    0.00,,,,,,,,,   28.58,   40.59,    0.00,    0.00,,,,,   44.88,   38.08,    0.00,    0.00,   88.02,  101.11,    0.00,    0.00,    0.97,    0.99,    0.00,    0.00,    0.00,    0.00,    0.00,    0.00,    0.00,    0.00,    0.00,    0.00,    0.00,    0.00,    0.00,    0.00,    0.00,    0.00,    0.00,    0.00,    0.00,    0.00,    0.00,    0.00,    0.00,    0.00,    0.00,    0.00,    0.00,    0.00,    0.00,    0.00,  189.12,    2.00,    2.45,    0.00,    0.00,,,,,,,,,    2.57,    2.86,    0.00,    0.00,,,,,    3.88,    4.08,    0.00,    0.00,    8.45,    9.39,    0.00,    0.00,    0.81,    0.88,    0.00,    0.00,    0.00,    0.00,    0.00,    0.00,    0.00,    0.00,    0.00,    0.00,    0.00,    0.00,    0.00,    0.00,    0.00,    0.00,    0.00,    0.00,    0.00,    0.00,    0.00,    0.00,    0.00,    0.00,    0.00,    0.00,    0.00,    0.00,    0.00,    0.00,   17.83,     96.46,    110.49,      0.00,      0.00,     96.46,    110.49,    206.96
2025-11-21,07:25:05.316,   16.33,   23.10,    0.00,    0.00,,,,,,,,,   28.84,   41.07,    0.00,    0.00,,,,,   40.66,   34.27,    0.00,    0.00,   85.83,   98.45,    0.00,    0.00,    0.98,    0.99,    0.00,    0.00,    0.00,    0.00,    0.00,    0.00,    0.00,    0.00,    0.00,    0.00,    0.00,    0.00,    0.00,    0.00,    0.00,    0.00,    0.00,    0.00,    0.00,    0.00,    0.00,    0.00,    0.00,    0.00,    0.00,    0.00,    0.00,    0.00,    0.00,    0.00,  184.28,    1.65,    2.28,    0.00,    0.00,,,,,,,,,    1.85,    2.51,    0.00,    0.00,,,,,    2.59,    2.99,    0.00,    0.00,    6.09,    7.78,    0.00,    0.00,    0.76,    0.83,    0.00,    0.00,    0.00,    0.00,    0.00,    0.00,    0.00,    0.00,    0.00,    0.00,    0.00,    0.00,    0.00,    0.00,    0.00,    0.00,    0.00,    0.00,    0.00,    0.00,    0.00,    0.00,    0.00,    0.00,    0.00,    0.00,    0.00,    0.00,    0.00,    0.00,   13.87,     91.92,    106.23,      0.00,      0.00,     91.92,    106.23,    198.15
2025-11-21,07:25:05.816,   15.42,   24.54,    0.00,    0.00,,,,,,,,,   27.16,   39.84,    0.00,    0.00,,,,,   44.57,   35.34,    0.00,    0.00,   87.15,   99.73,    0.00,    0.00,    0.97,    0.99,    0.00,    0.00,    0.00,    0.00,    0.00,    0.00,    0.00,    0.00,    0.00,    0.00,    0.00,    0.00,    0.00,    0.00,    0.00,    0.00,    0.00,    0.00,    0.00,    0.00,    0.00,    0.00,    0.00,    0.00,    0.00,    0.00,    0.00,    0.00,    0.00,    0.00,  186.88,    1.98,    2.63,    0.00,    0.00,,,,,,,,,    2.35,    3.07,    0.00,    0.00,,,,,    3.55,    4.45,    0.00,    0.00,    7.89,   10.15,    0.00,    0.00,    0.80,    0.87,    0.00,    0.00,    0.00,    0.00,    0.00,    0.00,    0.00,    0.00,    0.00,    0.00,    0.00,    0.00,    0.00,    0.00,    0.00,    0.00,    0.00,    0.00,    0.00,    0.00,    0.00,    0.00,    0.00,    0.00,    0.00,    0.00,    0.00,    0.00,    0.00,    0.00,   18.04,     95.04,    109.87,      0.00,      0.00,     95.04,    109.87,    204.92
2025-11-21,07:25:06.316,   16.66,   24.43,    0.00,    0.00,,,,,,,,,   31.25,   42.18,    0.00,    0.00,,,,,   54.28,   41.70,    0.00,    0.00,  102.19,  108.31,    0.00,    0.00,    0.98,    0.99,    0.00,    0.00,    0.00,    0.00,    0.00,    0.00,    0.00,    0.00,    0.00,    0.00,    0.00,    0.00,    0.00,    0.00,    0.00,    0.00,    0.00,    0.00,    0.00,    0.00,    0.00,    0.00,    0.00,    0.00,    0.00,    0.00,    0.00,    0.00,    0.00,    0.00,  210.50,    2.31,    2.69,    0.00,    0.00,,,,,,,,,    2.97,    3.63,    0.00,    0.00,,,,,    7.13,    5.74,    0.00,    0.00,   12.41,   12.06,    0.00,    0.00,    0.83,    0.92,    0.00,    0.00,    0.00,    0.00,    0.00,    0.00,    0.00,    0.00,    0.00,    0.00,    0.00,    0.00,    0.00,    0.00,    0.00,    0.00,    0.00,    0.00,    0.00,    0.00,    0.00,    0.00,    0.00,    0.00,    0.00,    0.00,    0.00,    0.00,    0.00,    0.00,   24.47,    114.59,    120.37,      0.00,      0.00,    114.59,    120.37,    234.96
2025-11-21,07:25:06.816,   14.97,   21.74,    0.00,    0.00,,,,,,,,,   28.91,   42.05,    0.00,    0.00,,,,,   44.01,   36.41,    0.00,    0.00,   87.88,  100.20,    0.00,    0.00,    0.97,    0.99,    0.00,    0.00,    0.00,    0.00,    0.00,    0.00,    0.00,    0.00,    0.00,    0.00,    0.00,    0.00,    0.00,    0.00,    0.00,    0.00,    0.00,    0.00,    0.00,    0.00,    0.00,    0.00,    0.00,    0.00,    0.00,    0.00,    0.00,    0.00,    0.00,    0.00,  188.08,    1.86,    2.40,    0.00,    0.00,,,,,,,,,    2.33,    2.75,    0.00,    0.00,,,,,    3.62,    3.87,    0.00,    0.00,    7.81,    9.03,    0.00,    0.00,    0.79,    0.87,    0.00,    0.00,    0.00,    0.00,    0.00,    0.00,    0.00,    0.00,    0.00,    0.00,    0.00,    0.00,    0.00,    0.00,    0.00,    0.00,    0.00,    0.00,    0.00,    0.00,    0.00,    0.00,    0.00,    0.00,    0.00,    0.00,    0.00,    0.00,    0.00,    0.00,   16.84,     95.69,    109.23,      0.00,      0.00,     95.69,    109.23,    204.92
2025-11-21,07:25:07.316,   15.62,   22.81,    0.00,    0.00,,,,,,,,,   29.61,   41.62,    0.00,    0.00,,,,,   47.62,   36.53,    0.00,    0.00,   92.85,  100.96,    0.00,    0.00,    0.97,    0.99,    0.00,    0.00,    0.00,    0.00,    0.00,    0.00,    0.00,    0.00,    0.00,    0.00,    0.00,    0.00,    0.00,    0.00,    0.00,    0.00,    0.00,    0.00,    0.00,    0.00,    0.00,    0.00,    0.00,    0.00,    0.00,    0.00,    0.00,    0.00,    0.00,    0.00,  193.81,    1.95,    2.65,    0.00,    0.00,,,,,,,,,    2.50,    3.26,    0.00,    0.00,,,,,    3.72,    4.22,    0.00,    0.00,    8.17,   10.14,    0.00,    0.00,    0.80,    0.88,    0.00,    0.00,    0.00,    0.00,    0.00,    0.00,    0.00,    0.00,    0.00,    0.00,    0.00,    0.00,    0.00,    0.00,    0.00,    0.00,    0.00,    0.00,    0.00,    0.00,    0.00,    0.00,    0.00,    0.00,    0.00,    0.00,    0.00,    0.00,    0.00,    0.00,   18.30,    101.02,    111.10,      0.00,      0.00,    101.02,    111.10,    212.11
2025-11-21,07:25:07.816,   15.41,   22.79,    0.00,    0.00,,,,,,,,,   29.04,   41.86,    0.00,    0.00,,,,,   43.86,   35.04,    0.00,    0.00,   88.30,   99.69,    0.00,    0.00,    0.97,    0.99,    0.00,    0.00,    0.00,    0.00,    0.00,    0.00,    0.00,    0.00,    0.00,    0.00,    0.00,    0.00,    0.00,    0.00,    0.00,    0.00,    0.00,    0.00,    0.00,    0.00,    0.00,    0.00,    0.00,    0.00,    0.00,    0.00,    0.00,    0.00,    0.00,    0.00,  187.99,    1.92,    2.62,    0.00,    0.00,,,,,,,,,    2.38,    3.08,    0.00,    0.00,,,,,    3.68,    4.68,    0.00,    0.00,    7.98,   10.37,    0.00,    0.00,    0.80,    0.88,    0.00,    0.00,    0.00,    0.00,    0.00,    0.00,    0.00,    0.00,    0.00,    0.00,    0.00,    0.00,    0.00,    0.00,    0.00,    0.00,    0.00,    0.00,    0.00,    0.00,    0.00,    0.00,    0.00,    0.00,    0.00,    0.00,    0.00,    0.00,    0.00,    0.00,   18.35,     96.28,    110.06,      0.00,      0.00,     96.28,    110.06,    206.34
2025-11-21,07:25:08.316,   15.00,   22.53,    0.00,    0.00,,,,,,,,,   28.18,   40.96,    0.00,    0.00,,,,,   42.75,   35.50,    0.00,    0.00,   85.93,   99.00,    0.00,    0.00,    0.97,    0.99,    0.00,    0.00,    0.00,    0.00,    0.00,    0.00,    0.00,    0.00,    0.00,    0.00,    0.00,    0.00,    0.00,    0.00,    0.00,    0.00,    0.00,    0.00,    0.00,    0.00,    0.00,    0.00,    0.00,    0.00,    0.00,    0.00,    0.00,    0.00,    0.00,    0.00,  184.93,    1.88,    2.30,    0.00,    0.00,,,,,,,,,    2.11,    2.74,    0.00,    0.00,,,,,    2.82,    3.51,    0.00,    0.00,    6.81,    8.54,    0.00,    0.00,    0.79,    0.85,    0.00,    0.00,    0.00,    0.00,    0.00,    0.00,    0.00,    0.00,    0.00,    0.00,    0.00,    0.00,    0.00,    0.00,    0.00,    0.00,    0.00,    0.00,    0.00,    0.00,    0.00,    0.00,    0.00,    0.00,    0.00,    0.00,    0.00,    0.00,    0.00,    0.00,   15.35,     92.74,    107.54,      0.00,      0.00,     92.74,    107.54,    200.28
2025-11-21,07:25:08.816,   17.71,   25.56,    0.00,    0.00,,,,,,,,,   34.29,   45.24,    0.00,    0.00,,,,,   94.37,   96.38,    0.00,    0.00,  146.37,  167.19,    0.00,    0.00,    0.98,    0.99,    0.00,    0.00,    0.00,    0.00,    0.00,    0.00,    0.00,    0.00,    0.00,    0.00,    0.00,    0.00,    0.00,    0.00,    0.00,    0.00,    0.00,    0.00,    0.00,    0.00,    0.00,    0.00,    0.00,    0.00,    0.00,    0.00,    0.00,    0.00,    0.00,    0.00,  313.56,    4.03,    5.39,    0.00,    0.00,,,,,,,,,    5.96,    9.51,    0.00,    0.00,,,,,   11.99,   15.95,    0.00,    0.00,   21.97,   30.84,    0.00,    0.00,    0.90,    0.96,    0.00,    0.00,    0.00,    0.00,    0.00,    0.00,    0.00,    0.00,    0.00,    0.00,    0.00,    0.00,    0.00,    0.00,    0.00,    0.00,    0.00,    0.00,    0.00,    0.00,    0.00,    0.00,    0.00,    0.00,    0.00,    0.00,    0.00,    0.00,    0.00,    0.00,   52.81,    168.34,    198.03,      0.00,      0.00,    168.34,    198.03,    366.37
2025-11-21,07:25:09.316,   17.55,   23.98,    0.00,    0.00,,,,,,,,,   33.51,   45.40,    0.00,    0.00,,,,,   57.35,   41.38,    0.00,    0.00,  108.42,  110.76,    0.00,    0.00,    0.98,    0.99,    0.00,    0.00,    0.00,    0.00,    0.00,    0.00,    0.00,    0.00,    0.00,    0.00,    0.00,    0.00,    0.00,    0.00,    0.00,    0.00,    0.00,    0.00,    0.00,    0.00,    0.00,    0.00,    0.00,    0.00,    0.00,    0.00,    0.00,    0.00,    0.00,    0.00,  219.18,    3.10,    3.58,    0.00,    0.00,,,,,,,,,    4.43,    5.22,    0.00,    0.00,,,,,    9.65,    8.82,    0.00,    0.00,   17.18,   17.63,    0.00,    0.00,    0.87,    0.95,    0.00,    0.00,    0.00,    0.00,    0.00,    0.00,    0.00,    0.00,    0.00,    0.00,    0.00,    0.00,    0.00,    0.00,    0.00,    0.00,    0.00,    0.00,    0.00,    0.00,    0.00,    0.00,    0.00,    0.00,    0.00,    0.00,    0.00,    0.00,    0.00,    0.00,   34.81,    125.60,    128.39,      0.00,      0.00,    125.60,    128.39,    253.99
2025-11-21,07:25:09.815,   63.68,  102.61,    0.00,    0.00,,,,,,,,,  113.84,  184.56,    0.00,    0.00,,,,,  103.13,  141.41,    0.00,    0.00,  280.65,  428.58,    0.00,    0.00,    0.97,    0.97,    0.00,    0.00,    0.00,    0.00,    0.00,    0.00,    0.00,    0.00,    0.00,    0.00,    0.00,    0.00,    0.00,    0.00,    0.00,    0.00,    0.00,    0.00,    0.00,    0.00,    0.00,    0.00,    0.00,    0.00,    0.00,    0.00,    0.00,    0.00,    0.00,    0.00,  709.22,    2.58,    2.66,    0.00,    0.00,,,,,,,,,    3.42,    3.07,    0.00,    0.00,,,,,    5.63,    5.24,    0.00,    0.00,   11.63,   10.97,    0.00,    0.00,    0.85,    0.92,    0.00,    0.00,    0.00,    0.00,    0.00,    0.00,    0.00,    0.00,    0.00,    0.00,    0.00,    0.00,    0.00,    0.00,    0.00,    0.00,    0.00,    0.00,    0.00,    0.00,    0.00,    0.00,    0.00,    0.00,    0.00,    0.00,    0.00,    0.00,    0.00,    0.00,   22.60,    292.28,    439.55,      0.00,      0.00,    292.28,    439.55,    731.83
2025-11-21,07:25:10.316,  358.82,  596.05,    0.00,    0.00,,,,,,,,,  625.58, 1065.90,    0.00,    0.00,,,,,  638.74,  861.82,    0.00,    0.00, 1623.15, 2523.76,    0.00,    0.00,    0.96,    0.97,    0.00,    0.00,    0.00,    0.00,    0.00,    0.00,    0.00,    0.00,    0.00,    0.00,    0.00,    0.00,    0.00,    0.00,    0.00,    0.00,    0.00,    0.00,    0.00,    0.00,    0.00,    0.00,    0.00,    0.00,    0.00,    0.00,    0.00,    0.00,    0.00,    0.00, 4146.91,    5.02,    2.76,    0.00,    0.00,,,,,,,,,   11.54,    4.00,    0.00,    0.00,,,,,   18.66,    6.14,    0.00,    0.00,   35.21,   12.90,    0.00,    0.00,    0.92,    0.97,    0.00,    0.00,    0.00,    0.00,    0.00,    0.00,    0.00,    0.00,    0.00,    0.00,    0.00,    0.00,    0.00,    0.00,    0.00,    0.00,    0.00,    0.00,    0.00,    0.00,    0.00,    0.00,    0.00,    0.00,    0.00,    0.00,    0.00,    0.00,    0.00,    0.00,   48.11,   1658.36,   2536.66,      0.00,      0.00,   1658.36,   2536.66,   4195.02
2025-11-21,07:25:10.816,  370.29,  569.39,    0.00,    0.00,    0.00,    0.00,    0.00,    0.00,,,,,  630.04, 1024.98,    0.00,    0.00,,,,,  556.85,  844.01,    0.00,    0.00, 1557.18, 2438.38,    0.00,    0.00,    0.95,    0.96,    0.00,    0.00,    0.00,    0.00,    0.00,    0.00,    0.00,    0.00,    0.00,    0.00,    0.00,    0.00,    0.00,    0.00,    0.00,    0.00,    0.00,    0.00,    0.00,    0.00,    0.00,    0.00,    0.00,    0.00,    0.00,    0.00,    0.00,    0.00,    0.00,    0.00, 3995.56,    2.62,    3.00,    0.00,    0.00,,,,,,,,,    3.65,    4.17,    0.00,    0.00,,,,,   32.03,    8.95,    0.00,    0.00,   38.31,   16.12,    0.00,    0.00,    0.84,    0.98,    0.00,    0.00,    0.00,    0.00,    0.00,    0.00,    0.00,    0.00,    0.00,    0.00,    0.00,    0.00,    0.00,    0.00,    0.00,    0.00,    0.00,    0.00,    0.00,    0.00,    0.00,    0.00,    0.00,    0.00,    0.00,    0.00,    0.00,    0.00,    0.00,    0.00,   54.42,   1595.49,   2454.50,      0.00,      0.00,   1595.49,   2454.50,   4049.98
2025-11-21,07:25:11.316,  586.09,  371.46,    0.00,    0.00,    0.00,    0.00,    1.10,    0.00,,,,, 1037.01,  666.41,    0.00,    0.00,,,,,  895.23,  567.67,    0.00,    0.00, 2518.33, 1605.55,    1.10,    0.00,    0.99,    0.99,    0.00,    0.00,    0.00,    0.00,    0.00,    0.00,    0.00,    0.00,    0.00,    0.00,    0.00,    0.00,    0.00,    0.00,    0.00,    0.00,    0.00,    0.00,    0.00,    0.00,    0.00,    0.00,    0.00,    0.00,    0.00,    0.00,    0.00,    0.00,    0.00,    0.00, 4123.88,    2.43,    2.98,    0.00,    0.00,,,,,,,,,    3.08,    3.62,    0.00,    0.00,,,,,    4.95,    5.28,    0.00,    0.00,   10.46,   11.88,    0.00,    0.00,    0.84,    0.91,    0.00,    0.00,    0.00,    0.00,    0.00,    0.00,    0.00,    0.00,    0.00,    0.00,    0.00,    0.00,    0.00,    0.00,    0.00,    0.00,    0.00,    0.00,    0.00,    0.00,    0.00,    0.00,    0.00,    0.00,    0.00,    0.00,    0.00,    0.00,    0.00,    0.00,   22.34,   2528.79,   1617.43,      1.10,      0.00,   2529.89,   1617.44,   4147.33
2025-11-21,07:25:11.816,   75.77,  467.07,    0.00,    0.00,    0.00,    0.00,    0.00,    0.00,,,,,   93.16,  844.05,    0.00,    0.00,,,,,  123.68,  728.59,    0.00,    0.00,  292.61, 2039.71,    0.00,    0.00,    0.97,    0.97,    0.00,    0.00,    0.00,    0.00,    0.00,    0.00,    0.00,    0.00,    0.00,    0.00,    0.00,    0.00,    0.00,    0.00,    0.00,    0.00,    0.00,    0.00,    0.00,    0.00,    0.00,    0.00,    0.00,    0.00,    0.00,    0.00,    0.00,    0.00,    0.00,    0.00, 2332.32,    2.38,    4.44,    0.00,    0.00,,,,,,,,,    3.58,    5.87,    0.00,    0.00,,,,,    5.83,    6.78,    0.00,    0.00,   11.78,   17.09,    0.00,    0.00,    0.84,    0.92,    0.00,    0.00,    0.00,    0.00,    0.00,    0.00,    0.00,    0.00,    0.00,    0.00,    0.00,    0.00,    0.00,    0.00,    0.00,    0.00,    0.00,    0.00,    0.00,    0.00,    0.00,    0.00,    0.00,    0.00,    0.00,    0.00,    0.00,    0.00,    0.00,    0.00,   28.87,    304.39,   2056.80,      0.00,      0.00,    304.39,   2056.80,   2361.19
2025-11-21,07:25:12.316,   51.06,  498.49,    0.00,    0.00,    0.00,    0.00,    0.00,    0.00,,,,,   48.31,  904.79,    0.00,    0.00,,,,,   81.81,  720.92,    0.00,    0.00,  181.17, 2124.21,    0.00,    0.00,    0.99,    0.99,    0.00,    0.00,    0.00,    0.00,    0.00,    0.00,    0.00,    0.00,    0.00,    0.00,    0.00,    0.00,    0.00,    0.00,    0.00,    0.00,    0.00,    0.00,    0.00,    0.00,    0.00,    0.00,    0.00,    0.00,    0.00,    0.00,    0.00,    0.00,    0.00,    0.00, 2305.38,    4.39,    6.04,    0.00,    0.00,,,,,,,,,    6.87,    9.87,    0.00,    0.00,,,,,   18.13,   14.69,    0.00,    0.00,   29.38,   30.60,    0.00,    0.00,    0.91,    0.97,    0.00,    0.00,    0.00,    0.00,    0.00,    0.00,    0.00,    0.00,    0.00,    0.00,    0.00,    0.00,    0.00,    0.00,    0.00,    0.00,    0.00,    0.00,    0.00,    0.00,    0.00,    0.00,    0.00,    0.00,    0.00,    0.00,    0.00,    0.00,    0.00,    0.00,   59.98,    210.56,   2154.80,      0.00,      0.00,    210.56,   2154.80,   2365.36
2025-11-21,07:25:12.816,   48.43,  499.71,    0.00,    0.00,    0.00,    0.00,    0.00,    0.00,,,,,   38.15,  885.23,    0.00,    0.00,,,,,   51.17,  714.87,    0.00,    0.00,  137.75, 2099.81,    0.00,    0.00,    0.99,    0.99,    0.00,    0.00,    0.00,    0.00,    0.00,    0.00,    0.00,    0.00,    0.00,    0.00,    0.00,    0.00,    0.00,    0.00,    0.00,    0.00,    0.00,    0.00,    0.00,    0.00,    0.00,    0.00,    0.00,    0.00,    0.00,    0.00,    0.00,    0.00,    0.00,    0.00, 2237.56,    1.73,    3.72,    0.00,    0.00,,,,,,,,,    2.34,    4.64,    0.00,    0.00,,,,,    4.41,    5.14,    0.00,    0.00,    8.48,   13.50,    0.00,    0.00,    0.77,    0.89,    0.00,    0.00,    0.00,    0.00,    0.00,    0.00,    0.00,    0.00,    0.00,    0.00,    0.00,    0.00,    0.00,    0.00,    0.00,    0.00,    0.00,    0.00,    0.00,    0.00,    0.00,    0.00,    0.00,    0.00,    0.00,    0.00,    0.00,    0.00,    0.00,    0.00,   21.97,    146.23,   2113.31,      0.00,      0.00,    146.23,   2113.31,   2259.54
2025-11-21,07:25:13.316,   47.43,  496.94,    0.00,    0.00,,,,,,,,,   38.17,  888.03,    0.00,    0.00,,,,,   51.70,  714.42,    0.00,    0.00,  137.30, 2099.39,    0.00,    0.00,    0.99,    0.99,    0.00,    0.00,    0.00,    0.00,    0.00,    0.00,    0.00,    0.00,    0.00,    0.00,    0.00,    0.00,    0.00,    0.00,    0.00,    0.00,    0.00,    0.00,    0.00,    0.00,    0.00,    0.00,    0.00,    0.00,    0.00,    0.00,    0.00,    0.00,    0.00,    0.00, 2236.69,    1.86,    3.55,    0.00,    0.00,,,,,,,,,    2.46,    4.63,    0.00,    0.00,,,,,    4.29,    4.97,    0.00,    0.00,    8.61,   13.15,    0.00,    0.00,    0.79,    0.89,    0.00,    0.00,    0.00,    0.00,    0.00,    0.00,    0.00,    0.00,    0.00,    0.00,    0.00,    0.00,    0.00,    0.00,    0.00,    0.00,    0.00,    0.00,    0.00,    0.00,    0.00,    0.00,    0.00,    0.00,    0.00,    0.00,    0.00,    0.00,    0.00,    0.00,   21.76,    145.91,   2112.54,      0.00,      0.00,    145.91,   2112.54,   2258.45
2025-11-21,07:25:13.816,   50.44,  500.19,    0.00,    0.00,,,,,,,,,   45.27,  901.45,    0.00,    0.00,,,,,  102.04,  763.46,    0.00,    0.00,  197.75, 2165.10,    0.00,    0.00,    0.99,    0.99,    0.00,    0.00,    0.00,    0.00,    0.00,    0.00,    0.00,    0.00,    0.00,    0.00,    0.00,    0.00,    0.00,    0.00,    0.00,    0.00,    0.00,    0.00,    0.00,    0.00,    0.00,    0.00,    0.00,    0.00,    0.00,    0.00,    0.00,    0.00,    0.00,    0.00, 2362.85,    3.08,    6.41,    0.00,    0.00,,,,,,,,,    4.61,   10.48,    0.00,    0.00,,,,,   11.47,   16.86,    0.00,    0.00,   19.17,   33.75,    0.00,    0.00,    0.87,    0.95,    0.00,    0.00,    0.00,    0.00,    0.00,    0.00,    0.00,    0.00,    0.00,    0.00,    0.00,    0.00,    0.00,    0.00,    0.00,    0.00,    0.00,    0.00,    0.00,    0.00,    0.00,    0.00,    0.00,    0.00,    0.00,    0.00,    0.00,    0.00,    0.00,    0.00,   52.92,    216.92,   2198.85,      0.00,      0.00,    216.92,   2198.85,   2415.76
2025-11-21,07:25:14.316,   48.30,  497.65,    0.00,    0.00,    0.00,    0.00,    0.00,    0.00,,,,,   40.45,  902.91,    0.00,    0.00,,,,,   52.28,  701.38,    0.00,    0.00,  141.02, 2101.94,    0.00,    0.00,    0.99,    0.99,    0.00,    0.00,    0.00,    0.00,    0.00,    0.00,    0.00,    0.00,    0.00,    0.00,    0.00,    0.00,    0.00,    0.00,    0.00,    0.00,    0.00,    0.00,    0.00,    0.00,    0.00,    0.00,    0.00,    0.00,    0.00,    0.00,    0.00,    0.00,    0.00,    0.00, 2242.97,    2.21,    4.90,    0.00,    0.00,,,,,,,,,    3.04,    6.14,    0.00,    0.00,,,,,    4.58,    5.59,    0.00,    0.00,    9.83,   16.63,    0.00,    0.00,    0.82,    0.90,    0.00,    0.00,    0.00,    0.00,    0.00,    0.00,    0.00,    0.00,    0.00,    0.00,    0.00,    0.00,    0.00,    0.00,    0.00,    0.00,    0.00,    0.00,    0.00,    0.00,    0.00,    0.00,    0.00,    0.00,    0.00,    0.00,    0.00,    0.00,    0.00,    0.00,   26.46,    150.86,   2118.58,      0.00,      0.00,    150.86,   2118.58,   2269.43
2025-11-21,07:25:14.816,   51.92,  544.42,    0.00,    0.00,,,,,,,,,   40.93,  962.19,    0.00,    0.00,,,,,   44.57,  594.46,    0.00,    0.00,  137.41, 2101.06,    0.00,    0.00,    0.99,    0.99,    0.00,    0.00,    0.00,    0.00,    0.00,    0.00,    0.00,    0.00,    0.00,    0.00,    0.00,    0.00,    0.00,    0.00,    0.00,    0.00,    0.00,    0.00,    0.00,    0.00,    0.00,    0.00,    0.00,    0.00,    0.00,    0.00,    0.00,    0.00,    0.00,    0.00, 2238.47,    1.69,    4.10,    0.00,    0.00,,,,,,,,,    2.23,    4.98,    0.00,    0.00,,,,,    4.65,    4.88,    0.00,    0.00,    8.57,   13.97,    0.00,    0.00,    0.77,    0.89,    0.00,    0.00,    0.00,    0.00,    0.00,    0.00,    0.00,    0.00,    0.00,    0.00,    0.00,    0.00,    0.00,    0.00,    0.00,    0.00,    0.00,    0.00,    0.00,    0.00,    0.00,    0.00,    0.00,    0.00,    0.00,    0.00,    0.00,    0.00,    0.00,    0.00,   22.54,    145.98,   2115.03,      0.00,      0.00,    145.98,   2115.03,   2261.01
2025-11-21,07:25:15.316,  106.26,  549.04,    0.00,    0.00,    0.00,    0.00,    1.14,    0.01,,,,,  141.74,  971.49,    0.00,    0.00,,,,,  109.68,  562.91,    0.00,    0.00,  357.68, 2083.45,    1.14,    0.01,    0.96,    0.96,    0.00,    0.00,    0.00,    0.00,    0.00,    0.00,    0.00,    0.00,    0.00,    0.00,    0.00,    0.00,    0.00,    0.00,    0.00,    0.00,    0.00,    0.00,    0.00,    0.00,    0.00,    0.00,    0.00,    0.00,    0.00,    0.00,    0.00,    0.00,    0.00,    0.00, 2441.13,    4.43,    5.46,    0.00,    0.00,,,,,,,,,    6.97,    7.63,    0.00,    0.00,,,,,   14.53,   10.80,    0.00,    0.00,   25.92,   23.90,    0.00,    0.00,    0.91,    0.97,    0.00,    0.00,    0.00,    0.00,    0.00,    0.00,    0.00,    0.00,    0.00,    0.00,    0.00,    0.00,    0.00,    0.00,    0.00,    0.00,    0.00,    0.00,    0.00,    0.00,    0.00,    0.00,    0.00,    0.00,    0.00,    0.00,    0.00,    0.00,    0.00,    0.00,   49.82,    383.60,   2107.35,      1.14,      0.01,    384.75,   2107.35,   2492.10
2025-11-21,07:25:15.816,   52.72,  579.49,    0.00,    0.00,    0.00,    0.00, 2141.42,    0.00,,,,,   86.26, 1040.53,    0.00,    0.00,,,,,   73.68,  816.83,    0.00,    0.00,  212.66, 2436.85, 2141.42,    0.00,    0.25,    0.27,    0.00,    0.00,    0.00,    0.00,    0.00,    0.00,    0.00,    0.00,    0.00,    0.00,    0.00,    0.00,    0.00,    0.00,    0.00,    0.00,    0.00,    0.00,    0.00,    0.00,    0.00,    0.00,    0.00,    0.00,    0.00,    0.00,    0.00,    0.00,    0.00,    0.00, 2649.51,    2.62,    2.87,    0.00,    0.00,,,,,,,,,    3.73,    3.52,    0.00,    0.00,,,,,    6.06,    5.25,    0.00,    0.00,   12.41,   11.65,    0.00,    0.00,    0.85,    0.92,    0.00,    0.00,    0.00,    0.00,    0.00,    0.00,    0.00,    0.00,    0.00,    0.00,    0.00,    0.00,    0.00,    0.00,    0.00,    0.00,    0.00,    0.00,    0.00,    0.00,    0.00,    0.00,    0.00,    0.00,    0.00,    0.00,    0.00,    0.00,    0.00,    0.00,   24.06,    225.07,   2448.50,   2141.42,      0.00,   2366.49,   2448.50,   4814.98
2025-11-21,07:25:16.316,   44.86,  597.02,    0.00,    0.00,    0.00,    0.00, 2421.96,    0.00,,,,,   77.31, 1081.51,    0.00,    0.00,,,,,   63.09,  833.53,    0.00,    0.00,  185.26, 2512.06, 2421.96,    0.00,    0.02,    0.07,    0.00,    0.00,    0.00,    0.00,    0.00,    0.00,    0.00,    0.00,    0.00,    0.00,    0.00,    0.00,    0.00,    0.00,    0.00,    0.00,    0.00,    0.00,    0.00,    0.00,    0.00,    0.00,    0.00,    0.00,    0.00,    0.00,    0.00,    0.00,    0.00,    0.00, 2697.32,    1.43,    1.71,    0.00,    0.00,,,,,,,,,    1.58,    1.99,    0.00,    0.00,,,,,    2.39,    2.89,    0.00,    0.00,    5.40,    6.60,    0.00,    0.00,    0.73,    0.81,    0.00,    0.00,    0.00,    0.00,    0.00,    0.00,    0.00,    0.00,    0.00,    0.00,    0.00,    0.00,    0.00,    0.00,    0.00,    0.00,    0.00,    0.00,    0.00,    0.00,    0.00,    0.00,    0.00,    0.00,    0.00,    0.00,    0.00,    0.00,    0.00,    0.00,   12.00,    190.66,   2518.66,   2421.96,      0.00,   2612.62,   2518.66,   5131.28
2025-11-21,07:25:16.816,   58.15,  534.70,    0.00,    0.00,    0.00,    0.00,  952.14,    0.01,,,,,   77.38,  954.74,    0.00,    0.00,,,,,   63.97,  594.02,    0.00,    0.00,  199.51, 2083.46,  952.14,    0.01,    0.68,    0.63,    0.00,    0.00,    0.00,    0.00,    0.00,    0.00,    0.00,    0.00,    0.00,    0.00,    0.00,    0.00,    0.00,    0.00,    0.00,    0.00,    0.00,    0.00,    0.00,    0.00,    0.00,    0.00,    0.00,    0.00,    0.00,    0.00,    0.00,    0.00,    0.00,    0.00, 2282.96,    2.63,    4.71,    0.00,    0.00,,,,,,,,,    3.38,    5.67,    0.00,    0.00,,,,,    6.13,    6.33,    0.00,    0.00,   12.14,   16.71,    0.00,    0.00,    0.85,    0.92,    0.00,    0.00,    0.00,    0.00,    0.00,    0.00,    0.00,    0.00,    0.00,    0.00,    0.00,    0.00,    0.00,    0.00,    0.00,    0.00,    0.00,    0.00,    0.00,    0.00,    0.00,    0.00,    0.00,    0.00,    0.00,    0.00,    0.00,    0.00,    0.00,    0.00,   28.85,    211.64,   2100.17,    952.14,      0.01,   1163.78,   2100.18,   3263.96
2025-11-21,07:25:17.315,    6.11,   26.33,    0.00,    0.00,    0.00,    0.00,    0.23,    0.00,,,,,   10.87,   47.08,    0.00,    0.00,,,,,   29.85,   38.46,    0.00,    0.00,   46.83,  111.88,    0.23,    0.00,    0.93,    0.98,    0.00,    0.00,    0.00,    0.00,    0.00,    0.00,    0.00,    0.00,    0.00,    0.00,    0.00,    0.00,    0.00,    0.00,    0.00,    0.00,    0.00,    0.00,    0.00,    0.00,    0.00,    0.00,    0.00,    0.00,    0.00,    0.00,    0.00,    0.00,    0.00,    0.00,  158.71,    4.02,    4.37,    0.00,    0.00,,,,,,,,,    5.93,    7.38,    0.00,    0.00,,,,,   14.65,   13.21,    0.00,    0.00,   24.60,   24.96,    0.00,    0.00,    0.90,    0.96,    0.00,    0.00,    0.00,    0.00,    0.00,    0.00,    0.00,    0.00,    0.00,    0.00,    0.00,    0.00,    0.00,    0.00,    0.00,    0.00,    0.00,    0.00,    0.00,    0.00,    0.00,    0.00,    0.00,    0.00,    0.00,    0.00,    0.00,    0.00,    0.00,    0.00,   49.56,     71.43,    136.84,      0.23,      0.00,     71.66,    136.84,    208.50
2025-11-21,07:25:17.815,    1.10,    1.40,    0.00,    0.00,    0.00,    0.00,    0.00,    0.00,,,,,    2.04,    2.72,    0.00,    0.00,,,,,    3.80,    4.09,    0.00,    0.00,    6.94,    8.21,    0.00,    0.00,    0.64,    0.86,    0.00,    0.00,    0.00,    0.00,    0.00,    0.00,    0.00,    0.00,    0.00,    0.00,    0.00,    0.00,    0.00,    0.00,    0.00,    0.00,    0.00,    0.00,    0.00,    0.00,    0.00,    0.00,    0.00,    0.00,    0.00,    0.00,    0.00,    0.00,    0.00,    0.00,   15.15,    6.42,    3.55,    0.00,    0.00,,,,,,,,,   13.43,    5.93,    0.00,    0.00,,,,,   20.46,   10.30,    0.00,    0.00,   40.31,   19.78,    0.00,    0.00,    0.94,    0.98,    0.00,    0.00,    0.00,    0.00,    0.00,    0.00,    0.00,    0.00,    0.00,    0.00,    0.00,    0.00,    0.00,    0.00,    0.00,    0.00,    0.00,    0.00,    0.00,    0.00,    0.00,    0.00,    0.00,    0.00,    0.00,    0.00,    0.00,    0.00,    0.00,    0.00,   60.09,     47.25,     27.99,      0.00,      0.00,     47.25,     27.99,     75.24
2025-11-21,07:25:18.315,  644.03,   11.05,    0.00,    0.00,    0.00,    0.00,  831.86,    0.04,,,,,  976.60,   23.67,    0.00,    0.00,,,,,  726.03,   29.18,    0.00,    0.00, 2346.66,   63.90,  831.86,    0.04,    1.00,    1.00,    0.00,    0.00,    0.00,    0.00,    0.00,    0.00,    0.00,    0.00,    0.00,    0.00,    0.00,    0.00,    0.00,    0.00,    0.00,    0.00,    0.00,    0.00,    0.00,    0.00,    0.00,    0.00,    0.00,    0.00,    0.00,    0.00,    0.00,    0.00,    0.00,    0.00, 2410.56,    3.08,    3.27,    0.00,    0.00,,,,,,,,,    4.64,    4.82,    0.00,    0.00,,,,,    9.39,    6.52,    0.00,    0.00,   17.12,   14.61,    0.00,    0.00,    0.87,    0.94,    0.00,    0.00,    0.00,    0.00,    0.00,    0.00,    0.00,    0.00,    0.00,    0.00,    0.00,    0.00,    0.00,    0.00,    0.00,    0.00,    0.00,    0.00,    0.00,    0.00,    0.00,    0.00,    0.00,    0.00,    0.00,    0.00,    0.00,    0.00,    0.00,    0.00,   31.73,   2363.78,     78.52,    831.86,      0.04,   3195.64,     78.56,   3274.20
2025-11-21,07:25:18.815,  666.58,    2.07,    0.00,    0.00,    0.00,    0.00,  872.93,    0.03,,,,, 1007.95,    4.29,    0.00,    0.00,,,,,  783.34,   70.61,    0.00,    0.00, 2457.87,   76.97,  872.93,    0.03,    1.00,    1.00,    0.00,    0.00,    0.00,    0.00,    0.00,    0.00,    0.00,    0.00,    0.00,    0.00,    0.00,    0.00,    0.00,    0.00,    0.00,    0.00,    0.00,    0.00,    0.00,    0.00,    0.00,    0.00,    0.00,    0.00,    0.00,    0.00,    0.00,    0.00,    0.00,    0.00, 2534.84,    2.87,    4.92,    0.00,    0.00,,,,,,,,,    4.32,    8.01,    0.00,    0.00,,,,,    9.00,   11.49,    0.00,    0.00,   16.18,   24.42,    0.00,    0.00,    0.86,    0.94,    0.00,    0.00,    0.00,    0.00,    0.00,    0.00,    0.00,    0.00,    0.00,    0.00,    0.00,    0.00,    0.00,    0.00,    0.00,    0.00,    0.00,    0.00,    0.00,    0.00,    0.00,    0.00,    0.00,    0.00,    0.00,    0.00,    0.00,    0.00,    0.00,    0.00,   40.60,   2474.06,    101.39,    872.93,      0.03,   3346.98,    101.42,   3448.40
2025-11-21,07:25:19.315,  667.69,    1.82,    0.00,    0.00,    0.00,    0.00,  872.83,    0.03,,,,, 1007.33,    3.77,    0.00,    0.00,,,,,  738.15,   18.11,    0.00,    0.00, 2413.17,   23.70,  872.83,    0.03,    1.00,    1.00,    0.00,    0.00,    0.00,    0.00,    0.00,    0.00,    0.00,    0.00,    0.00,    0.00,    0.00,    0.00,    0.00,    0.00,    0.00,    0.00,    0.00,    0.00,    0.00,    0.00,    0.00,    0.00,    0.00,    0.00,    0.00,    0.00,    0.00,    0.00,    0.00,    0.00, 2436.87,    4.17,    4.19,    0.00,    0.00,,,,,,,,,    8.01,    6.47,    0.00,    0.00,,,,,   11.65,    8.76,    0.00,    0.00,   23.83,   19.42,    0.00,    0.00,    0.90,    0.96,    0.00,    0.00,    0.00,    0.00,    0.00,    0.00,    0.00,    0.00,    0.00,    0.00,    0.00,    0.00,    0.00,    0.00,    0.00,    0.00,    0.00,    0.00,    0.00,    0.00,    0.00,    0.00,    0.00,    0.00,    0.00,    0.00,    0.00,    0.00,    0.00,    0.00,   43.25,   2437.00,     43.12,    872.83,      0.03,   3309.84,     43.15,   3352.98
2025-11-21,07:25:19.816,  663.77,    1.02,    0.00,    0.00,    0.00,    0.00,  873.21,    0.03,,,,, 1002.47,    2.15,    0.00,    0.00,,,,,  735.55,   12.04,    0.00,    0.00, 2401.79,   15.20,  873.21,    0.03,    1.00,    1.00,    0.00,    0.00,    0.00,    0.00,    0.00,    0.00,    0.00,    0.00,    0.00,    0.00,    0.00,    0.00,    0.00,    0.00,    0.00,    0.00,    0.00,    0.00,    0.00,    0.00,    0.00,    0.00,    0.00,    0.00,    0.00,    0.00,    0.00,    0.00,    0.00,    0.00, 2416.99,    1.79,    2.45,    0.00,    0.00,,,,,,,,,    2.38,    2.95,    0.00,    0.00,,,,,    3.11,    2.99,    0.00,    0.00,    7.28,    8.39,    0.00,    0.00,    0.78,    0.86,    0.00,    0.00,    0.00,    0.00,    0.00,    0.00,    0.00,    0.00,    0.00,    0.00,    0.00,    0.00,    0.00,    0.00,    0.00,    0.00,    0.00,    0.00,    0.00,    0.00,    0.00,    0.00,    0.00,    0.00,    0.00,    0.00,    0.00,    0.00,    0.00,    0.00,   15.68,   2409.07,     23.60,    873.21,      0.03,   3282.28,     23.63,   3305.91
2025-11-21,07:25:20.316,  662.70,    0.90,    0.00,    0.00,    0.00,    0.00,  871.76,    0.03,,,,,  999.98,    1.89,    0.00,    0.00,,,,,  728.19,   10.30,    0.00,    0.00, 2390.87,   13.08,  871.76,    0.03,    1.00,    1.00,    0.00,    0.00,    0.00,    0.00,    0.00,    0.00,    0.00,    0.00,    0.00,    0.00,    0.00,    0.00,    0.00,    0.00,    0.00,    0.00,    0.00,    0.00,    0.00,    0.00,    0.00,    0.00,    0.00,    0.00,    0.00,    0.00,    0.00,    0.00,    0.00,    0.00, 2403.95,    1.31,    1.88,    0.00,    0.00,,,,,,,,,    1.61,    2.20,    0.00,    0.00,,,,,    2.03,    1.93,    0.00,    0.00,    4.95,    6.01,    0.00,    0.00,    0.70,    0.78,    0.00,    0.00,    0.00,    0.00,    0.00,    0.00,    0.00,    0.00,    0.00,    0.00,    0.00,    0.00,    0.00,    0.00,    0.00,    0.00,    0.00,    0.00,    0.00,    0.00,    0.00,    0.00,    0.00,    0.00,    0.00,    0.00,    0.00,    0.00,    0.00,    0.00,   10.95,   2395.82,     19.09,    871.76,      0.03,   3267.58,     19.12,   3286.69
2025-11-21,07:25:20.816,  660.98,    0.87,    0.00,    0.00,    0.00,    0.00,  870.25,    0.03,,,,, 1001.59,    1.96,    0.00,    0.00,,,,,  729.80,   10.41,    0.00,    0.00, 2392.37,   13.25,  870.25,    0.03,    1.00,    1.00,    0.00,    0.00,    0.00,    0.00,    0.00,    0.00,    0.00,    0.00,    0.00,    0.00,    0.00,    0.00,    0.00,    0.00,    0.00,    0.00,    0.00,    0.00,    0.00,    0.00,    0.00,    0.00,    0.00,    0.00,    0.00,    0.00,    0.00,    0.00,    0.00,    0.00, 2405.62,    1.28,    2.67,    0.00,    0.00,,,,,,,,,    1.66,    3.15,    0.00,    0.00,,,,,    2.53,    2.76,    0.00,    0.00,    5.47,    8.58,    0.00,    0.00,    0.69,    0.82,    0.00,    0.00,    0.00,    0.00,    0.00,    0.00,    0.00,    0.00,    0.00,    0.00,    0.00,    0.00,    0.00,    0.00,    0.00,    0.00,    0.00,    0.00,    0.00,    0.00,    0.00,    0.00,    0.00,    0.00,    0.00,    0.00,    0.00,    0.00,    0.00,    0.00,   14.05,   2397.84,     21.83,    870.25,      0.03,   3268.09,     21.86,   3289.95
2025-11-21,07:25:21.316,  663.68,    2.97,    0.00,    0.00,    0.00,    0.00,  871.27,    0.03,,,,, 1005.39,    6.39,    0.00,    0.00,,,,,  744.96,   18.74,    0.00,    0.00, 2414.03,   28.09,  871.27,    0.03,    1.00,    1.00,    0.00,    0.00,    0.00,    0.00,    0.00,    0.00,    0.00,    0.00,    0.00,    0.00,    0.00,    0.00,    0.00,    0.00,    0.00,    0.00,    0.00,    0.00,    0.00,    0.00,    0.00,    0.00,    0.00,    0.00,    0.00,    0.00,    0.00,    0.00,    0.00,    0.00, 2442.12,    2.41,    2.88,    0.00,    0.00,,,,,,,,,    3.49,    4.14,    0.00,    0.00,,,,,    7.22,    5.31,    0.00,    0.00,   13.11,   12.33,    0.00,    0.00,    0.84,    0.93,    0.00,    0.00,    0.00,    0.00,    0.00,    0.00,    0.00,    0.00,    0.00,    0.00,    0.00,    0.00,    0.00,    0.00,    0.00,    0.00,    0.00,    0.00,    0.00,    0.00,    0.00,    0.00,    0.00,    0.00,    0.00,    0.00,    0.00,    0.00,    0.00,    0.00,   25.44,   2427.14,     40.41,    871.27,      0.03,   3298.40,     40.45,   3338.85
2025-11-21,07:25:21.816,  664.94,    1.25,    0.00,    0.00,    0.00,    0.00,  872.04,    0.03,,,,, 1001.57,    2.48,    0.00,    0.00,,,,,  730.30,   10.14,    0.00,    0.00, 2396.81,   13.86,  872.04,    0.03,    1.00,    1.00,    0.00,    0.00,    0.00,    0.00,    0.00,    0.00,    0.00,    0.00,    0.00,    0.00,    0.00,    0.00,    0.00,    0.00,    0.00,    0.00,    0.00,    0.00,    0.00,    0.00,    0.00,    0.00,    0.00,    0.00,    0.00,    0.00,    0.00,    0.00,    0.00,    0.00, 2410.68,    1.61,    2.39,    0.00,    0.00,,,,,,,,,    2.32,    3.03,    0.00,    0.00,,,,,    3.12,    2.87,    0.00,    0.00,    7.05,    8.29,    0.00,    0.00,    0.76,    0.86,    0.00,    0.00,    0.00,    0.00,    0.00,    0.00,    0.00,    0.00,    0.00,    0.00,    0.00,    0.00,    0.00,    0.00,    0.00,    0.00,    0.00,    0.00,    0.00,    0.00,    0.00,    0.00,    0.00,    0.00,    0.00,    0.00,    0.00,    0.00,    0.00,    0.00,   15.34,   2403.86,     22.15,    872.04,      0.03,   3275.91,     22.18,   3298.09
2025-11-21,07:25:22.316,  662.30,    1.79,    0.00,    0.00,    0.00,    0.00,  871.59,    0.03,,,,, 1004.09,    4.56,    0.00,    0.00,,,,,  748.60,   17.68,    0.00,    0.00, 2414.98,   24.04,  871.59,    0.03,    1.00,    1.00,    0.00,    0.00,    0.00,    0.00,    0.00,    0.00,    0.00,    0.00,    0.00,    0.00,    0.00,    0.00,    0.00,    0.00,    0.00,    0.00,    0.00,    0.00,    0.00,    0.00,    0.00,    0.00,    0.00,    0.00,    0.00,    0.00,    0.00,    0.00,    0.00,    0.00, 2439.02,    3.19,    3.38,    0.00,    0.00,,,,,,,,,    4.80,    5.72,    0.00,    0.00,,,,,   11.57,    8.30,    0.00,    0.00,   19.57,   17.40,    0.00,    0.00,    0.88,    0.95,    0.00,    0.00,    0.00,    0.00,    0.00,    0.00,    0.00,    0.00,    0.00,    0.00,    0.00,    0.00,    0.00,    0.00,    0.00,    0.00,    0.00,    0.00,    0.00,    0.00,    0.00,    0.00,    0.00,    0.00,    0.00,    0.00,    0.00,    0.00,    0.00,    0.00,   36.97,   2434.55,     41.44,    871.59,      0.03,   3306.14,     41.47,   3347.61
2025-11-21,07:25:22.816,  662.75,    1.09,    0.00,    0.00,    0.00,    0.00,  871.04,    0.03,,,,, 1001.40,    2.34,    0.00,    0.00,,,,,  733.93,   10.62,    0.00,    0.00, 2398.08,   14.05,  871.04,    0.03,    1.00,    1.00,    0.00,    0.00,    0.00,    0.00,    0.00,    0.00,    0.00,    0.00,    0.00,    0.00,    0.00,    0.00,    0.00,    0.00,    0.00,    0.00,    0.00,    0.00,    0.00,    0.00,    0.00,    0.00,    0.00,    0.00,    0.00,    0.00,    0.00,    0.00,    0.00,    0.00, 2412.13,    1.69,    2.44,    0.00,    0.00,,,,,,,,,    2.35,    3.21,    0.00,    0.00,,,,,    3.24,    3.73,    0.00,    0.00,    7.28,    9.38,    0.00,    0.00,    0.77,    0.86,    0.00,    0.00,    0.00,    0.00,    0.00,    0.00,    0.00,    0.00,    0.00,    0.00,    0.00,    0.00,    0.00,    0.00,    0.00,    0.00,    0.00,    0.00,    0.00,    0.00,    0.00,    0.00,    0.00,    0.00,    0.00,    0.00,    0.00,    0.00,    0.00,    0.00,   16.67,   2405.36,     23.43,    871.04,      0.03,   3276.40,     23.46,   3299.86
2025-11-21,07:25:23.316,  664.08,    1.45,    0.00,    0.00,    0.00,    0.00,  872.18,    0.03,,,,, 1004.60,    3.06,    0.00,    0.00,,,,,  735.90,   11.55,    0.00,    0.00, 2404.59,   16.05,  872.18,    0.03,    1.00,    1.00,    0.00,    0.00,    0.00,    0.00,    0.00,    0.00,    0.00,    0.00,    0.00,    0.00,    0.00,    0.00,    0.00,    0.00,    0.00,    0.00,    0.00,    0.00,    0.00,    0.00,    0.00,    0.00,    0.00,    0.00,    0.00,    0.00,    0.00,    0.00,    0.00,    0.00, 2420.64,    2.35,    2.94,    0.00,    0.00,,,,,,,,,    3.45,    4.19,    0.00,    0.00,,,,,    4.52,    5.01,    0.00,    0.00,   10.32,   12.13,    0.00,    0.00,    0.83,    0.90,    0.00,    0.00,    0.00,    0.00,    0.00,    0.00,    0.00,    0.00,    0.00,    0.00,    0.00,    0.00,    0.00,    0.00,    0.00,    0.00,    0.00,    0.00,    0.00,    0.00,    0.00,    0.00,    0.00,    0.00,    0.00,    0.00,    0.00,    0.00,    0.00,    0.00,   22.45,   2414.91,     28.18,    872.18,      0.03,   3287.09,     28.21,   3315.30
2025-11-21,07:25:23.816,  662.56,    0.90,    0.00,    0.00,    0.00,    0.00,  870.45,    0.03,,,,,  999.40,    1.91,    0.00,    0.00,,,,,  730.49,    9.85,    0.00,    0.00, 2392.44,   12.66,  870.45,    0.03,    1.00,    1.00,    0.00,    0.00,    0.00,    0.00,    0.00,    0.00,    0.00,    0.00,    0.00,    0.00,    0.00,    0.00,    0.00,    0.00,    0.00,    0.00,    0.00,    0.00,    0.00,    0.00,    0.00,    0.00,    0.00,    0.00,    0.00,    0.00,    0.00,    0.00,    0.00,    0.00, 2405.11,    1.24,    2.32,    0.00,    0.00,,,,,,,,,    1.61,    2.82,    0.00,    0.00,,,,,    2.26,    2.70,    0.00,    0.00,    5.11,    7.84,    0.00,    0.00,    0.68,    0.80,    0.00,    0.00,    0.00,    0.00,    0.00,    0.00,    0.00,    0.00,    0.00,    0.00,    0.00,    0.00,    0.00,    0.00,    0.00,    0.00,    0.00,    0.00,    0.00,    0.00,    0.00,    0.00,    0.00,    0.00,    0.00,    0.00,    0.00,    0.00,    0.00,    0.00,   12.95,   2397.55,     20.50,    870.45,      0.03,   3268.00,     20.54,   3288.54
2025-11-21,07:25:24.316,  669.17,    3.67,    0.00,    0.00,    0.00,    0.00,  871.68,    0.03,,,,, 1011.85,    7.68,    0.00,    0.00,,,,,  796.05,   80.42,    0.00,    0.00, 2477.07,   91.77,  871.68,    0.03,    1.00,    1.00,    0.00,    0.00,    0.00,    0.00,    0.00,    0.00,    0.00,    0.00,    0.00,    0.00,    0.00,    0.00,    0.00,    0.00,    0.00,    0.00,    0.00,    0.00,    0.00,    0.00,    0.00,    0.00,    0.00,    0.00,    0.00,    0.00,    0.00,    0.00,    0.00,    0.00, 2568.84,    3.78,    5.36,    0.00,    0.00,,,,,,,,,    6.12,    9.55,    0.00,    0.00,,,,,   14.54,   16.16,    0.00,    0.00,   24.43,   31.07,    0.00,    0.00,    0.90,    0.96,    0.00,    0.00,    0.00,    0.00,    0.00,    0.00,    0.00,    0.00,    0.00,    0.00,    0.00,    0.00,    0.00,    0.00,    0.00,    0.00,    0.00,    0.00,    0.00,    0.00,    0.00,    0.00,    0.00,    0.00,    0.00,    0.00,    0.00,    0.00,    0.00,    0.00,   55.51,   2501.50,    122.85,    871.68,      0.03,   3373.19,    122.88,   3496.06
2025-11-21,07:25:24.816,  665.27,    1.08,    0.00,    0.00,    0.00,    0.00,  873.13,    0.03,,,,, 1003.52,    2.29,    0.00,    0.00,,,,,  730.41,   11.90,    0.00,    0.00, 2399.19,   15.27,  873.13,    0.03,    1.00,    1.00,    0.00,    0.00,    0.00,    0.00,    0.00,    0.00,    0.00,    0.00,    0.00,    0.00,    0.00,    0.00,    0.00,    0.00,    0.00,    0.00,    0.00,    0.00,    0.00,    0.00,    0.00,    0.00,    0.00,    0.00,    0.00,    0.00,    0.00,    0.00,    0.00,    0.00, 2414.46,    1.76,    2.40,    0.00,    0.00,,,,,,,,,    2.51,    2.84,    0.00,    0.00,,,,,    3.45,    2.87,    0.00,    0.00,    7.73,    8.11,    0.00,    0.00,    0.78,    0.87,    0.00,    0.00,    0.00,    0.00,    0.00,    0.00,    0.00,    0.00,    0.00,    0.00,    0.00,    0.00,    0.00,    0.00,    0.00,    0.00,    0.00,    0.00,    0.00,    0.00,    0.00,    0.00,    0.00,    0.00,    0.00,    0.00,    0.00,    0.00,    0.00,    0.00,   15.84,   2406.92,     23.38,    873.13,      0.03,   3280.05,     23.41,   3303.46
2025-11-21,07:25:25.317,  662.75,    0.92,    0.00,    0.00,    0.00,    0.00,  870.47,    0.03,,,,, 1000.27,    1.92,    0.00,    0.00,,,,,  728.57,   10.00,    0.00,    0.00, 2391.60,   12.84,  870.47,    0.03,    1.00,    1.00,    0.00,    0.00,    0.00,    0.00,    0.00,    0.00,    0.00,    0.00,    0.00,    0.00,    0.00,    0.00,    0.00,    0.00,    0.00,    0.00,    0.00,    0.00,    0.00,    0.00,    0.00,    0.00,    0.00,    0.00,    0.00,    0.00,    0.00,    0.00,    0.00,    0.00, 2404.43,    1.25,    2.00,    0.00,    0.00,,,,,,,,,    1.52,    2.20,    0.00,    0.00,,,,,    1.59,    1.67,    0.00,    0.00,    4.36,    5.87,    0.00,    0.00,    0.68,    0.74,    0.00,    0.00,    0.00,    0.00,    0.00,    0.00,    0.00,    0.00,    0.00,    0.00,    0.00,    0.00,    0.00,    0.00,    0.00,    0.00,    0.00,    0.00,    0.00,    0.00,    0.00,    0.00,    0.00,    0.00,    0.00,    0.00,    0.00,    0.00,    0.00,    0.00,   10.23,   2395.96,     18.71,    870.47,      0.03,   3266.43,     18.74,   3285.17
2025-11-21,07:25:25.816,  664.85,    0.91,    0.00,    0.00,    0.00,    0.00,  872.70,    0.03,,,,, 1002.32,    1.94,    0.00,    0.00,,,,,  730.59,   10.52,    0.00,    0.00, 2397.77,   13.38,  872.70,    0.03,    1.00,    1.00,    0.00,    0.00,    0.00,    0.00,    0.00,    0.00,    0.00,    0.00,    0.00,    0.00,    0.00,    0.00,    0.00,    0.00,    0.00,    0.00,    0.00,    0.00,    0.00,    0.00,    0.00,    0.00,    0.00,    0.00,    0.00,    0.00,    0.00,    0.00,    0.00,    0.00, 2411.15,    1.47,    2.33,    0.00,    0.00,,,,,,,,,    1.87,    2.74,    0.00,    0.00,,,,,    2.38,    2.44,    0.00,    0.00,    5.71,    7.51,    0.00,    0.00,    0.73,    0.82,    0.00,    0.00,    0.00,    0.00,    0.00,    0.00,    0.00,    0.00,    0.00,    0.00,    0.00,    0.00,    0.00,    0.00,    0.00,    0.00,    0.00,    0.00,    0.00,    0.00,    0.00,    0.00,    0.00,    0.00,    0.00,    0.00,    0.00,    0.00,    0.00,    0.00,   13.22,   2403.48,     20.89,    872.70,      0.03,   3276.18,     20.92,   3297.11
2025-11-21,07:25:26.317,  662.14,    0.83,    0.00,    0.00,    0.00,    0.00,  870.26,    0.03,,,,,  999.94,    1.93,    0.00,    0.00,,,,,  730.07,   10.06,    0.00,    0.00, 2392.15,   12.83,  870.26,    0.03,    1.00,    1.00,    0.00,    0.00,    0.00,    0.00,    0.00,    0.00,    0.00,    0.00,    0.00,    0.00,    0.00,    0.00,    0.00,    0.00,    0.00,    0.00,    0.00,    0.00,    0.00,    0.00,    0.00,    0.00,    0.00,    0.00,    0.00,    0.00,    0.00,    0.00,    0.00,    0.00, 2404.99,    1.33,    1.98,    0.00,    0.00,,,,,,,,,    1.52,    2.26,    0.00,    0.00,,,,,    1.54,    1.86,    0.00,    0.00,    4.40,    6.11,    0.00,    0.00,    0.70,    0.74,    0.00,    0.00,    0.00,    0.00,    0.00,    0.00,    0.00,    0.00,    0.00,    0.00,    0.00,    0.00,    0.00,    0.00,    0.00,    0.00,    0.00,    0.00,    0.00,    0.00,    0.00,    0.00,    0.00,    0.00,    0.00,    0.00,    0.00,    0.00,    0.00,    0.00,   10.50,   2396.55,     18.94,    870.26,      0.03,   3266.81,     18.97,   3285.79
2025-11-21,07:25:26.817,  663.97,    0.93,    0.00,    0.00,    0.00,    0.00,  871.35,    0.04,,,,, 1001.29,    2.13,    0.00,    0.00,,,,,  729.21,   10.89,    0.00,    0.00, 2394.47,   13.95,  871.35,    0.04,    1.00,    1.00,    0.00,    0.00,    0.00,    0.00,    0.00,    0.00,    0.00,    0.00,    0.00,    0.00,    0.00,    0.00,    0.00,    0.00,    0.00,    0.00,    0.00,    0.00,    0.00,    0.00,    0.00,    0.00,    0.00,    0.00,    0.00,    0.00,    0.00,    0.00,    0.00,    0.00, 2408.42,    2.87,    2.64,    0.00,    0.00,,,,,,,,,    5.01,    3.56,    0.00,    0.00,,,,,    7.24,    4.29,    0.00,    0.00,   15.12,   10.49,    0.00,    0.00,    0.87,    0.94,    0.00,    0.00,    0.00,    0.00,    0.00,    0.00,    0.00,    0.00,    0.00,    0.00,    0.00,    0.00,    0.00,    0.00,    0.00,    0.00,    0.00,    0.00,    0.00,    0.00,    0.00,    0.00,    0.00,    0.00,    0.00,    0.00,    0.00,    0.00,    0.00,    0.00,   25.61,   2409.59,     24.43,    871.35,      0.04,   3280.94,     24.47,   3305.41
2025-11-21,07:25:27.317,  663.70,    1.82,    0.00,    0.00,    0.00,    0.00,  871.77,    0.03,,,,, 1004.77,    3.74,    0.00,    0.00,,,,,  738.86,   12.45,    0.00,    0.00, 2407.33,   18.01,  871.77,    0.03,    1.00,    1.00,    0.00,    0.00,    0.00,    0.00,    0.00,    0.00,    0.00,    0.00,    0.00,    0.00,    0.00,    0.00,    0.00,    0.00,    0.00,    0.00,    0.00,    0.00,    0.00,    0.00,    0.00,    0.00,    0.00,    0.00,    0.00,    0.00,    0.00,    0.00,    0.00,    0.00, 2425.35,    2.09,    2.81,    0.00,    0.00,,,,,,,,,    3.14,    4.02,    0.00,    0.00,,,,,    5.08,    4.51,    0.00,    0.00,   10.31,   11.34,    0.00,    0.00,    0.81,    0.90,    0.00,    0.00,    0.00,    0.00,    0.00,    0.00,    0.00,    0.00,    0.00,    0.00,    0.00,    0.00,    0.00,    0.00,    0.00,    0.00,    0.00,    0.00,    0.00,    0.00,    0.00,    0.00,    0.00,    0.00,    0.00,    0.00,    0.00,    0.00,    0.00,    0.00,   21.66,   2417.65,     29.36,    871.77,      0.03,   3289.41,     29.39,   3318.80
2025-11-21,07:25:27.817,  666.31,    1.85,    0.00,    0.00,    0.00,    0.00,  872.78,    0.03,,,,, 1004.44,    3.96,    0.00,    0.00,,,,,  735.71,   13.38,    0.00,    0.00, 2406.46,   19.19,  872.78,    0.03,    1.00,    1.00,    0.00,    0.00,    0.00,    0.00,    0.00,    0.00,    0.00,    0.00,    0.00,    0.00,    0.00,    0.00,    0.00,    0.00,    0.00,    0.00,    0.00,    0.00,    0.00,    0.00,    0.00,    0.00,    0.00,    0.00,    0.00,    0.00,    0.00,    0.00,    0.00,    0.00, 2425.65,    1.71,    2.58,    0.00,    0.00,,,,,,,,,    2.36,    3.71,    0.00,    0.00,,,,,    4.67,    4.32,    0.00,    0.00,    8.74,   10.60,    0.00,    0.00,    0.77,    0.89,    0.00,    0.00,    0.00,    0.00,    0.00,    0.00,    0.00,    0.00,    0.00,    0.00,    0.00,    0.00,    0.00,    0.00,    0.00,    0.00,    0.00,    0.00,    0.00,    0.00,    0.00,    0.00,    0.00,    0.00,    0.00,    0.00,    0.00,    0.00,    0.00,    0.00,   19.33,   2415.20,     29.79,    872.78,      0.03,   3287.98,     29.81,   3317.80
2025-11-21,07:25:28.317,  662.81,    1.33,    0.00,    0.00,    0.00,    0.00,  872.57,    0.03,,,,, 1001.64,    2.76,    0.00,    0.00,,,,,  733.11,   10.71,    0.00,    0.00, 2397.55,   14.80,  872.57,    0.03,    1.00,    1.00,    0.00,    0.00,    0.00,    0.00,    0.00,    0.00,    0.00,    0.00,    0.00,    0.00,    0.00,    0.00,    0.00,    0.00,    0.00,    0.00,    0.00,    0.00,    0.00,    0.00,    0.00,    0.00,    0.00,    0.00,    0.00,    0.00,    0.00,    0.00,    0.00,    0.00, 2412.35,    4.72,    2.69,    0.00,    0.00,,,,,,,,,   11.03,    4.33,    0.00,    0.00,,,,,   16.96,    5.16,    0.00,    0.00,   32.71,   12.17,    0.00,    0.00,    0.92,    0.97,    0.00,    0.00,    0.00,    0.00,    0.00,    0.00,    0.00,    0.00,    0.00,    0.00,    0.00,    0.00,    0.00,    0.00,    0.00,    0.00,    0.00,    0.00,    0.00,    0.00,    0.00,    0.00,    0.00,    0.00,    0.00,    0.00,    0.00,    0.00,    0.00,    0.00,   44.88,   2430.26,     26.97,    872.57,      0.03,   3302.83,     27.00,   3329.83
2025-11-21,07:25:28.817,  662.58,    0.99,    0.00,    0.00,    0.00,    0.00,  871.76,    0.03,,,,, 1000.81,    2.06,    0.00,    0.00,,,,,  729.55,    9.38,    0.00,    0.00, 2392.95,   12.43,  871.76,    0.03,    1.00,    1.00,    0.00,    0.00,    0.00,    0.00,    0.00,    0.00,    0.00,    0.00,    0.00,    0.00,    0.00,    0.00,    0.00,    0.00,    0.00,    0.00,    0.00,    0.00,    0.00,    0.00,    0.00,    0.00,    0.00,    0.00,    0.00,    0.00,    0.00,    0.00,    0.00,    0.00, 2405.38,    1.40,    1.97,    0.00,    0.00,,,,,,,,,    1.74,    2.33,    0.00,    0.00,,,,,    2.13,    2.15,    0.00,    0.00,    5.27,    6.44,    0.00,    0.00,    0.72,    0.80,    0.00,    0.00,    0.00,    0.00,    0.00,    0.00,    0.00,    0.00,    0.00,    0.00,    0.00,    0.00,    0.00,    0.00,    0.00,    0.00,    0.00,    0.00,    0.00,    0.00,    0.00,    0.00,    0.00,    0.00,    0.00,    0.00,    0.00,    0.00,    0.00,    0.00,   11.71,   2398.22,     18.87,    871.76,      0.03,   3269.99,     18.90,   3288.89
2025-11-21,07:25:29.317,  666.16,    2.98,    0.00,    0.00,    0.00,    0.00,  872.46,    0.03,,,,, 1009.61,    6.12,    0.00,    0.00,,,,,  789.50,   78.37,    0.00,    0.00, 2465.27,   87.47,  872.46,    0.03,    1.00,    1.00,    0.00,    0.00,    0.00,    0.00,    0.00,    0.00,    0.00,    0.00,    0.00,    0.00,    0.00,    0.00,    0.00,    0.00,    0.00,    0.00,    0.00,    0.00,    0.00,    0.00,    0.00,    0.00,    0.00,    0.00,    0.00,    0.00,    0.00,    0.00,    0.00,    0.00, 2552.75,    3.47,    4.87,    0.00,    0.00,,,,,,,,,    5.18,    8.96,    0.00,    0.00,,,,,    9.80,   13.50,    0.00,    0.00,   18.45,   27.32,    0.00,    0.00,    0.89,    0.95,    0.00,    0.00,    0.00,    0.00,    0.00,    0.00,    0.00,    0.00,    0.00,    0.00,    0.00,    0.00,    0.00,    0.00,    0.00,    0.00,    0.00,    0.00,    0.00,    0.00,    0.00,    0.00,    0.00,    0.00,    0.00,    0.00,    0.00,    0.00,    0.00,    0.00,   45.78,   2483.72,    114.80,    872.46,      0.03,   3356.18,    114.83,   3471.01
2025-11-21,07:25:29.817,  663.20,    1.01,    0.00,    0.00,    0.00,    0.00,  871.82,    0.03,,,,, 1000.09,    2.20,    0.00,    0.00,,,,,  728.55,   11.25,    0.00,    0.00, 2391.85,   14.45,  871.82,    0.03,    1.00,    1.00,    0.00,    0.00,    0.00,    0.00,    0.00,    0.00,    0.00,    0.00,    0.00,    0.00,    0.00,    0.00,    0.00,    0.00,    0.00,    0.00,    0.00,    0.00,    0.00,    0.00,    0.00,    0.00,    0.00,    0.00,    0.00,    0.00,    0.00,    0.00,    0.00,    0.00, 2406.30,    1.88,    2.70,    0.00,    0.00,,,,,,,,,    2.58,    3.32,    0.00,    0.00,,,,,    3.53,    3.45,    0.00,    0.00,    7.99,    9.47,    0.00,    0.00,    0.79,    0.87,    0.00,    0.00,    0.00,    0.00,    0.00,    0.00,    0.00,    0.00,    0.00,    0.00,    0.00,    0.00,    0.00,    0.00,    0.00,    0.00,    0.00,    0.00,    0.00,    0.00,    0.00,    0.00,    0.00,    0.00,    0.00,    0.00,    0.00,    0.00,    0.00,    0.00,   17.46,   2399.84,     23.92,    871.82,      0.03,   3271.66,     23.95,   3295.61
2025-11-21,07:25:30.318,  663.05,    2.03,    0.00,    0.00,    0.00,    0.00,  871.59,    0.03,,,,, 1003.28,    4.33,    0.00,    0.00,,,,,  732.79,   13.59,    0.00,    0.00, 2399.12,   19.95,  871.59,    0.03,    1.00,    1.00,    0.00,    0.00,    0.00,    0.00,    0.00,    0.00,    0.00,    0.00,    0.00,    0.00,    0.00,    0.00,    0.00,    0.00,    0.00,    0.00,    0.00,    0.00,    0.00,    0.00,    0.00,    0.00,    0.00,    0.00,    0.00,    0.00,    0.00,    0.00,    0.00,    0.00, 2419.08,    1.46,    1.97,    0.00,    0.00,,,,,,,,,    1.84,    2.31,    0.00,    0.00,,,,,    2.28,    2.39,    0.00,    0.00,    5.58,    6.66,    0.00,    0.00,    0.73,    0.81,    0.00,    0.00,    0.00,    0.00,    0.00,    0.00,    0.00,    0.00,    0.00,    0.00,    0.00,    0.00,    0.00,    0.00,    0.00,    0.00,    0.00,    0.00,    0.00,    0.00,    0.00,    0.00,    0.00,    0.00,    0.00,    0.00,    0.00,    0.00,    0.00,    0.00,   12.24,   2404.71,     26.61,    871.59,      0.03,   3276.30,     26.64,   3302.94
2025-11-21,07:25:30.818,  663.83,    1.95,    0.00,    0.00,    0.00,    0.00,  872.22,    0.03,,,,, 1005.31,    4.22,    0.00,    0.00,,,,,  742.78,   16.48,    0.00,    0.00, 2411.92,   22.65,  872.22,    0.03,    1.00,    1.00,    0.00,    0.00,    0.00,    0.00,    0.00,    0.00,    0.00,    0.00,    0.00,    0.00,    0.00,    0.00,    0.00,    0.00,    0.00,    0.00,    0.00,    0.00,    0.00,    0.00,    0.00,    0.00,    0.00,    0.00,    0.00,    0.00,    0.00,    0.00,    0.00,    0.00, 2434.57,    2.05,    2.74,    0.00,    0.00,,,,,,,,,    3.06,    3.65,    0.00,    0.00,,,,,    7.34,    4.68,    0.00,    0.00,   12.44,   11.07,    0.00,    0.00,    0.81,    0.93,    0.00,    0.00,    0.00,    0.00,    0.00,    0.00,    0.00,    0.00,    0.00,    0.00,    0.00,    0.00,    0.00,    0.00,    0.00,    0.00,    0.00,    0.00,    0.00,    0.00,    0.00,    0.00,    0.00,    0.00,    0.00,    0.00,    0.00,    0.00,    0.00,    0.00,   23.51,   2424.36,     33.72,    872.22,      0.03,   3296.58,     33.76,   3330.34
2025-11-21,07:25:31.318,  665.80,    1.21,    0.00,    0.00,    0.00,    0.00,  873.42,    0.03,,,,, 1005.53,    2.64,    0.00,    0.00,,,,,  732.10,   11.06,    0.00,    0.00, 2403.43,   14.91,  873.42,    0.03,    1.00,    1.00,    0.00,    0.00,    0.00,    0.00,    0.00,    0.00,    0.00,    0.00,    0.00,    0.00,    0.00,    0.00,    0.00,    0.00,    0.00,    0.00,    0.00,    0.00,    0.00,    0.00,    0.00,    0.00,    0.00,    0.00,    0.00,    0.00,    0.00,    0.00,    0.00,    0.00, 2418.34,    1.73,    2.40,    0.00,    0.00,,,,,,,,,    2.52,    2.97,    0.00,    0.00,,,,,    2.89,    2.78,    0.00,    0.00,    7.14,    8.15,    0.00,    0.00,    0.77,    0.85,    0.00,    0.00,    0.00,    0.00,    0.00,    0.00,    0.00,    0.00,    0.00,    0.00,    0.00,    0.00,    0.00,    0.00,    0.00,    0.00,    0.00,    0.00,    0.00,    0.00,    0.00,    0.00,    0.00,    0.00,    0.00,    0.00,    0.00,    0.00,    0.00,    0.00,   15.29,   2410.57,     23.06,    873.42,      0.03,   3283.99,     23.09,   3307.08
2025-11-21,07:25:31.818,  663.04,    1.01,    0.00,    0.00,    0.00,    0.00,  872.34,    0.03,,,,, 1002.60,    2.14,    0.00,    0.00,,,,,  730.93,    9.86,    0.00,    0.00, 2396.56,   13.02,  872.34,    0.03,    1.00,    1.00,    0.00,    0.00,    0.00,    0.00,    0.00,    0.00,    0.00,    0.00,    0.00,    0.00,    0.00,    0.00,    0.00,    0.00,    0.00,    0.00,    0.00,    0.00,    0.00,    0.00,    0.00,    0.00,    0.00,    0.00,    0.00,    0.00,    0.00,    0.00,    0.00,    0.00, 2409.58,    1.55,    2.13,    0.00,    0.00,,,,,,,,,    2.11,    2.70,    0.00,    0.00,,,,,    2.79,    2.71,    0.00,    0.00,    6.45,    7.55,    0.00,    0.00,    0.74,    0.84,    0.00,    0.00,    0.00,    0.00,    0.00,    0.00,    0.00,    0.00,    0.00,    0.00,    0.00,    0.00,    0.00,    0.00,    0.00,    0.00,    0.00,    0.00,    0.00,    0.00,    0.00,    0.00,    0.00,    0.00,    0.00,    0.00,    0.00,    0.00,    0.00,    0.00,   14.00,   2403.01,     20.56,    872.34,      0.03,   3275.35,     20.60,   3295.95
2025-11-21,07:25:32.318,  663.78,    1.88,    0.00,    0.00,    0.00,    0.00,  872.76,    0.03,,,,, 1003.46,    3.99,    0.00,    0.00,,,,,  732.78,   11.72,    0.00,    0.00, 2400.03,   17.58,  872.76,    0.03,    1.00,    1.00,    0.00,    0.00,    0.00,    0.00,    0.00,    0.00,    0.00,    0.00,    0.00,    0.00,    0.00,    0.00,    0.00,    0.00,    0.00,    0.00,    0.00,    0.00,    0.00,    0.00,    0.00,    0.00,    0.00,    0.00,    0.00,    0.00,    0.00,    0.00,    0.00,    0.00, 2417.61,    3.61,    2.82,    0.00,    0.00,,,,,,,,,    6.66,    4.25,    0.00,    0.00,,,,,    8.24,    5.03,    0.00,    0.00,   18.51,   12.10,    0.00,    0.00,    0.89,    0.95,    0.00,    0.00,    0.00,    0.00,    0.00,    0.00,    0.00,    0.00,    0.00,    0.00,    0.00,    0.00,    0.00,    0.00,    0.00,    0.00,    0.00,    0.00,    0.00,    0.00,    0.00,    0.00,    0.00,    0.00,    0.00,    0.00,    0.00,    0.00,    0.00,    0.00,   30.60,   2418.53,     29.68,    872.76,      0.03,   3291.30,     29.71,   3321.01
2025-11-21,07:25:32.818,  661.66,    2.24,    0.00,    0.00,    0.00,    0.00,  872.56,    0.03,,,,, 1002.33,    4.51,    0.00,    0.00,,,,,  734.47,   12.50,    0.00,    0.00, 2398.47,   19.26,  872.56,    0.03,    1.00,    1.00,    0.00,    0.00,    0.00,    0.00,    0.00,    0.00,    0.00,    0.00,    0.00,    0.00,    0.00,    0.00,    0.00,    0.00,    0.00,    0.00,    0.00,    0.00,    0.00,    0.00,    0.00,    0.00,    0.00,    0.00,    0.00,    0.00,    0.00,    0.00,    0.00,    0.00, 2417.72,    3.69,    3.93,    0.00,    0.00,,,,,,,,,    6.16,    5.92,    0.00,    0.00,,,,,    7.00,    6.45,    0.00,    0.00,   16.85,   16.30,    0.00,    0.00,    0.89,    0.94,    0.00,    0.00,    0.00,    0.00,    0.00,    0.00,    0.00,    0.00,    0.00,    0.00,    0.00,    0.00,    0.00,    0.00,    0.00,    0.00,    0.00,    0.00,    0.00,    0.00,    0.00,    0.00,    0.00,    0.00,    0.00,    0.00,    0.00,    0.00,    0.00,    0.00,   33.15,   2415.32,     35.56,    872.56,      0.03,   3287.88,     35.59,   3323.46
2025-11-21,07:25:33.318,  663.17,    1.10,    0.00,    0.00,    0.00,    0.00,  871.28,    0.03,,,,, 1000.91,    2.42,    0.00,    0.00,,,,,  729.64,    9.49,    0.00,    0.00, 2393.72,   13.01,  871.28,    0.03,    1.00,    1.00,    0.00,    0.00,    0.00,    0.00,    0.00,    0.00,    0.00,    0.00,    0.00,    0.00,    0.00,    0.00,    0.00,    0.00,    0.00,    0.00,    0.00,    0.00,    0.00,    0.00,    0.00,    0.00,    0.00,    0.00,    0.00,    0.00,    0.00,    0.00,    0.00,    0.00, 2406.72,    1.60,    2.49,    0.00,    0.00,,,,,,,,,    2.04,    3.17,    0.00,    0.00,,,,,    2.16,    2.74,    0.00,    0.00,    5.80,    8.41,    0.00,    0.00,    0.76,    0.81,    0.00,    0.00,    0.00,    0.00,    0.00,    0.00,    0.00,    0.00,    0.00,    0.00,    0.00,    0.00,    0.00,    0.00,    0.00,    0.00,    0.00,    0.00,    0.00,    0.00,    0.00,    0.00,    0.00,    0.00,    0.00,    0.00,    0.00,    0.00,    0.00,    0.00,   14.21,   2399.52,     21.42,    871.28,      0.03,   3270.80,     21.44,   3292.24
2025-11-21,07:25:33.817,  665.82,    2.26,    0.00,    0.00,    0.00,    0.00,  871.72,    0.03,,,,, 1005.11,    4.76,    0.00,    0.00,,,,,  740.57,   14.24,    0.00,    0.00, 2411.50,   21.27,  871.72,    0.03,    1.00,    1.00,    0.00,    0.00,    0.00,    0.00,    0.00,    0.00,    0.00,    0.00,    0.00,    0.00,    0.00,    0.00,    0.00,    0.00,    0.00,    0.00,    0.00,    0.00,    0.00,    0.00,    0.00,    0.00,    0.00,    0.00,    0.00,    0.00,    0.00,    0.00,    0.00,    0.00, 2432.76,    2.08,    2.80,    0.00,    0.00,,,,,,,,,    2.94,    4.20,    0.00,    0.00,,,,,    6.84,    4.94,    0.00,    0.00,   11.86,   11.93,    0.00,    0.00,    0.81,    0.92,    0.00,    0.00,    0.00,    0.00,    0.00,    0.00,    0.00,    0.00,    0.00,    0.00,    0.00,    0.00,    0.00,    0.00,    0.00,    0.00,    0.00,    0.00,    0.00,    0.00,    0.00,    0.00,    0.00,    0.00,    0.00,    0.00,    0.00,    0.00,    0.00,    0.00,   23.79,   2423.35,     33.20,    871.72,      0.03,   3295.07,     33.23,   3328.30
2025-11-21,07:25:34.317,  664.03,    2.64,    0.00,    0.00,    0.00,    0.00,  870.93,    0.03,,,,, 1005.35,    5.63,    0.00,    0.00,,,,,  789.18,   77.16,    0.00,    0.00, 2458.56,   85.43,  870.93,    0.03,    1.00,    1.00,    0.00,    0.00,    0.00,    0.00,    0.00,    0.00,    0.00,    0.00,    0.00,    0.00,    0.00,    0.00,    0.00,    0.00,    0.00,    0.00,    0.00,    0.00,    0.00,    0.00,    0.00,    0.00,    0.00,    0.00,    0.00,    0.00,    0.00,    0.00,    0.00,    0.00, 2543.99,    3.30,    4.07,    0.00,    0.00,,,,,,,,,    4.91,    6.91,    0.00,    0.00,,,,,    9.65,   10.70,    0.00,    0.00,   17.85,   21.68,    0.00,    0.00,    0.88,    0.95,    0.00,    0.00,    0.00,    0.00,    0.00,    0.00,    0.00,    0.00,    0.00,    0.00,    0.00,    0.00,    0.00,    0.00,    0.00,    0.00,    0.00,    0.00,    0.00,    0.00,    0.00,    0.00,    0.00,    0.00,    0.00,    0.00,    0.00,    0.00,    0.00,    0.00,   39.54,   2476.41,    107.12,    870.93,      0.03,   3347.34,    107.15,   3454.48
2025-11-21,07:25:34.817,  665.87,    1.01,    0.00,    0.00,    0.00,    0.00,  871.94,    0.03,,,,, 1003.41,    2.27,    0.00,    0.00,,,,,  734.89,   15.06,    0.00,    0.00, 2404.17,   18.33,  871.94,    0.03,    1.00,    1.00,    0.00,    0.00,    0.00,    0.00,    0.00,    0.00,    0.00,    0.00,    0.00,    0.00,    0.00,    0.00,    0.00,    0.00,    0.00,    0.00,    0.00,    0.00,    0.00,    0.00,    0.00,    0.00,    0.00,    0.00,    0.00,    0.00,    0.00,    0.00,    0.00,    0.00, 2422.51,    2.30,    2.92,    0.00,    0.00,,,,,,,,,    3.06,    3.57,    0.00,    0.00,,,,,    4.81,    4.13,    0.00,    0.00,   10.17,   10.61,    0.00,    0.00,    0.83,    0.90,    0.00,    0.00,    0.00,    0.00,    0.00,    0.00,    0.00,    0.00,    0.00,    0.00,    0.00,    0.00,    0.00,    0.00,    0.00,    0.00,    0.00,    0.00,    0.00,    0.00,    0.00,    0.00,    0.00,    0.00,    0.00,    0.00,    0.00,    0.00,    0.00,    0.00,   20.79,   2414.35,     28.95,    871.94,      0.03,   3286.29,     28.98,   3315.26
2025-11-21,07:25:35.318,  664.93,    1.26,    0.00,    0.00,    0.00,    0.00,  872.50,    0.03,,,,, 1005.13,    2.92,    0.00,    0.00,,,,,  733.57,   14.73,    0.00,    0.00, 2403.63,   18.92,  872.50,    0.03,    1.00,    1.00,    0.00,    0.00,    0.00,    0.00,    0.00,    0.00,    0.00,    0.00,    0.00,    0.00,    0.00,    0.00,    0.00,    0.00,    0.00,    0.00,    0.00,    0.00,    0.00,    0.00,    0.00,    0.00,    0.00,    0.00,    0.00,    0.00,    0.00,    0.00,    0.00,    0.00, 2422.55,    6.11,    3.37,    0.00,    0.00,,,,,,,,,   13.10,    4.93,    0.00,    0.00,,,,,   18.93,    6.41,    0.00,    0.00,   38.14,   14.72,    0.00,    0.00,    0.94,    0.98,    0.00,    0.00,    0.00,    0.00,    0.00,    0.00,    0.00,    0.00,    0.00,    0.00,    0.00,    0.00,    0.00,    0.00,    0.00,    0.00,    0.00,    0.00,    0.00,    0.00,    0.00,    0.00,    0.00,    0.00,    0.00,    0.00,    0.00,    0.00,    0.00,    0.00,   52.85,   2441.77,     33.63,    872.50,      0.03,   3314.26,     33.66,   3347.93
2025-11-21,07:25:35.818,  663.04,    0.90,    0.00,    0.00,    0.00,    0.00,  872.29,    0.02,,,,, 1002.20,    1.95,    0.00,    0.00,,,,,  730.93,    9.92,    0.00,    0.00, 2396.16,   12.77,  872.29,    0.02,    1.00,    1.00,    0.00,    0.00,    0.00,    0.00,    0.00,    0.00,    0.00,    0.00,    0.00,    0.00,    0.00,    0.00,    0.00,    0.00,    0.00,    0.00,    0.00,    0.00,    0.00,    0.00,    0.00,    0.00,    0.00,    0.00,    0.00,    0.00,    0.00,    0.00,    0.00,    0.00, 2408.93,    1.58,    2.22,    0.00,    0.00,,,,,,,,,    2.08,    2.56,    0.00,    0.00,,,,,    2.67,    2.30,    0.00,    0.00,    6.34,    7.07,    0.00,    0.00,    0.75,    0.84,    0.00,    0.00,    0.00,    0.00,    0.00,    0.00,    0.00,    0.00,    0.00,    0.00,    0.00,    0.00,    0.00,    0.00,    0.00,    0.00,    0.00,    0.00,    0.00,    0.00,    0.00,    0.00,    0.00,    0.00,    0.00,    0.00,    0.00,    0.00,    0.00,    0.00,   13.41,   2402.49,     19.85,    872.29,      0.02,   3274.78,     19.87,   3294.65
2025-11-21,07:25:36.318,  661.47,    1.04,    0.00,    0.00,    0.00,    0.00,  869.75,    0.02,,,,,  997.70,    2.07,    0.00,    0.00,,,,,  730.83,    9.49,    0.00,    0.00, 2390.00,   12.60,  869.75,    0.02,    1.00,    1.00,    0.00,    0.00,    0.00,    0.00,    0.00,    0.00,    0.00,    0.00,    0.00,    0.00,    0.00,    0.00,    0.00,    0.00,    0.00,    0.00,    0.00,    0.00,    0.00,    0.00,    0.00,    0.00,    0.00,    0.00,    0.00,    0.00,    0.00,    0.00,    0.00,    0.00, 2402.60,    1.42,    2.01,    0.00,    0.00,,,,,,,,,    1.65,    2.26,    0.00,    0.00,,,,,    1.80,    1.83,    0.00,    0.00,    4.86,    6.11,    0.00,    0.00,    0.72,    0.77,    0.00,    0.00,    0.00,    0.00,    0.00,    0.00,    0.00,    0.00,    0.00,    0.00,    0.00,    0.00,    0.00,    0.00,    0.00,    0.00,    0.00,    0.00,    0.00,    0.00,    0.00,    0.00,    0.00,    0.00,    0.00,    0.00,    0.00,    0.00,    0.00,    0.00,   10.96,   2394.86,     18.71,    869.75,      0.02,   3264.61,     18.73,   3283.34
2025-11-21,07:25:36.818,  661.60,    2.15,    0.00,    0.00,    0.00,    0.00,  870.94,    0.02,,,,, 1002.17,    4.63,    0.00,    0.00,,,,,  742.01,   14.92,    0.00,    0.00, 2405.78,   21.69,  870.94,    0.02,    1.00,    1.00,    0.00,    0.00,    0.00,    0.00,    0.00,    0.00,    0.00,    0.00,    0.00,    0.00,    0.00,    0.00,    0.00,    0.00,    0.00,    0.00,    0.00,    0.00,    0.00,    0.00,    0.00,    0.00,    0.00,    0.00,    0.00,    0.00,    0.00,    0.00,    0.00,    0.00, 2427.48,    2.65,    2.88,    0.00,    0.00,,,,,,,,,    4.07,    4.07,    0.00,    0.00,,,,,    8.04,    5.02,    0.00,    0.00,   14.76,   11.97,    0.00,    0.00,    0.85,    0.94,    0.00,    0.00,    0.00,    0.00,    0.00,    0.00,    0.00,    0.00,    0.00,    0.00,    0.00,    0.00,    0.00,    0.00,    0.00,    0.00,    0.00,    0.00,    0.00,    0.00,    0.00,    0.00,    0.00,    0.00,    0.00,    0.00,    0.00,    0.00,    0.00,    0.00,   26.73,   2420.54,     33.67,    870.94,      0.02,   3291.48,     33.69,   3325.17
2025-11-21,07:25:37.318,  662.35,    1.01,    0.00,    0.00,    0.00,    0.00,  870.93,    0.02,,,,, 1000.34,    2.14,    0.00,    0.00,,,,,  728.43,    9.44,    0.00,    0.00, 2391.13,   12.59,  870.93,    0.02,    1.00,    1.00,    0.00,    0.00,    0.00,    0.00,    0.00,    0.00,    0.00,    0.00,    0.00,    0.00,    0.00,    0.00,    0.00,    0.00,    0.00,    0.00,    0.00,    0.00,    0.00,    0.00,    0.00,    0.00,    0.00,    0.00,    0.00,    0.00,    0.00,    0.00,    0.00,    0.00, 2403.72,    2.22,    2.26,    0.00,    0.00,    0.00,    0.00,    0.00,    0.00,,,,,    4.18,    3.02,    0.00,    0.00,,,,,    5.93,    3.24,    0.00,    0.00,   12.33,    8.52,    0.00,    0.00,    0.82,    0.92,    0.00,    0.00,    0.00,    0.00,    0.00,    0.00,    0.00,    0.00,    0.00,    0.00,    0.00,    0.00,    0.00,    0.00,    0.00,    0.00,    0.00,    0.00,    0.00,    0.00,    0.00,    0.00,    0.00,    0.00,    0.00,    0.00,    0.00,    0.00,    0.00,    0.00,   20.85,   2403.46,     21.11,    870.93,      0.02,   3274.39,     21.13,   3295.52
2025-11-21,07:25:37.818,  666.16,    2.21,    0.00,    0.00,    0.00,    0.00,  872.68,    0.03,,,,, 1004.70,    4.87,    0.00,    0.00,,,,,  731.98,   13.20,    0.00,    0.00, 2402.84,   20.28,  872.68,    0.03,    1.00,    1.00,    0.00,    0.00,    0.00,    0.00,    0.00,    0.00,    0.00,    0.00,    0.00,    0.00,    0.00,    0.00,    0.00,    0.00,    0.00,    0.00,    0.00,    0.00,    0.00,    0.00,    0.00,    0.00,    0.00,    0.00,    0.00,    0.00,    0.00,    0.00,    0.00,    0.00, 2423.12,    5.04,    3.84,    0.00,    0.00,,,,,,,,,    8.86,    5.82,    0.00,    0.00,,,,,   10.56,    6.81,    0.00,    0.00,   24.45,   16.47,    0.00,    0.00,    0.92,    0.96,    0.00,    0.00,    0.00,    0.00,    0.00,    0.00,    0.00,    0.00,    0.00,    0.00,    0.00,    0.00,    0.00,    0.00,    0.00,    0.00,    0.00,    0.00,    0.00,    0.00,    0.00,    0.00,    0.00,    0.00,    0.00,    0.00,    0.00,    0.00,    0.00,    0.00,   40.92,   2427.29,     36.75,    872.68,      0.03,   3299.97,     36.78,   3336.75
2025-11-21,07:25:38.317,  661.93,    1.00,    0.00,    0.00,    0.00,    0.00,  869.32,    0.02,,,,,  998.43,    2.34,    0.00,    0.00,,,,,  728.50,   10.19,    0.00,    0.00, 2388.85,   13.54,  869.32,    0.02,    1.00,    1.00,    0.00,    0.00,    0.00,    0.00,    0.00,    0.00,    0.00,    0.00,    0.00,    0.00,    0.00,    0.00,    0.00,    0.00,    0.00,    0.00,    0.00,    0.00,    0.00,    0.00,    0.00,    0.00,    0.00,    0.00,    0.00,    0.00,    0.00,    0.00,    0.00,    0.00, 2402.38,    1.89,    2.56,    0.00,    0.00,,,,,,,,,    2.27,    3.13,    0.00,    0.00,,,,,    2.17,    2.77,    0.00,    0.00,    6.32,    8.46,    0.00,    0.00,    0.79,    0.82,    0.00,    0.00,    0.00,    0.00,    0.00,    0.00,    0.00,    0.00,    0.00,    0.00,    0.00,    0.00,    0.00,    0.00,    0.00,    0.00,    0.00,    0.00,    0.00,    0.00,    0.00,    0.00,    0.00,    0.00,    0.00,    0.00,    0.00,    0.00,    0.00,    0.00,   14.78,   2395.17,     22.00,    869.32,      0.02,   3264.49,     22.02,   3286.51
2025-11-21,07:25:38.817,  663.72,    3.35,    0.00,    0.00,    0.00,    0.00,  873.10,    0.02,,,,, 1006.08,    7.28,    0.00,    0.00,,,,,  735.85,   15.63,    0.00,    0.00, 2405.66,   26.26,  873.10,    0.02,    1.00,    1.00,    0.00,    0.00,    0.00,    0.00,    0.00,    0.00,    0.00,    0.00,    0.00,    0.00,    0.00,    0.00,    0.00,    0.00,    0.00,    0.00,    0.00,    0.00,    0.00,    0.00,    0.00,    0.00,    0.00,    0.00,    0.00,    0.00,    0.00,    0.00,    0.00,    0.00, 2431.92,    3.55,    3.21,    0.00,    0.00,,,,,,,,,    6.60,    4.87,    0.00,    0.00,,,,,    7.68,    5.53,    0.00,    0.00,   17.84,   13.62,    0.00,    0.00,    0.89,    0.95,    0.00,    0.00,    0.00,    0.00,    0.00,    0.00,    0.00,    0.00,    0.00,    0.00,    0.00,    0.00,    0.00,    0.00,    0.00,    0.00,    0.00,    0.00,    0.00,    0.00,    0.00,    0.00,    0.00,    0.00,    0.00,    0.00,    0.00,    0.00,    0.00,    0.00,   31.46,   2423.50,     39.88,    873.10,      0.02,   3296.60,     39.91,   3336.51
2025-11-21,07:25:39.317,  668.80,    3.53,    0.00,    0.00,    0.00,    0.00,  872.34,    0.02,,,,, 1012.78,    7.35,    0.00,    0.00,,,,,  788.30,   75.32,    0.00,    0.00, 2469.88,   86.19,  872.34,    0.02,    1.00,    1.00,    0.00,    0.00,    0.00,    0.00,    0.00,    0.00,    0.00,    0.00,    0.00,    0.00,    0.00,    0.00,    0.00,    0.00,    0.00,    0.00,    0.00,    0.00,    0.00,    0.00,    0.00,    0.00,    0.00,    0.00,    0.00,    0.00,    0.00,    0.00,    0.00,    0.00, 2556.08,    3.64,    4.71,    0.00,    0.00,,,,,,,,,    5.65,    8.35,    0.00,    0.00,,,,,   10.75,   12.63,    0.00,    0.00,   20.04,   25.70,    0.00,    0.00,    0.89,    0.95,    0.00,    0.00,    0.00,    0.00,    0.00,    0.00,    0.00,    0.00,    0.00,    0.00,    0.00,    0.00,    0.00,    0.00,    0.00,    0.00,    0.00,    0.00,    0.00,    0.00,    0.00,    0.00,    0.00,    0.00,    0.00,    0.00,    0.00,    0.00,    0.00,    0.00,   45.74,   2489.92,    111.90,    872.34,      0.02,   3362.26,    111.92,   3474.18
2025-11-21,07:25:39.817,  663.54,    1.98,    0.00,    0.00,    0.00,    0.00,  873.50,    0.03,,,,, 1004.76,    4.24,    0.00,    0.00,,,,,  745.82,   17.10,    0.00,    0.00, 2414.12,   23.32,  873.50,    0.03,    1.00,    1.00,    0.00,    0.00,    0.00,    0.00,    0.00,    0.00,    0.00,    0.00,    0.00,    0.00,    0.00,    0.00,    0.00,    0.00,    0.00,    0.00,    0.00,    0.00,    0.00,    0.00,    0.00,    0.00,    0.00,    0.00,    0.00,    0.00,    0.00,    0.00,    0.00,    0.00, 2437.44,    2.64,    2.91,    0.00,    0.00,,,,,,,,,    3.89,    3.85,    0.00,    0.00,,,,,    8.08,    4.90,    0.00,    0.00,   14.61,   11.66,    0.00,    0.00,    0.85,    0.94,    0.00,    0.00,    0.00,    0.00,    0.00,    0.00,    0.00,    0.00,    0.00,    0.00,    0.00,    0.00,    0.00,    0.00,    0.00,    0.00,    0.00,    0.00,    0.00,    0.00,    0.00,    0.00,    0.00,    0.00,    0.00,    0.00,    0.00,    0.00,    0.00,    0.00,   26.27,   2428.73,     34.98,    873.50,      0.03,   3302.23,     35.01,   3337.24
2025-11-21,07:25:40.318,  663.57,    1.03,    0.00,    0.00,    0.00,    0.00,  872.71,    0.03,,,,, 1003.47,    2.12,    0.00,    0.00,,,,,  730.68,   10.29,    0.00,    0.00, 2397.73,   13.43,  872.71,    0.03,    1.00,    1.00,    0.00,    0.00,    0.00,    0.00,    0.00,    0.00,    0.00,    0.00,    0.00,    0.00,    0.00,    0.00,    0.00,    0.00,    0.00,    0.00,    0.00,    0.00,    0.00,    0.00,    0.00,    0.00,    0.00,    0.00,    0.00,    0.00,    0.00,    0.00,    0.00,    0.00, 2411.16,    1.44,    2.06,    0.00,    0.00,,,,,,,,,    1.90,    2.43,    0.00,    0.00,,,,,    2.19,    2.09,    0.00,    0.00,    5.53,    6.57,    0.00,    0.00,    0.73,    0.81,    0.00,    0.00,    0.00,    0.00,    0.00,    0.00,    0.00,    0.00,    0.00,    0.00,    0.00,    0.00,    0.00,    0.00,    0.00,    0.00,    0.00,    0.00,    0.00,    0.00,    0.00,    0.00,    0.00,    0.00,    0.00,    0.00,    0.00,    0.00,    0.00,    0.00,   12.10,   2403.26,     20.01,    872.71,      0.03,   3275.96,     20.03,   3296.00
2025-11-21,07:25:40.818,  663.46,    1.07,    0.00,    0.00,    0.00,    0.00,  871.97,    0.03,,,,, 1001.65,    2.08,    0.00,    0.00,,,,,  731.86,   10.08,    0.00,    0.00, 2396.98,   13.23,  871.97,    0.03,    1.00,    1.00,    0.00,    0.00,    0.00,    0.00,    0.00,    0.00,    0.00,    0.00,    0.00,    0.00,    0.00,    0.00,    0.00,    0.00,    0.00,    0.00,    0.00,    0.00,    0.00,    0.00,    0.00,    0.00,    0.00,    0.00,    0.00,    0.00,    0.00,    0.00,    0.00,    0.00, 2410.21,    1.50,    2.47,    0.00,    0.00,,,,,,,,,    2.00,    2.89,    0.00,    0.00,,,,,    2.89,    2.64,    0.00,    0.00,    6.39,    7.99,    0.00,    0.00,    0.74,    0.84,    0.00,    0.00,    0.00,    0.00,    0.00,    0.00,    0.00,    0.00,    0.00,    0.00,    0.00,    0.00,    0.00,    0.00,    0.00,    0.00,    0.00,    0.00,    0.00,    0.00,    0.00,    0.00,    0.00,    0.00,    0.00,    0.00,    0.00,    0.00,    0.00,    0.00,   14.38,   2403.37,     21.22,    871.97,      0.03,   3275.35,     21.25,   3296.59
2025-11-21,07:25:41.318,  662.65,    0.88,    0.00,    0.00,    0.00,    0.00,  871.94,    0.03,,,,, 1002.32,    1.93,    0.00,    0.00,,,,,  729.31,    9.54,    0.00,    0.00, 2394.28,   12.35,  871.94,    0.03,    1.00,    1.00,    0.00,    0.00,    0.00,    0.00,    0.00,    0.00,    0.00,    0.00,    0.00,    0.00,    0.00,    0.00,    0.00,    0.00,    0.00,    0.00,    0.00,    0.00,    0.00,    0.00,    0.00,    0.00,    0.00,    0.00,    0.00,    0.00,    0.00,    0.00,    0.00,    0.00, 2406.64,    1.52,    2.04,    0.00,    0.00,,,,,,,,,    2.05,    2.40,    0.00,    0.00,,,,,    2.07,    1.98,    0.00,    0.00,    5.64,    6.42,    0.00,    0.00,    0.74,    0.81,    0.00,    0.00,    0.00,    0.00,    0.00,    0.00,    0.00,    0.00,    0.00,    0.00,    0.00,    0.00,    0.00,    0.00,    0.00,    0.00,    0.00,    0.00,    0.00,    0.00,    0.00,    0.00,    0.00,    0.00,    0.00,    0.00,    0.00,    0.00,    0.00,    0.00,   12.06,   2399.92,     18.77,    871.94,      0.03,   3271.86,     18.80,   3290.66
2025-11-21,07:25:41.818,  661.47,    0.94,    0.00,    0.00,    0.00,    0.00,  872.30,    0.04,,,,, 1001.69,    1.99,    0.00,    0.00,,,,,  731.40,    9.85,    0.00,    0.00, 2394.57,   12.77,  872.30,    0.04,    1.00,    1.00,    0.00,    0.00,    0.00,    0.00,    0.00,    0.00,    0.00,    0.00,    0.00,    0.00,    0.00,    0.00,    0.00,    0.00,    0.00,    0.00,    0.00,    0.00,    0.00,    0.00,    0.00,    0.00,    0.00,    0.00,    0.00,    0.00,    0.00,    0.00,    0.00,    0.00, 2407.34,    1.54,    2.27,    0.00,    0.00,,,,,,,,,    1.99,    2.71,    0.00,    0.00,,,,,    2.40,    2.52,    0.00,    0.00,    5.93,    7.50,    0.00,    0.00,    0.75,    0.82,    0.00,    0.00,    0.00,    0.00,    0.00,    0.00,    0.00,    0.00,    0.00,    0.00,    0.00,    0.00,    0.00,    0.00,    0.00,    0.00,    0.00,    0.00,    0.00,    0.00,    0.00,    0.00,    0.00,    0.00,    0.00,    0.00,    0.00,    0.00,    0.00,    0.00,   13.43,   2400.50,     20.27,    872.30,      0.04,   3272.81,     20.30,   3293.11
2025-11-21,07:25:42.318,  663.40,    1.73,    0.00,    0.00,    0.00,    0.00,  871.47,    0.03,,,,, 1002.53,    3.68,    0.00,    0.00,,,,,  733.28,   11.27,    0.00,    0.00, 2399.21,   16.68,  871.47,    0.03,    1.00,    1.00,    0.00,    0.00,    0.00,    0.00,    0.00,    0.00,    0.00,    0.00,    0.00,    0.00,    0.00,    0.00,    0.00,    0.00,    0.00,    0.00,    0.00,    0.00,    0.00,    0.00,    0.00,    0.00,    0.00,    0.00,    0.00,    0.00,    0.00,    0.00,    0.00,    0.00, 2415.89,    2.29,    2.34,    0.00,    0.00,,,,,,,,,    3.63,    3.20,    0.00,    0.00,,,,,    4.45,    3.19,    0.00,    0.00,   10.37,    8.72,    0.00,    0.00,    0.83,    0.90,    0.00,    0.00,    0.00,    0.00,    0.00,    0.00,    0.00,    0.00,    0.00,    0.00,    0.00,    0.00,    0.00,    0.00,    0.00,    0.00,    0.00,    0.00,    0.00,    0.00,    0.00,    0.00,    0.00,    0.00,    0.00,    0.00,    0.00,    0.00,    0.00,    0.00,   19.10,   2409.58,     25.40,    871.47,      0.03,   3281.05,     25.43,   3306.48
2025-11-21,07:25:42.818,  665.18,    2.22,    0.00,    0.00,    0.00,    0.00,  872.74,    0.03,,,,, 1004.34,    4.83,    0.00,    0.00,,,,,  744.37,   14.52,    0.00,    0.00, 2413.89,   21.57,  872.74,    0.03,    1.00,    1.00,    0.00,    0.00,    0.00,    0.00,    0.00,    0.00,    0.00,    0.00,    0.00,    0.00,    0.00,    0.00,    0.00,    0.00,    0.00,    0.00,    0.00,    0.00,    0.00,    0.00,    0.00,    0.00,    0.00,    0.00,    0.00,    0.00,    0.00,    0.00,    0.00,    0.00, 2435.46,    2.20,    2.86,    0.00,    0.00,,,,,,,,,    3.26,    4.21,    0.00,    0.00,,,,,    7.00,    5.22,    0.00,    0.00,   12.46,   12.29,    0.00,    0.00,    0.82,    0.92,    0.00,    0.00,    0.00,    0.00,    0.00,    0.00,    0.00,    0.00,    0.00,    0.00,    0.00,    0.00,    0.00,    0.00,    0.00,    0.00,    0.00,    0.00,    0.00,    0.00,    0.00,    0.00,    0.00,    0.00,    0.00,    0.00,    0.00,    0.00,    0.00,    0.00,   24.75,   2426.35,     33.86,    872.74,      0.03,   3299.09,     33.89,   3332.98
2025-11-21,07:25:43.318,  662.58,    1.36,    0.00,    0.00,    0.00,    0.00,  870.02,    0.05,,,,, 1001.64,    2.88,    0.00,    0.00,,,,,  731.87,   11.08,    0.00,    0.00, 2396.09,   15.33,  870.02,    0.05,    1.00,    1.00,    0.00,    0.00,    0.00,    0.00,    0.00,    0.00,    0.00,    0.00,    0.00,    0.00,    0.00,    0.00,    0.00,    0.00,    0.00,    0.00,    0.00,    0.00,    0.00,    0.00,    0.00,    0.00,    0.00,    0.00,    0.00,    0.00,    0.00,    0.00,    0.00,    0.00, 2411.42,    2.30,    2.70,    0.00,    0.00,,,,,,,,,    3.20,    3.64,    0.00,    0.00,,,,,    3.72,    3.76,    0.00,    0.00,    9.22,   10.11,    0.00,    0.00,    0.83,    0.89,    0.00,    0.00,    0.00,    0.00,    0.00,    0.00,    0.00,    0.00,    0.00,    0.00,    0.00,    0.00,    0.00,    0.00,    0.00,    0.00,    0.00,    0.00,    0.00,    0.00,    0.00,    0.00,    0.00,    0.00,    0.00,    0.00,    0.00,    0.00,    0.00,    0.00,   19.33,   2405.32,     25.44,    870.02,      0.05,   3275.33,     25.49,   3300.82
2025-11-21,07:25:43.819,  664.15,    1.07,    0.00,    0.00,    0.00,    0.00,  871.26,    0.03,,,,, 1001.49,    2.21,    0.00,    0.00,,,,,  729.68,    9.26,    0.00,    0.00, 2395.33,   12.54,  871.26,    0.03,    1.00,    1.00,    0.00,    0.00,    0.00,    0.00,    0.00,    0.00,    0.00,    0.00,    0.00,    0.00,    0.00,    0.00,    0.00,    0.00,    0.00,    0.00,    0.00,    0.00,    0.00,    0.00,    0.00,    0.00,    0.00,    0.00,    0.00,    0.00,    0.00,    0.00,    0.00,    0.00, 2407.87,    1.32,    2.12,    0.00,    0.00,,,,,,,,,    1.69,    2.65,    0.00,    0.00,,,,,    2.15,    2.60,    0.00,    0.00,    5.16,    7.38,    0.00,    0.00,    0.70,    0.80,    0.00,    0.00,    0.00,    0.00,    0.00,    0.00,    0.00,    0.00,    0.00,    0.00,    0.00,    0.00,    0.00,    0.00,    0.00,    0.00,    0.00,    0.00,    0.00,    0.00,    0.00,    0.00,    0.00,    0.00,    0.00,    0.00,    0.00,    0.00,    0.00,    0.00,   12.53,   2400.49,     19.92,    871.26,      0.03,   3271.74,     19.94,   3291.68
2025-11-21,07:25:44.319,  668.50,    2.86,    0.00,    0.00,    0.00,    0.00,  873.35,    0.03,,,,, 1009.91,    6.42,    0.00,    0.00,,,,,  788.93,   76.73,    0.00,    0.00, 2467.34,   86.01,  873.35,    0.03,    1.00,    1.00,    0.00,    0.00,    0.00,    0.00,    0.00,    0.00,    0.00,    0.00,    0.00,    0.00,    0.00,    0.00,    0.00,    0.00,    0.00,    0.00,    0.00,    0.00,    0.00,    0.00,    0.00,    0.00,    0.00,    0.00,    0.00,    0.00,    0.00,    0.00,    0.00,    0.00, 2553.35,    4.38,    5.31,    0.00,    0.00,,,,,,,,,    7.41,    9.63,    0.00,    0.00,,,,,   13.48,   14.80,    0.00,    0.00,   25.27,   29.74,    0.00,    0.00,    0.91,    0.96,    0.00,    0.00,    0.00,    0.00,    0.00,    0.00,    0.00,    0.00,    0.00,    0.00,    0.00,    0.00,    0.00,    0.00,    0.00,    0.00,    0.00,    0.00,    0.00,    0.00,    0.00,    0.00,    0.00,    0.00,    0.00,    0.00,    0.00,    0.00,    0.00,    0.00,   55.01,   2492.61,    115.74,    873.35,      0.03,   3365.96,    115.78,   3481.74
2025-11-21,07:25:44.820,  652.29,    2.98,    0.00,    0.00,    0.00,    0.00,  852.90,    0.03,,,,,  989.74,    5.61,    0.00,    0.00,,,,,  724.24,   15.40,    0.00,    0.00, 2366.28,   23.99,  852.90,    0.03,    1.00,    1.00,    0.00,    0.00,    0.00,    0.00,    0.00,    0.00,    0.00,    0.00,    0.00,    0.00,    0.00,    0.00,    0.00,    0.00,    0.00,    0.00,    0.00,    0.00,    0.00,    0.00,    0.00,    0.00,    0.00,    0.00,    0.00,    0.00,    0.00,    0.00,    0.00,    0.00, 2390.26,    4.69,    3.87,    0.00,    0.00,,,,,,,,,    8.29,    5.13,    0.00,    0.00,,,,,   10.99,    8.15,    0.00,    0.00,   23.97,   17.15,    0.00,    0.00,    0.92,    0.96,    0.00,    0.00,    0.00,    0.00,    0.00,    0.00,    0.00,    0.00,    0.00,    0.00,    0.00,    0.00,    0.00,    0.00,    0.00,    0.00,    0.00,    0.00,    0.00,    0.00,    0.00,    0.00,    0.00,    0.00,    0.00,    0.00,    0.00,    0.00,    0.00,    0.00,   41.12,   2390.25,     41.14,    852.90,      0.03,   3243.15,     41.17,   3284.32
2025-11-21,07:25:45.320,  641.41,    1.11,    0.00,    0.00,    0.00,    0.00,  833.91,    0.03,,,,,  968.75,    2.10,    0.00,    0.00,,,,,  707.61,    9.91,    0.00,    0.00, 2317.77,   13.13,  833.91,    0.03,    1.00,    1.00,    0.00,    0.00,    0.00,    0.00,    0.00,    0.00,    0.00,    0.00,    0.00,    0.00,    0.00,    0.00,    0.00,    0.00,    0.00,    0.00,    0.00,    0.00,    0.00,    0.00,    0.00,    0.00,    0.00,    0.00,    0.00,    0.00,    0.00,    0.00,    0.00,    0.00, 2330.90,    1.97,    2.69,    0.00,    0.00,,,,,,,,,    2.59,    2.85,    0.00,    0.00,,,,,    5.90,    7.77,    0.00,    0.00,   10.46,   13.31,    0.00,    0.00,    0.80,    0.91,    0.00,    0.00,    0.00,    0.00,    0.00,    0.00,    0.00,    0.00,    0.00,    0.00,    0.00,    0.00,    0.00,    0.00,    0.00,    0.00,    0.00,    0.00,    0.00,    0.00,    0.00,    0.00,    0.00,    0.00,    0.00,    0.00,    0.00,    0.00,    0.00,    0.00,   23.76,   2328.23,     26.43,    833.91,      0.03,   3162.14,     26.46,   3188.60
2025-11-21,07:25:45.820,  637.80,    2.15,    0.00,    0.00,    0.00,    0.00,  829.41,    0.03,,,,,  966.79,    4.41,    0.00,    0.00,,,,,  718.14,   15.13,    0.00,    0.00, 2322.73,   21.69,  829.41,    0.03,    1.00,    1.00,    0.00,    0.00,    0.00,    0.00,    0.00,    0.00,    0.00,    0.00,    0.00,    0.00,    0.00,    0.00,    0.00,    0.00,    0.00,    0.00,    0.00,    0.00,    0.00,    0.00,    0.00,    0.00,    0.00,    0.00,    0.00,    0.00,    0.00,    0.00,    0.00,    0.00, 2344.42,    2.98,    3.40,    0.00,    0.00,,,,,,,,,    4.85,    4.37,    0.00,    0.00,,,,,   13.01,   10.94,    0.00,    0.00,   20.84,   18.71,    0.00,    0.00,    0.87,    0.96,    0.00,    0.00,    0.00,    0.00,    0.00,    0.00,    0.00,    0.00,    0.00,    0.00,    0.00,    0.00,    0.00,    0.00,    0.00,    0.00,    0.00,    0.00,    0.00,    0.00,    0.00,    0.00,    0.00,    0.00,    0.00,    0.00,    0.00,    0.00,    0.00,    0.00,   39.55,   2343.57,     40.40,    829.41,      0.03,   3172.99,     40.43,   3213.41
2025-11-21,07:25:46.320,  419.60,    1.07,    0.00,    0.00,    0.00,    0.00,  536.29,   34.50,,,,,  641.57,    2.29,    0.00,    0.00,,,,,  476.94,    5.17,    0.00,    0.00, 1538.11,    8.53,  536.29,   34.50,    1.00,    1.00,    0.00,    0.00,    0.00,    0.00,    0.00,    0.00,    0.00,    0.00,    0.00,    0.00,    0.00,    0.00,    0.00,    0.00,    0.00,    0.00,    0.00,    0.00,    0.00,    0.00,    0.00,    0.00,    0.00,    0.00,    0.00,    0.00,    0.00,    0.00,    0.00,    0.00, 1546.64,    2.46,    3.71,    0.00,    0.00,,,,,,,,,    2.84,    3.71,    0.00,    0.00,,,,,    5.12,    6.16,    0.00,    0.00,   10.42,   13.58,    0.00,    0.00,    0.84,    0.90,    0.00,    0.00,    0.00,    0.00,    0.00,    0.00,    0.00,    0.00,    0.00,    0.00,    0.00,    0.00,    0.00,    0.00,    0.00,    0.00,    0.00,    0.00,    0.00,    0.00,    0.00,    0.00,    0.00,    0.00,    0.00,    0.00,    0.00,    0.00,    0.00,    0.00,   24.00,   1548.53,     22.11,    536.29,     34.50,   2084.82,     56.61,   2141.43
2025-11-21,07:25:46.820,  493.19,    1.19,    0.00,    0.00,    0.00,    0.00,    0.00, 2105.06,,,,,  894.34,    1.98,    0.00,    0.00,,,,,  727.07,    3.31,    0.00,    0.00, 2114.61,    6.48,    0.00, 2105.06,    1.00,    1.00,    0.00,    0.00,    0.00,    0.00,    0.00,    0.00,    0.00,    0.00,    0.00,    0.00,    0.00,    0.00,    0.00,    0.00,    0.00,    0.00,    0.00,    0.00,    0.00,    0.00,    0.00,    0.00,    0.00,    0.00,    0.00,    0.00,    0.00,    0.00,    0.00,    0.00, 2121.09,    1.83,    2.20,    0.00,    0.00,,,,,,,,,    2.37,    2.70,    0.00,    0.00,,,,,    4.10,    4.49,    0.00,    0.00,    8.31,    9.39,    0.00,    0.00,    0.79,    0.89,    0.00,    0.00,    0.00,    0.00,    0.00,    0.00,    0.00,    0.00,    0.00,    0.00,    0.00,    0.00,    0.00,    0.00,    0.00,    0.00,    0.00,    0.00,    0.00,    0.00,    0.00,    0.00,    0.00,    0.00,    0.00,    0.00,    0.00,    0.00,    0.00,    0.00,   17.70,   2122.92,     15.87,      0.00,   2105.06,   2122.92,   2120.93,   4243.85
2025-11-21,07:25:47.319,  506.04,    1.34,    0.00,    0.00,    0.00,    0.00,    0.00, 2113.38,,,,,  916.95,    2.55,    0.00,    0.00,,,,,  705.43,    5.13,    0.00,    0.00, 2128.42,    9.01,    0.00, 2113.38,    1.00,    1.00,    0.00,    0.00,    0.00,    0.00,    0.00,    0.00,    0.00,    0.00,    0.00,    0.00,    0.00,    0.00,    0.00,    0.00,    0.00,    0.00,    0.00,    0.00,    0.00,    0.00,    0.00,    0.00,    0.00,    0.00,    0.00,    0.00,    0.00,    0.00,    0.00,    0.00, 2137.43,    2.58,    2.45,    0.00,    0.00,,,,,,,,,    3.55,    3.66,    0.00,    0.00,,,,,    6.59,    6.50,    0.00,    0.00,   12.72,   12.61,    0.00,    0.00,    0.85,    0.92,    0.00,    0.00,    0.00,    0.00,    0.00,    0.00,    0.00,    0.00,    0.00,    0.00,    0.00,    0.00,    0.00,    0.00,    0.00,    0.00,    0.00,    0.00,    0.00,    0.00,    0.00,    0.00,    0.00,    0.00,    0.00,    0.00,    0.00,    0.00,    0.00,    0.00,   25.33,   2141.13,     21.63,      0.00,   2113.38,   2141.13,   2135.01,   4276.14
2025-11-21,07:25:47.820,  239.79,    2.91,    0.00,    0.00,    0.00,    0.00,    0.00,  973.97,,,,,  442.34,   10.58,    0.00,    0.00,,,,,  817.04,  245.79,    0.00,    0.00, 1499.17,  259.28,    0.00,  973.97,    1.00,    1.00,    0.00,    0.00,    0.00,    0.00,    0.00,    0.00,    0.00,    0.00,    0.00,    0.00,    0.00,    0.00,    0.00,    0.00,    0.00,    0.00,    0.00,    0.00,    0.00,    0.00,    0.00,    0.00,    0.00,    0.00,    0.00,    0.00,    0.00,    0.00,    0.00,    0.00, 1758.46,    3.38,    4.38,    0.00,    0.00,,,,,,,,,    5.30,    6.99,    0.00,    0.00,,,,,   13.17,   11.16,    0.00,    0.00,   21.85,   22.53,    0.00,    0.00,    0.88,    0.96,    0.00,    0.00,    0.00,    0.00,    0.00,    0.00,    0.00,    0.00,    0.00,    0.00,    0.00,    0.00,    0.00,    0.00,    0.00,    0.00,    0.00,    0.00,    0.00,    0.00,    0.00,    0.00,    0.00,    0.00,    0.00,    0.00,    0.00,    0.00,    0.00,    0.00,   44.38,   1521.02,    281.81,      0.00,    973.97,   1521.02,   1255.78,   2776.80
